# odom_ml.route_map/1  frame=UTM zone 37N (WGS84)  columns=x,y,z,s
# s is recomputed by PathMap::finalise; heading/grade/curvature are derived there too
# Reverse direction, same frame as the source. Generated by tools/build_reverse_map.py; PathMap::finalise() recomputes s, heading, grade and curvature from the geometry.
399121.256,6187499.950,172.125,0.000
399122.182,6187499.570,172.136,1.001
399123.108,6187499.190,172.148,2.002
399124.034,6187498.820,172.159,2.999
399124.960,6187498.440,172.170,4.000
399125.886,6187498.060,172.181,5.001
399126.812,6187497.690,172.193,5.998
399127.738,6187497.310,172.204,6.999
399128.665,6187496.930,172.215,8.001
399129.591,6187496.560,172.227,8.998
399130.517,6187496.180,172.238,9.999
399131.443,6187495.800,172.249,11.000
399132.370,6187495.430,172.260,11.998
399133.296,6187495.050,172.272,12.999
399134.223,6187494.680,172.283,13.997
399135.149,6187494.300,172.294,14.998
399136.076,6187493.920,172.305,16.000
399137.003,6187493.550,172.316,16.998
399137.929,6187493.170,172.327,17.999
399138.856,6187492.800,172.338,18.997
399139.782,6187492.420,172.349,19.998
399140.710,6187492.050,172.360,20.997
399141.637,6187491.670,172.371,21.999
399142.565,6187491.300,172.381,22.998
399143.493,6187490.930,172.392,23.997
399144.420,6187490.550,172.402,24.999
399145.348,6187490.180,172.413,25.998
399146.275,6187489.810,172.424,26.996
399147.203,6187489.430,172.434,27.999
399148.131,6187489.060,172.445,28.998
399149.058,6187488.690,172.455,29.996
399149.986,6187488.320,172.465,30.995
399150.913,6187487.940,172.475,31.997
399151.841,6187487.570,172.485,32.996
399152.768,6187487.190,172.495,33.998
399153.696,6187486.820,172.506,34.997
399154.623,6187486.450,172.516,35.995
399155.551,6187486.070,172.526,36.998
399156.479,6187485.700,172.536,37.997
399157.405,6187485.330,172.545,38.994
399158.331,6187484.950,172.554,39.995
399159.257,6187484.570,172.564,40.996
399160.183,6187484.190,172.573,41.997
399161.109,6187483.820,172.582,42.994
399162.035,6187483.440,172.591,43.995
399162.961,6187483.060,172.601,44.996
399163.887,6187482.690,172.610,45.993
399164.813,6187482.310,172.619,46.994
399165.739,6187481.930,172.628,47.995
399166.665,6187481.550,172.637,48.996
399167.591,6187481.180,172.645,49.993
399168.518,6187480.800,172.654,50.995
399169.444,6187480.420,172.662,51.996
399170.370,6187480.050,172.670,52.993
399171.296,6187479.670,172.679,53.994
399172.223,6187479.300,172.687,54.992
399173.149,6187478.920,172.696,55.993
399174.075,6187478.540,172.704,56.994
399175.001,6187478.170,172.712,57.991
399175.928,6187477.790,172.720,58.993
399176.854,6187477.410,172.727,59.994
399177.780,6187477.040,172.735,60.991
399178.706,6187476.660,172.743,61.992
399179.633,6187476.280,172.750,62.994
399180.559,6187475.910,172.758,63.991
399181.485,6187475.530,172.766,64.992
399182.411,6187475.150,172.773,65.993
399183.338,6187474.780,172.781,66.991
399184.264,6187474.400,172.788,67.992
399185.190,6187474.020,172.795,68.993
399186.116,6187473.650,172.802,69.990
399187.042,6187473.270,172.809,70.991
399187.968,6187472.890,172.816,71.992
399188.894,6187472.510,172.823,72.993
399189.820,6187472.140,172.830,73.990
399190.746,6187471.760,172.837,74.991
399191.672,6187471.380,172.844,75.992
399192.597,6187471.000,172.851,76.992
399193.521,6187470.620,172.857,77.991
399194.445,6187470.240,172.864,78.990
399195.369,6187469.860,172.871,79.989
399196.294,6187469.480,172.877,80.989
399197.218,6187469.100,172.884,81.988
399198.142,6187468.710,172.890,82.991
399199.068,6187468.340,172.897,83.988
399199.993,6187467.960,172.903,84.989
399200.919,6187467.580,172.909,85.989
399201.844,6187467.200,172.916,86.989
399202.770,6187466.820,172.922,87.990
399203.697,6187466.450,172.928,88.989
399204.624,6187466.070,172.934,89.990
399205.551,6187465.700,172.940,90.988
399206.479,6187465.330,172.946,91.988
399207.406,6187464.950,172.953,92.989
399208.333,6187464.580,172.959,93.987
399209.260,6187464.200,172.965,94.989
399210.187,6187463.830,172.971,95.987
399211.115,6187463.450,172.977,96.990
399212.042,6187463.080,172.983,97.988
399212.969,6187462.710,172.989,98.986
399213.897,6187462.330,172.995,99.989
399214.824,6187461.960,173.000,100.987
399215.751,6187461.590,173.006,101.985
399216.679,6187461.210,173.012,102.988
399217.606,6187460.840,173.018,103.986
399218.534,6187460.460,173.024,104.989
399219.461,6187460.090,173.029,105.987
399220.388,6187459.720,173.035,106.985
399221.315,6187459.340,173.041,107.987
399222.242,6187458.970,173.046,108.985
399223.169,6187458.590,173.052,109.987
399224.096,6187458.220,173.057,110.985
399225.023,6187457.840,173.063,111.987
399225.950,6187457.470,173.069,112.985
399226.877,6187457.090,173.074,113.987
399227.804,6187456.720,173.080,114.985
399228.731,6187456.340,173.085,115.987
399229.658,6187455.970,173.091,116.985
399230.585,6187455.590,173.096,117.987
399231.511,6187455.220,173.101,118.984
399232.438,6187454.840,173.107,119.986
399233.365,6187454.470,173.112,120.984
399234.292,6187454.090,173.117,121.986
399235.218,6187453.720,173.123,122.983
399236.145,6187453.340,173.128,123.985
399237.072,6187452.970,173.133,124.983
399237.998,6187452.590,173.139,125.984
399238.925,6187452.220,173.144,126.982
399239.852,6187451.840,173.149,127.984
399240.778,6187451.460,173.154,128.985
399241.705,6187451.090,173.159,129.983
399242.632,6187450.710,173.165,130.985
399243.559,6187450.340,173.170,131.983
399244.485,6187449.960,173.175,132.984
399245.412,6187449.590,173.180,133.982
399246.339,6187449.210,173.185,134.984
399247.265,6187448.840,173.190,135.981
399248.192,6187448.460,173.195,136.983
399249.119,6187448.090,173.200,137.981
399250.046,6187447.710,173.205,138.983
399250.973,6187447.340,173.210,139.981
399251.900,6187446.960,173.215,140.983
399252.827,6187446.590,173.220,141.981
399253.754,6187446.210,173.225,142.983
399254.681,6187445.840,173.230,143.981
399255.608,6187445.460,173.235,144.983
399256.534,6187445.090,173.240,145.980
399257.461,6187444.710,173.245,146.982
399258.387,6187444.340,173.250,147.979
399259.314,6187443.960,173.255,148.981
399260.240,6187443.580,173.259,149.982
399261.167,6187443.210,173.264,150.980
399262.093,6187442.830,173.269,151.981
399263.020,6187442.460,173.274,152.979
399263.946,6187442.080,173.279,153.980
399264.873,6187441.700,173.283,154.982
399265.800,6187441.330,173.288,155.980
399266.727,6187440.950,173.293,156.982
399267.653,6187440.580,173.297,157.979
399268.580,6187440.200,173.302,158.981
399269.507,6187439.830,173.307,159.979
399270.434,6187439.450,173.311,160.981
399271.361,6187439.080,173.316,161.979
399272.287,6187438.700,173.321,162.980
399273.214,6187438.330,173.325,163.978
399274.141,6187437.950,173.330,164.980
399275.068,6187437.580,173.334,165.978
399275.995,6187437.200,173.339,166.980
399276.922,6187436.830,173.343,167.978
399277.848,6187436.450,173.348,168.979
399278.775,6187436.080,173.352,169.977
399279.702,6187435.700,173.357,170.979
399280.629,6187435.330,173.361,171.977
399281.556,6187434.950,173.366,172.979
399282.482,6187434.580,173.370,173.976
399283.409,6187434.200,173.374,174.978
399284.335,6187433.820,173.379,175.979
399285.262,6187433.450,173.383,176.977
399286.188,6187433.070,173.387,177.978
399287.115,6187432.700,173.391,178.976
399288.041,6187432.320,173.396,179.977
399288.968,6187431.940,173.400,180.979
399289.894,6187431.570,173.404,181.976
399290.820,6187431.190,173.408,182.977
399291.747,6187430.810,173.412,183.979
399292.673,6187430.440,173.416,184.976
399293.599,6187430.060,173.420,185.977
399294.525,6187429.680,173.424,186.978
399295.451,6187429.310,173.428,187.975
399296.377,6187428.930,173.432,188.976
399297.304,6187428.550,173.436,189.978
399298.230,6187428.180,173.440,190.975
399299.156,6187427.800,173.444,191.976
399300.082,6187427.420,173.448,192.977
399301.008,6187427.050,173.452,193.974
399301.934,6187426.670,173.456,194.975
399302.861,6187426.290,173.459,195.977
399303.787,6187425.920,173.463,196.974
399304.713,6187425.540,173.467,197.975
399305.639,6187425.160,173.471,198.976
399306.565,6187424.790,173.474,199.973
399307.491,6187424.410,173.478,200.974
399308.417,6187424.030,173.482,201.975
399309.344,6187423.660,173.485,202.973
399310.271,6187423.280,173.489,203.975
399311.198,6187422.910,173.492,204.973
399312.125,6187422.530,173.495,205.975
399313.051,6187422.160,173.499,206.972
399313.978,6187421.780,173.502,207.974
399314.905,6187421.410,173.506,208.972
399315.832,6187421.030,173.509,209.974
399316.759,6187420.660,173.513,210.972
399317.686,6187420.280,173.516,211.974
399318.612,6187419.910,173.519,212.971
399319.539,6187419.530,173.522,213.973
399320.466,6187419.160,173.525,214.971
399321.393,6187418.780,173.528,215.973
399322.320,6187418.410,173.531,216.971
399323.247,6187418.030,173.534,217.973
399324.174,6187417.660,173.537,218.971
399325.101,6187417.280,173.540,219.973
399326.027,6187416.910,173.550,220.970
399326.954,6187416.530,173.588,221.972
399327.880,6187416.150,173.627,222.973
399328.806,6187415.780,173.646,223.970
399329.733,6187415.400,173.634,224.972
399330.659,6187415.020,173.621,225.973
399331.585,6187414.650,173.609,226.970
399332.511,6187414.270,173.597,227.971
399333.438,6187413.890,173.585,228.973
399334.364,6187413.520,173.572,229.970
399335.290,6187413.140,173.570,230.971
399336.217,6187412.770,173.572,231.969
399337.143,6187412.390,173.575,232.970
399338.069,6187412.010,173.577,233.971
399338.995,6187411.640,173.579,234.968
399339.922,6187411.260,173.582,235.970
399340.848,6187410.880,173.584,236.971
399341.774,6187410.510,173.586,237.968
399342.700,6187410.130,173.589,238.969
399343.627,6187409.750,173.591,239.971
399344.553,6187409.380,173.593,240.968
399345.480,6187409.000,173.594,241.970
399346.406,6187408.630,173.596,242.967
399347.333,6187408.250,173.598,243.969
399348.259,6187407.870,173.600,244.970
399349.186,6187407.500,173.602,245.968
399350.112,6187407.120,173.604,246.969
399351.038,6187406.750,173.605,247.966
399351.965,6187406.370,173.607,248.968
399352.891,6187405.990,173.609,249.969
399353.817,6187405.620,173.610,250.966
399354.743,6187405.240,173.611,251.967
399355.670,6187404.860,173.613,252.969
399356.596,6187404.490,173.614,253.966
399357.522,6187404.110,173.615,254.967
399358.448,6187403.730,173.617,255.968
399359.374,6187403.360,173.618,256.966
399360.300,6187402.980,173.619,257.966
399361.226,6187402.600,173.621,258.967
399362.153,6187402.220,173.621,259.969
399363.079,6187401.850,173.622,260.966
399364.005,6187401.470,173.623,261.967
399364.931,6187401.090,173.624,262.968
399365.857,6187400.720,173.624,263.965
399366.783,6187400.340,173.625,264.966
399367.709,6187399.960,173.626,265.967
399368.636,6187399.590,173.627,266.965
399369.562,6187399.210,173.627,267.966
399370.488,6187398.830,173.628,268.967
399371.415,6187398.460,173.628,269.965
399372.342,6187398.080,173.628,270.967
399373.269,6187397.710,173.628,271.965
399374.195,6187397.330,173.628,272.966
399375.122,6187396.960,173.628,273.964
399376.049,6187396.580,173.628,274.966
399376.976,6187396.210,173.629,275.964
399377.902,6187395.830,173.629,276.965
399378.829,6187395.460,173.629,277.964
399379.756,6187395.080,173.628,278.965
399380.682,6187394.710,173.627,279.963
399381.609,6187394.330,173.627,280.964
399382.536,6187393.960,173.626,281.963
399383.463,6187393.580,173.626,282.964
399384.389,6187393.200,173.625,283.965
399385.316,6187392.830,173.625,284.963
399386.243,6187392.450,173.624,285.965
399387.169,6187392.080,173.623,286.963
399388.096,6187391.700,173.622,287.964
399389.022,6187391.320,173.621,288.965
399389.948,6187390.950,173.620,289.962
399390.874,6187390.570,173.618,290.963
399391.800,6187390.190,173.617,291.964
399392.726,6187389.820,173.616,292.962
399393.653,6187389.440,173.614,293.963
399394.579,6187389.060,173.613,294.964
399395.505,6187388.690,173.612,295.962
399396.431,6187388.310,173.610,296.962
399397.355,6187387.930,173.608,297.962
399398.280,6187387.550,173.606,298.962
399399.205,6187387.170,173.604,299.962
399400.130,6187386.790,173.602,300.962
399401.054,6187386.410,173.599,301.961
399401.979,6187386.030,173.597,302.961
399402.904,6187385.650,173.595,303.961
399403.829,6187385.270,173.593,304.961
399404.753,6187384.890,173.591,305.960
399405.679,6187384.510,173.588,306.961
399406.605,6187384.130,173.585,307.962
399407.532,6187383.760,173.582,308.960
399408.458,6187383.380,173.580,309.961
399409.384,6187383.000,173.577,310.962
399410.310,6187382.630,173.574,311.959
399411.237,6187382.250,173.571,312.961
399412.163,6187381.870,173.568,313.962
399413.090,6187381.500,173.564,314.960
399414.017,6187381.120,173.561,315.962
399414.944,6187380.750,173.557,316.960
399415.871,6187380.370,173.554,317.962
399416.797,6187380.000,173.550,318.959
399417.724,6187379.620,173.546,319.961
399418.651,6187379.250,173.543,320.959
399419.578,6187378.870,173.539,321.961
399420.505,6187378.500,173.536,322.959
399421.432,6187378.120,173.532,323.961
399422.358,6187377.750,173.527,324.958
399423.285,6187377.370,173.523,325.960
399424.211,6187377.000,173.519,326.957
399425.138,6187376.620,173.514,327.959
399426.065,6187376.250,173.510,328.957
399426.991,6187375.870,173.506,329.958
399427.918,6187375.490,173.502,330.960
399428.845,6187375.120,173.497,331.958
399429.771,6187374.740,173.495,332.959
399430.698,6187374.370,173.504,333.957
399431.624,6187373.990,173.512,334.958
399432.551,6187373.620,173.521,335.956
399433.478,6187373.240,173.529,336.958
399434.404,6187372.860,173.537,337.959
399435.331,6187372.490,173.546,338.957
399436.257,6187372.110,173.554,339.958
399437.184,6187371.740,173.519,340.956
399438.110,6187371.360,173.464,341.957
399439.037,6187370.990,173.443,342.955
399439.964,6187370.610,173.438,343.957
399440.890,6187370.240,173.432,344.954
399441.817,6187369.860,173.427,345.956
399442.744,6187369.480,173.421,346.958
399443.670,6187369.110,173.416,347.955
399444.597,6187368.730,173.410,348.957
399445.524,6187368.360,173.405,349.955
399446.450,6187367.980,173.399,350.956
399447.377,6187367.610,173.393,351.954
399448.303,6187367.230,173.387,352.955
399449.229,6187366.850,173.381,353.956
399450.156,6187366.480,173.375,354.954
399451.082,6187366.100,173.369,355.955
399452.008,6187365.720,173.363,356.956
399452.934,6187365.350,173.357,357.953
399453.861,6187364.970,173.351,358.955
399454.787,6187364.590,173.345,359.956
399455.713,6187364.220,173.339,360.953
399456.640,6187363.840,173.333,361.955
399457.566,6187363.470,173.327,362.952
399458.493,6187363.090,173.320,363.954
399459.419,6187362.710,173.314,364.955
399460.346,6187362.340,173.307,365.953
399461.272,6187361.960,173.301,366.954
399462.199,6187361.590,173.295,367.952
399463.127,6187361.220,173.288,368.951
399464.057,6187360.850,173.282,369.952
399464.986,6187360.480,173.275,370.952
399465.916,6187360.110,173.268,371.953
399466.847,6187359.750,173.262,372.951
399467.780,6187359.390,173.255,373.951
399468.712,6187359.030,173.248,374.950
399469.646,6187358.670,173.241,375.951
399470.582,6187358.320,173.235,376.950
399471.518,6187357.960,173.228,377.953
399472.454,6187357.610,173.221,378.952
399473.392,6187357.270,173.214,379.950
399474.332,6187356.920,173.207,380.953
399475.271,6187356.580,173.200,381.952
399476.211,6187356.240,173.193,382.951
399477.154,6187355.910,173.186,383.951
399478.098,6187355.580,173.179,384.951
399479.041,6187355.250,173.172,385.950
399479.986,6187354.920,173.165,386.951
399480.933,6187354.600,173.158,387.950
399481.879,6187354.280,173.151,388.949
399482.827,6187353.960,173.143,389.949
399483.776,6187353.640,173.136,390.951
399484.726,6187353.330,173.129,391.950
399485.676,6187353.020,173.122,392.949
399486.628,6187352.720,173.115,393.948
399487.582,6187352.410,173.107,394.951
399488.535,6187352.110,173.100,395.950
399489.490,6187351.820,173.093,396.948
399490.446,6187351.520,173.085,397.950
399491.403,6187351.230,173.078,398.950
399492.361,6187350.950,173.071,399.948
399493.320,6187350.670,173.063,400.947
399494.280,6187350.380,173.056,401.950
399495.241,6187350.110,173.049,402.948
399496.204,6187349.840,173.041,403.948
399497.166,6187349.570,173.034,404.947
399498.130,6187349.300,173.027,405.948
399499.096,6187349.040,173.019,406.949
399500.061,6187348.780,173.012,407.948
399501.029,6187348.530,173.004,408.948
399501.998,6187348.280,172.997,409.949
399502.966,6187348.040,172.990,410.946
399503.937,6187347.800,172.982,411.946
399504.909,6187347.560,172.975,412.947
399505.880,6187347.330,172.967,413.945
399506.854,6187347.100,172.960,414.946
399507.829,6187346.870,172.952,415.948
399508.803,6187346.650,172.945,416.946
399509.780,6187346.440,172.937,417.946
399510.757,6187346.220,172.930,418.947
399511.734,6187346.010,172.922,419.946
399512.713,6187345.810,172.915,420.946
399513.692,6187345.610,172.907,421.945
399514.671,6187345.410,172.900,422.944
399515.652,6187345.210,172.892,423.945
399516.634,6187345.020,172.885,424.946
399517.616,6187344.830,172.877,425.946
399518.599,6187344.650,172.869,426.945
399519.582,6187344.470,172.862,427.944
399520.566,6187344.290,172.854,428.945
399521.551,6187344.120,172.847,429.944
399522.536,6187343.950,172.839,430.944
399523.522,6187343.780,172.831,431.944
399524.509,6187343.620,172.824,432.944
399525.496,6187343.460,172.816,433.944
399526.483,6187343.300,172.808,434.944
399527.472,6187343.150,172.801,435.944
399528.461,6187343.010,172.793,436.943
399529.450,6187342.860,172.785,437.944
399530.440,6187342.720,172.778,438.943
399531.430,6187342.580,172.770,439.943
399532.421,6187342.450,172.762,440.943
399533.413,6187342.320,172.754,441.943
399534.405,6187342.200,172.747,442.942
399535.397,6187342.070,172.739,443.943
399536.390,6187341.950,172.731,444.943
399537.383,6187341.840,172.723,445.942
399538.376,6187341.730,172.715,446.941
399539.371,6187341.620,172.707,447.942
399540.365,6187341.520,172.699,448.941
399541.360,6187341.410,172.691,449.942
399542.355,6187341.320,172.684,450.942
399543.351,6187341.230,172.676,451.942
399544.346,6187341.130,172.668,452.942
399545.342,6187341.050,172.660,453.941
399546.339,6187340.970,172.652,454.941
399547.335,6187340.890,172.644,455.940
399548.333,6187340.810,172.635,456.941
399549.330,6187340.740,172.627,457.941
399550.327,6187340.670,172.619,458.940
399551.325,6187340.610,172.611,459.940
399552.323,6187340.550,172.603,460.940
399553.321,6187340.490,172.595,461.940
399554.320,6187340.440,172.587,462.940
399555.318,6187340.390,172.578,463.939
399556.317,6187340.340,172.570,464.939
399557.316,6187340.300,172.562,465.939
399558.315,6187340.260,172.554,466.939
399559.315,6187340.220,172.545,467.940
399560.314,6187340.190,172.537,468.939
399561.313,6187340.160,172.529,469.939
399562.313,6187340.130,172.520,470.939
399563.312,6187340.110,172.512,471.938
399564.312,6187340.080,172.503,472.939
399565.311,6187340.070,172.495,473.938
399566.311,6187340.050,172.486,474.938
399567.311,6187340.030,172.478,475.938
399568.311,6187340.020,172.470,476.938
399569.310,6187340.010,172.461,477.937
399570.310,6187340.000,172.452,478.937
399571.310,6187339.990,172.444,479.938
399572.310,6187339.980,172.435,480.938
399573.310,6187339.970,172.427,481.938
399574.310,6187339.970,172.418,482.938
399575.309,6187339.970,172.410,483.937
399576.309,6187339.970,172.401,484.937
399577.309,6187339.980,172.392,485.937
399578.309,6187339.980,172.384,486.937
399579.309,6187339.990,172.375,487.937
399580.309,6187340.000,172.366,488.937
399581.308,6187340.020,172.357,489.936
399582.308,6187340.040,172.349,490.936
399583.308,6187340.060,172.340,491.936
399584.307,6187340.080,172.331,492.936
399585.307,6187340.110,172.322,493.936
399586.306,6187340.140,172.313,494.935
399587.305,6187340.180,172.305,495.935
399588.304,6187340.220,172.296,496.935
399589.303,6187340.260,172.287,497.935
399590.302,6187340.320,172.278,498.936
399591.300,6187340.370,172.269,499.935
399592.299,6187340.420,172.260,500.935
399593.296,6187340.490,172.251,501.935
399594.294,6187340.550,172.242,502.934
399595.292,6187340.620,172.233,503.935
399596.289,6187340.690,172.224,504.934
399597.286,6187340.770,172.215,505.935
399598.283,6187340.850,172.206,506.935
399599.279,6187340.930,172.197,507.934
399600.275,6187341.020,172.188,508.934
399601.271,6187341.110,172.179,509.934
399602.266,6187341.200,172.170,510.933
399603.262,6187341.300,172.161,511.934
399604.257,6187341.390,172.151,512.933
399605.252,6187341.490,172.142,513.933
399606.246,6187341.590,172.133,514.932
399607.241,6187341.700,172.124,515.933
399608.235,6187341.800,172.115,516.932
399609.229,6187341.910,172.106,517.932
399610.224,6187342.010,172.096,518.932
399611.217,6187342.130,172.087,519.933
399612.211,6187342.240,172.078,520.933
399613.204,6187342.350,172.069,521.932
399614.198,6187342.460,172.059,522.932
399615.191,6187342.580,172.050,523.932
399616.184,6187342.690,172.041,524.931
399617.177,6187342.810,172.031,525.931
399618.170,6187342.930,172.022,526.932
399619.163,6187343.050,172.013,527.932
399620.156,6187343.160,172.003,528.931
399621.149,6187343.280,171.994,529.931
399622.141,6187343.400,171.985,530.930
399623.134,6187343.520,171.975,531.931
399624.127,6187343.640,171.966,532.931
399625.120,6187343.750,171.956,533.930
399626.113,6187343.870,171.947,534.930
399627.106,6187343.990,171.938,535.930
399628.099,6187344.110,171.928,536.931
399629.092,6187344.230,171.919,537.931
399630.084,6187344.340,171.909,538.929
399631.077,6187344.460,171.900,539.929
399632.070,6187344.580,171.891,540.929
399633.063,6187344.700,171.881,541.930
399634.056,6187344.820,171.872,542.930
399635.049,6187344.930,171.862,543.929
399636.042,6187345.050,171.853,544.929
399637.034,6187345.170,171.844,545.928
399638.027,6187345.290,171.834,546.928
399639.020,6187345.410,171.825,547.929
399640.013,6187345.530,171.815,548.929
399641.006,6187345.650,171.806,549.929
399641.998,6187345.760,171.796,550.927
399642.991,6187345.880,171.787,551.927
399643.984,6187346.000,171.778,552.928
399644.977,6187346.120,171.768,553.928
399645.970,6187346.240,171.759,554.928
399646.963,6187346.360,171.749,555.928
399647.955,6187346.480,171.740,556.928
399648.948,6187346.590,171.731,557.927
399649.941,6187346.710,171.721,558.927
399650.934,6187346.830,171.712,559.927
399651.927,6187346.950,171.703,560.927
399652.920,6187347.070,171.693,561.928
399653.912,6187347.190,171.684,562.927
399654.905,6187347.300,171.675,563.926
399655.898,6187347.420,171.665,564.926
399656.891,6187347.540,171.656,565.926
399657.884,6187347.660,171.647,566.927
399658.877,6187347.780,171.637,567.927
399659.869,6187347.900,171.628,568.926
399660.862,6187348.010,171.619,569.925
399661.855,6187348.130,171.610,570.925
399662.848,6187348.250,171.600,571.926
399663.841,6187348.370,171.591,572.926
399664.834,6187348.490,171.582,573.926
399665.827,6187348.600,171.573,574.925
399666.820,6187348.720,171.564,575.925
399667.812,6187348.840,171.555,576.925
399668.805,6187348.960,171.545,577.925
399669.798,6187349.070,171.536,578.924
399670.791,6187349.190,171.527,579.924
399671.784,6187349.310,171.518,580.924
399672.777,6187349.430,171.509,581.924
399673.770,6187349.540,171.500,582.924
399674.763,6187349.660,171.491,583.924
399675.756,6187349.780,171.482,584.924
399676.749,6187349.900,171.473,585.924
399677.742,6187350.010,171.464,586.923
399678.735,6187350.130,171.455,587.924
399679.728,6187350.250,171.446,588.924
399680.721,6187350.360,171.437,589.923
399681.714,6187350.480,171.428,590.923
399682.707,6187350.600,171.419,591.923
399683.700,6187350.720,171.411,592.924
399684.693,6187350.830,171.402,593.923
399685.686,6187350.950,171.393,594.923
399686.679,6187351.070,171.384,595.923
399687.672,6187351.180,171.375,596.922
399688.665,6187351.300,171.367,597.922
399689.657,6187351.420,171.358,598.922
399690.650,6187351.540,171.349,599.922
399691.643,6187351.660,171.340,600.922
399692.636,6187351.770,171.332,601.921
399693.629,6187351.890,171.323,602.921
399694.621,6187352.010,171.315,603.921
399695.614,6187352.130,171.306,604.921
399696.607,6187352.250,171.297,605.921
399697.599,6187352.370,171.289,606.920
399698.592,6187352.490,171.280,607.920
399699.585,6187352.610,171.271,608.921
399700.577,6187352.730,171.263,609.920
399701.570,6187352.850,171.254,610.920
399702.562,6187352.980,171.246,611.921
399703.555,6187353.100,171.238,612.921
399704.547,6187353.220,171.229,613.920
399705.539,6187353.340,171.221,614.919
399706.532,6187353.460,171.212,615.920
399707.524,6187353.580,171.204,616.919
399708.517,6187353.710,171.196,617.920
399709.509,6187353.830,171.187,618.919
399710.502,6187353.950,171.179,619.920
399711.494,6187354.070,171.171,620.919
399712.487,6187354.190,171.163,621.919
399713.480,6187354.310,171.154,622.919
399714.473,6187354.430,171.146,623.920
399715.465,6187354.540,171.138,624.918
399716.458,6187354.660,171.130,625.918
399717.451,6187354.780,171.121,626.918
399718.443,6187354.900,171.113,627.917
399719.436,6187355.020,171.107,628.918
399720.429,6187355.140,171.110,629.918
399721.422,6187355.260,171.113,630.918
399722.414,6187355.380,171.116,631.917
399723.407,6187355.500,171.119,632.917
399724.400,6187355.620,171.123,633.918
399725.392,6187355.740,171.126,634.917
399726.385,6187355.860,171.129,635.917
399727.378,6187355.980,171.132,636.917
399728.371,6187356.100,171.100,637.918
399729.363,6187356.210,171.025,638.916
399730.356,6187356.330,171.018,639.916
399731.349,6187356.450,171.010,640.916
399732.342,6187356.570,171.002,641.916
399733.335,6187356.690,170.994,642.917
399734.328,6187356.810,170.987,643.917
399735.320,6187356.920,170.979,644.915
399736.313,6187357.040,170.971,645.915
399737.306,6187357.160,170.963,646.915
399738.299,6187357.280,170.956,647.916
399739.292,6187357.400,170.948,648.916
399740.285,6187357.510,170.940,649.915
399741.278,6187357.630,170.933,650.915
399742.271,6187357.750,170.925,651.915
399743.264,6187357.860,170.918,652.914
399744.257,6187357.980,170.910,653.915
399745.250,6187358.100,170.903,654.915
399746.243,6187358.210,170.895,655.914
399747.236,6187358.330,170.887,656.914
399748.229,6187358.450,170.880,657.914
399749.222,6187358.560,170.873,658.913
399750.215,6187358.680,170.865,659.914
399751.208,6187358.800,170.858,660.914
399752.201,6187358.920,170.851,661.914
399753.194,6187359.030,170.843,662.913
399754.187,6187359.150,170.836,663.913
399755.180,6187359.270,170.829,664.914
399756.173,6187359.390,170.821,665.914
399757.165,6187359.500,170.814,666.912
399758.158,6187359.620,170.807,667.912
399759.151,6187359.740,170.799,668.912
399760.144,6187359.860,170.792,669.913
399761.137,6187359.980,170.785,670.913
399762.130,6187360.100,170.778,671.913
399763.123,6187360.210,170.771,672.912
399764.115,6187360.330,170.764,673.911
399765.108,6187360.450,170.756,674.912
399766.101,6187360.570,170.749,675.912
399767.094,6187360.690,170.742,676.912
399768.087,6187360.810,170.735,677.912
399769.080,6187360.920,170.728,678.911
399770.072,6187361.040,170.721,679.911
399771.065,6187361.160,170.714,680.911
399772.058,6187361.280,170.707,681.911
399773.051,6187361.400,170.700,682.911
399774.044,6187361.520,170.693,683.911
399775.036,6187361.630,170.686,684.910
399776.029,6187361.750,170.679,685.910
399777.022,6187361.870,170.672,686.910
399778.015,6187361.990,170.666,687.910
399779.008,6187362.110,170.659,688.910
399780.001,6187362.230,170.652,689.911
399780.994,6187362.340,170.645,690.910
399781.986,6187362.460,170.638,691.909
399782.979,6187362.580,170.631,692.909
399783.972,6187362.700,170.624,693.909
399784.965,6187362.820,170.618,694.910
399785.958,6187362.940,170.611,695.910
399786.951,6187363.050,170.604,696.909
399787.943,6187363.170,170.597,697.908
399788.936,6187363.290,170.591,698.908
399789.929,6187363.410,170.584,699.909
399790.922,6187363.530,170.577,700.909
399791.914,6187363.650,170.571,701.908
399792.907,6187363.770,170.564,702.908
399793.900,6187363.890,170.557,703.909
399794.893,6187364.010,170.550,704.909
399795.886,6187364.120,170.544,705.908
399796.878,6187364.240,170.537,706.907
399797.871,6187364.360,170.531,707.907
399798.864,6187364.480,170.524,708.908
399799.857,6187364.590,170.517,709.907
399800.850,6187364.710,170.511,710.907
399801.843,6187364.830,170.504,711.907
399802.836,6187364.950,170.498,712.907
399803.829,6187365.060,170.491,713.906
399804.822,6187365.180,170.485,714.907
399805.815,6187365.290,170.478,715.906
399806.809,6187365.410,170.472,716.907
399807.802,6187365.520,170.465,717.906
399808.795,6187365.640,170.458,718.906
399809.789,6187365.750,170.452,719.906
399810.782,6187365.860,170.445,720.905
399811.776,6187365.980,170.439,721.906
399812.769,6187366.090,170.432,722.906
399813.762,6187366.200,170.426,723.905
399814.755,6187366.320,170.420,724.905
399815.748,6187366.440,170.413,725.905
399816.740,6187366.560,170.407,726.904
399817.733,6187366.680,170.400,727.905
399818.725,6187366.800,170.394,728.904
399819.718,6187366.920,170.387,729.904
399820.711,6187367.040,170.381,730.904
399821.703,6187367.160,170.375,731.903
399822.696,6187367.280,170.368,732.904
399823.689,6187367.400,170.362,733.904
399824.682,6187367.520,170.355,734.904
399825.674,6187367.640,170.349,735.903
399826.667,6187367.760,170.343,736.904
399827.660,6187367.880,170.336,737.904
399828.652,6187368.000,170.330,738.903
399829.645,6187368.120,170.324,739.903
399830.638,6187368.240,170.317,740.903
399831.631,6187368.360,170.311,741.904
399832.623,6187368.480,170.304,742.903
399833.616,6187368.600,170.298,743.903
399834.609,6187368.720,170.292,744.903
399835.601,6187368.830,170.285,745.901
399836.594,6187368.950,170.279,746.902
399837.587,6187369.070,170.273,747.902
399838.579,6187369.190,170.267,748.901
399839.572,6187369.310,170.260,749.901
399840.565,6187369.430,170.254,750.902
399841.558,6187369.550,170.248,751.902
399842.550,6187369.670,170.241,752.901
399843.543,6187369.790,170.235,753.901
399844.536,6187369.910,170.229,754.902
399845.529,6187370.030,170.222,755.902
399846.521,6187370.150,170.216,756.901
399847.514,6187370.260,170.210,757.900
399848.507,6187370.380,170.204,758.900
399849.500,6187370.500,170.197,759.900
399850.493,6187370.620,170.191,760.901
399851.485,6187370.740,170.185,761.900
399852.478,6187370.860,170.179,762.900
399853.471,6187370.980,170.172,763.900
399854.463,6187371.100,170.166,764.900
399855.456,6187371.220,170.160,765.900
399856.449,6187371.340,170.154,766.900
399857.441,6187371.460,170.147,767.899
399858.434,6187371.580,170.141,768.900
399859.427,6187371.700,170.135,769.900
399860.419,6187371.820,170.129,770.899
399861.412,6187371.930,170.122,771.898
399862.405,6187372.050,170.116,772.898
399863.398,6187372.170,170.110,773.899
399864.391,6187372.290,170.104,774.899
399865.383,6187372.410,170.098,775.898
399866.376,6187372.530,170.092,776.898
399867.369,6187372.650,170.085,777.898
399868.362,6187372.770,170.079,778.899
399869.354,6187372.890,170.073,779.898
399870.347,6187373.000,170.067,780.897
399871.340,6187373.120,170.061,781.897
399872.333,6187373.240,170.055,782.897
399873.325,6187373.360,170.049,783.897
399874.318,6187373.480,170.043,784.897
399875.311,6187373.600,170.037,785.897
399876.303,6187373.720,170.030,786.896
399877.296,6187373.840,170.024,787.897
399878.289,6187373.960,170.018,788.897
399879.281,6187374.080,170.012,789.896
399880.274,6187374.200,170.006,790.896
399881.267,6187374.320,170.000,791.896
399882.259,6187374.440,169.994,792.896
399883.252,6187374.560,169.988,793.896
399884.245,6187374.680,169.982,794.896
399885.237,6187374.800,169.976,795.895
399886.230,6187374.920,169.970,796.896
399887.223,6187375.040,169.965,797.896
399888.215,6187375.160,169.959,798.895
399889.208,6187375.280,169.953,799.895
399890.201,6187375.400,169.947,800.895
399891.193,6187375.520,169.941,801.895
399892.186,6187375.640,169.935,802.895
399893.179,6187375.760,169.930,803.895
399894.171,6187375.880,169.924,804.894
399895.164,6187376.000,169.918,805.895
399896.156,6187376.120,169.912,806.894
399897.149,6187376.240,169.906,807.894
399898.142,6187376.360,169.901,808.894
399899.134,6187376.480,169.895,809.894
399900.127,6187376.600,169.890,810.894
399901.119,6187376.720,169.884,811.893
399902.112,6187376.840,169.878,812.893
399903.104,6187376.960,169.873,813.892
399904.097,6187377.080,169.867,814.893
399905.089,6187377.210,169.861,815.893
399906.082,6187377.330,169.856,816.893
399907.074,6187377.450,169.850,817.893
399908.067,6187377.570,169.845,818.893
399909.059,6187377.690,169.840,819.892
399910.052,6187377.810,169.834,820.892
399911.044,6187377.930,169.829,821.892
399912.037,6187378.050,169.823,822.892
399913.029,6187378.180,169.818,823.892
399914.021,6187378.300,169.813,824.891
399915.014,6187378.420,169.807,825.892
399916.006,6187378.540,169.802,826.891
399916.999,6187378.660,169.796,827.891
399917.992,6187378.780,169.791,828.891
399918.984,6187378.900,169.786,829.891
399919.977,6187379.020,169.781,830.891
399920.969,6187379.140,169.776,831.890
399921.962,6187379.260,169.770,832.890
399922.954,6187379.380,169.765,833.890
399923.947,6187379.500,169.760,834.890
399924.940,6187379.620,169.755,835.890
399925.932,6187379.740,169.750,836.889
399926.925,6187379.870,169.745,837.891
399927.917,6187379.990,169.740,838.890
399928.910,6187380.110,169.735,839.890
399929.903,6187380.230,169.730,840.890
399930.895,6187380.350,169.725,841.890
399931.888,6187380.470,169.720,842.890
399932.880,6187380.590,169.715,843.889
399933.873,6187380.710,169.710,844.889
399934.866,6187380.830,169.705,845.889
399935.858,6187380.950,169.700,846.889
399936.851,6187381.070,169.695,847.889
399937.844,6187381.190,169.690,848.889
399938.837,6187381.300,169.685,849.888
399939.829,6187381.420,169.680,850.887
399940.822,6187381.540,169.676,851.888
399941.815,6187381.660,169.671,852.888
399942.807,6187381.780,169.666,853.887
399943.800,6187381.900,169.661,854.887
399944.793,6187382.020,169.656,855.888
399945.785,6187382.140,169.651,856.887
399946.778,6187382.260,169.647,857.887
399947.771,6187382.380,169.642,858.887
399948.763,6187382.500,169.637,859.887
399949.756,6187382.620,169.633,860.887
399950.748,6187382.740,169.628,861.886
399951.741,6187382.860,169.623,862.886
399952.733,6187382.980,169.619,863.885
399953.726,6187383.100,169.614,864.886
399954.719,6187383.220,169.609,865.886
399955.712,6187383.340,169.605,866.886
399956.705,6187383.460,169.600,867.886
399957.697,6187383.580,169.596,868.886
399958.690,6187383.700,169.591,869.886
399959.683,6187383.810,169.586,870.885
399960.676,6187383.930,169.582,871.885
399961.669,6187384.050,169.577,872.885
399962.662,6187384.170,169.573,873.886
399963.654,6187384.290,169.568,874.885
399964.647,6187384.410,169.564,875.885
399965.640,6187384.520,169.559,876.884
399966.633,6187384.640,169.555,877.884
399967.626,6187384.760,169.550,878.885
399968.618,6187384.890,169.546,879.885
399969.609,6187385.020,169.541,880.884
399970.601,6187385.140,169.537,881.884
399971.591,6187385.280,169.533,882.884
399972.581,6187385.420,169.528,883.883
399973.571,6187385.560,169.524,884.883
399974.559,6187385.720,169.520,885.884
399975.547,6187385.870,169.515,886.883
399976.533,6187386.030,169.511,887.882
399977.519,6187386.200,169.507,888.883
399978.504,6187386.370,169.502,889.882
399979.487,6187386.560,169.498,890.884
399980.470,6187386.740,169.494,891.883
399981.451,6187386.930,169.490,892.882
399982.431,6187387.130,169.486,893.882
399983.410,6187387.330,169.481,894.882
399984.387,6187387.550,169.477,895.883
399985.363,6187387.760,169.473,896.881
399986.338,6187387.980,169.469,897.881
399987.311,6187388.210,169.465,898.881
399988.284,6187388.450,169.461,899.883
399989.253,6187388.690,169.457,900.881
399990.222,6187388.940,169.453,901.882
399991.188,6187389.200,169.449,902.882
399992.153,6187389.460,169.445,903.882
399993.115,6187389.730,169.441,904.881
399994.077,6187390.000,169.437,905.880
399995.035,6187390.290,169.433,906.881
399995.992,6187390.580,169.429,907.881
399996.946,6187390.880,169.425,908.881
399997.899,6187391.180,169.421,909.880
399998.849,6187391.490,169.417,910.879
399999.798,6187391.810,169.413,911.881
400000.746,6187392.120,169.409,912.878
400001.690,6187392.450,169.405,913.878
400002.634,6187392.780,169.402,914.878
400003.575,6187393.120,169.398,915.879
400004.514,6187393.470,169.394,916.881
400005.452,6187393.810,169.390,917.879
400006.387,6187394.170,169.386,918.881
400007.321,6187394.520,169.383,919.878
400008.253,6187394.880,169.379,920.877
400009.182,6187395.250,169.375,921.877
400010.111,6187395.620,169.372,922.877
400011.036,6187396.000,169.368,923.877
400011.960,6187396.380,169.364,924.876
400012.881,6187396.770,169.361,925.876
400013.800,6187397.170,169.357,926.879
400014.718,6187397.560,169.354,927.876
400015.631,6187397.970,169.350,928.877
400016.544,6187398.380,169.346,929.878
400017.453,6187398.800,169.343,930.879
400018.359,6187399.220,169.339,931.878
400019.265,6187399.640,169.336,932.876
400020.165,6187400.080,169.332,933.878
400021.064,6187400.510,169.329,934.875
400021.960,6187400.960,169.325,935.877
400022.853,6187401.410,169.322,936.877
400023.746,6187401.860,169.319,937.877
400024.631,6187402.320,169.315,938.875
400025.517,6187402.790,169.312,939.878
400026.399,6187403.260,169.308,940.877
400027.278,6187403.730,169.305,941.874
400028.155,6187404.210,169.302,942.874
400029.026,6187404.700,169.299,943.873
400029.897,6187405.200,169.295,944.877
400030.763,6187405.700,169.292,945.877
400031.626,6187406.200,169.289,946.875
400032.488,6187406.710,169.285,947.876
400033.344,6187407.220,169.282,948.873
400034.199,6187407.740,169.279,949.873
400035.050,6187408.270,169.276,950.876
400035.899,6187408.800,169.273,951.877
400036.746,6187409.330,169.269,952.876
400037.588,6187409.870,169.266,953.876
400038.430,6187410.410,169.263,954.876
400039.268,6187410.950,169.260,955.873
400040.103,6187411.500,169.257,956.873
400040.938,6187412.050,169.254,957.873
400041.766,6187412.610,169.251,958.873
400042.595,6187413.170,169.248,959.873
400043.419,6187413.740,169.245,960.875
400044.241,6187414.310,169.242,961.875
400045.062,6187414.880,169.239,962.875
400045.875,6187415.460,169.236,963.873
400046.688,6187416.040,169.233,964.872
400047.496,6187416.630,169.230,965.873
400048.300,6187417.220,169.227,966.870
400049.103,6187417.820,169.224,967.872
400049.898,6187418.430,169.221,968.874
400050.693,6187419.030,169.219,969.870
400051.483,6187419.650,169.216,970.875
400052.269,6187420.260,169.213,971.870
400053.055,6187420.880,169.210,972.871
400053.835,6187421.510,169.207,973.873
400054.615,6187422.130,169.205,974.870
400055.394,6187422.760,169.202,975.872
400056.168,6187423.390,169.199,976.870
400056.941,6187424.030,169.197,977.873
400057.713,6187424.660,169.194,978.870
400058.479,6187425.300,169.191,979.868
400059.244,6187425.950,169.189,980.872
400060.004,6187426.600,169.186,981.872
400060.760,6187427.250,169.184,982.869
400061.515,6187427.910,169.181,983.871
400062.262,6187428.570,169.179,984.868
400063.008,6187429.240,169.176,985.871
400063.749,6187429.910,169.174,986.870
400064.485,6187430.590,169.171,987.872
400065.221,6187431.260,169.169,988.867
400065.948,6187431.950,169.167,989.870
400066.674,6187432.640,169.164,990.871
400067.395,6187433.330,169.162,991.869
400068.113,6187434.030,169.159,992.872
400068.829,6187434.720,169.157,993.866
400069.537,6187435.430,169.155,994.869
400070.245,6187436.130,169.153,995.865
400070.948,6187436.850,169.150,996.871
400071.648,6187437.560,169.148,997.868
400072.347,6187438.280,169.146,998.871
400073.037,6187439.000,169.143,999.869
400073.728,6187439.720,169.141,1000.867
400074.414,6187440.450,169.139,1001.868
400075.096,6187441.180,169.137,1002.867
400075.777,6187441.910,169.135,1003.866
400076.449,6187442.650,169.132,1004.865
400077.121,6187443.390,169.130,1005.865
400077.787,6187444.140,169.128,1006.868
400078.448,6187444.890,169.126,1007.868
400079.108,6187445.640,169.123,1008.867
400079.758,6187446.400,169.121,1009.867
400080.408,6187447.160,169.119,1010.867
400081.051,6187447.920,169.117,1011.862
400081.690,6187448.690,169.115,1012.863
400082.323,6187449.470,169.112,1013.867
400082.951,6187450.250,169.110,1014.869
400083.572,6187451.030,169.108,1015.866
400084.188,6187451.820,169.106,1016.868
400084.797,6187452.610,169.103,1017.865
400085.400,6187453.410,169.101,1018.867
400085.996,6187454.210,169.099,1019.864
400086.586,6187455.020,169.097,1020.867
400087.168,6187455.830,169.094,1021.864
400087.745,6187456.650,169.092,1022.867
400088.313,6187457.470,169.090,1023.864
400088.876,6187458.300,169.087,1024.867
400089.430,6187459.130,169.085,1025.865
400089.979,6187459.960,169.083,1026.860
400090.520,6187460.800,169.080,1027.859
400091.055,6187461.650,169.078,1028.864
400091.582,6187462.500,169.076,1029.864
400092.104,6187463.350,169.073,1030.861
400092.618,6187464.210,169.071,1031.863
400093.126,6187465.070,169.068,1032.862
400093.626,6187465.940,169.066,1033.865
400094.121,6187466.810,169.063,1034.866
400094.608,6187467.680,169.061,1035.863
400095.089,6187468.550,169.058,1036.857
400095.563,6187469.440,169.056,1037.866
400096.032,6187470.320,169.053,1038.863
400096.492,6187471.210,169.051,1039.865
400096.947,6187472.100,169.048,1040.864
400097.395,6187472.990,169.045,1041.861
400097.836,6187473.890,169.043,1042.863
400098.270,6187474.790,169.040,1043.862
400098.698,6187475.690,169.037,1044.859
400099.118,6187476.600,169.034,1045.861
400099.533,6187477.510,169.032,1046.861
400099.946,6187478.420,169.029,1047.861
400100.348,6187479.340,169.026,1048.865
400100.749,6187480.250,169.023,1049.859
400101.144,6187481.170,169.020,1050.860
400101.534,6187482.090,169.017,1051.859
400101.924,6187483.010,169.014,1052.859
400102.314,6187483.930,169.011,1053.858
400102.696,6187484.860,169.008,1054.863
400103.077,6187485.780,169.005,1055.859
400103.459,6187486.700,169.002,1056.855
400103.841,6187487.630,168.999,1057.861
400104.222,6187488.550,168.996,1058.856
400104.604,6187489.480,168.992,1059.862
400104.986,6187490.400,168.989,1060.858
400105.368,6187491.320,168.986,1061.854
400105.750,6187492.250,168.983,1062.860
400106.133,6187493.170,168.979,1063.856
400106.517,6187494.100,168.976,1064.862
400106.900,6187495.020,168.973,1065.859
400107.283,6187495.940,168.969,1066.855
400107.666,6187496.870,168.966,1067.861
400108.050,6187497.790,168.962,1068.858
400108.433,6187498.710,168.959,1069.855
400108.816,6187499.640,168.956,1070.860
400109.200,6187500.560,168.952,1071.857
400109.585,6187501.480,168.948,1072.855
400109.971,6187502.400,168.945,1073.852
400110.357,6187503.330,168.941,1074.859
400110.743,6187504.250,168.937,1075.857
400111.128,6187505.170,168.934,1076.854
400111.514,6187506.090,168.930,1077.852
400111.900,6187507.020,168.926,1078.859
400112.286,6187507.940,168.923,1079.856
400112.672,6187508.860,168.919,1080.854
400113.057,6187509.780,168.915,1081.851
400113.442,6187510.710,168.911,1082.858
400113.828,6187511.630,168.907,1083.856
400114.213,6187512.550,168.903,1084.853
400114.598,6187513.470,168.899,1085.850
400114.983,6187514.400,168.895,1086.857
400115.369,6187515.320,168.891,1087.855
400115.754,6187516.240,168.887,1088.852
400116.139,6187517.170,168.883,1089.858
400116.524,6187518.090,168.879,1090.856
400116.909,6187519.010,168.875,1091.853
400117.293,6187519.930,168.871,1092.850
400117.677,6187520.860,168.867,1093.856
400118.062,6187521.780,168.863,1094.853
400118.446,6187522.700,168.859,1095.850
400118.830,6187523.630,168.855,1096.857
400119.215,6187524.550,168.851,1097.854
400119.599,6187525.470,168.846,1098.851
400119.984,6187526.400,168.842,1099.857
400120.369,6187527.320,168.838,1100.855
400120.754,6187528.240,168.834,1101.852
400121.139,6187529.160,168.830,1102.849
400121.525,6187530.090,168.825,1103.856
400121.910,6187531.010,168.821,1104.853
400122.296,6187531.930,168.817,1105.851
400122.681,6187532.850,168.812,1106.848
400123.067,6187533.780,168.808,1107.855
400123.452,6187534.700,168.804,1108.853
400123.838,6187535.620,168.800,1109.850
400124.224,6187536.540,168.795,1110.848
400124.610,6187537.470,168.791,1111.855
400124.996,6187538.390,168.787,1112.853
400125.382,6187539.310,168.782,1113.850
400125.768,6187540.230,168.778,1114.848
400126.154,6187541.160,168.774,1115.855
400126.540,6187542.080,168.769,1116.853
400126.926,6187543.000,168.765,1117.850
400127.312,6187543.920,168.761,1118.848
400127.697,6187544.850,168.756,1119.855
400128.083,6187545.770,168.752,1120.852
400128.468,6187546.690,168.747,1121.850
400128.854,6187547.610,168.743,1122.847
400129.239,6187548.540,168.739,1123.854
400129.625,6187549.460,168.734,1124.852
400130.010,6187550.380,168.730,1125.849
400130.396,6187551.300,168.726,1126.847
400130.781,6187552.230,168.721,1127.853
400131.167,6187553.150,168.717,1128.851
400131.553,6187554.070,168.712,1129.849
400131.939,6187554.990,168.708,1130.846
400132.325,6187555.920,168.704,1131.853
400132.711,6187556.840,168.699,1132.851
400133.097,6187557.760,168.695,1133.849
400133.482,6187558.680,168.691,1134.846
400133.868,6187559.600,168.686,1135.844
400134.254,6187560.530,168.682,1136.850
400134.640,6187561.450,168.678,1137.848
400135.026,6187562.370,168.673,1138.846
400135.412,6187563.290,168.669,1139.844
400135.798,6187564.220,168.665,1140.850
400136.184,6187565.140,168.660,1141.848
400136.570,6187566.060,168.656,1142.846
400136.956,6187566.980,168.652,1143.844
400137.342,6187567.910,168.647,1144.850
400137.728,6187568.830,168.643,1145.848
400138.114,6187569.750,168.639,1146.846
400138.500,6187570.670,168.634,1147.844
400138.886,6187571.600,168.630,1148.850
400139.272,6187572.520,168.626,1149.848
400139.658,6187573.440,168.622,1150.846
400140.044,6187574.360,168.617,1151.844
400140.430,6187575.290,168.613,1152.850
400140.816,6187576.210,168.609,1153.848
400141.202,6187577.130,168.605,1154.846
400141.588,6187578.050,168.600,1155.844
400141.974,6187578.970,168.596,1156.841
400142.360,6187579.900,168.592,1157.848
400142.746,6187580.820,168.588,1158.846
400143.132,6187581.740,168.583,1159.844
400143.519,6187582.660,168.579,1160.842
400143.905,6187583.590,168.575,1161.849
400144.291,6187584.510,168.571,1162.846
400144.677,6187585.430,168.566,1163.844
400145.064,6187586.350,168.562,1164.842
400145.450,6187587.270,168.558,1165.840
400145.836,6187588.200,168.554,1166.847
400146.222,6187589.120,168.550,1167.844
400146.609,6187590.040,168.545,1168.842
400146.995,6187590.960,168.541,1169.840
400147.381,6187591.890,168.537,1170.847
400147.767,6187592.810,168.533,1171.845
400148.154,6187593.730,168.529,1172.843
400148.540,6187594.650,168.524,1173.841
400148.926,6187595.570,168.520,1174.838
400149.312,6187596.500,168.516,1175.845
400149.697,6187597.420,168.512,1176.842
400150.082,6187598.340,168.507,1177.840
400150.466,6187599.270,168.503,1178.846
400150.850,6187600.190,168.499,1179.843
400151.234,6187601.110,168.495,1180.840
400151.618,6187602.040,168.490,1181.846
400152.003,6187602.960,168.486,1182.843
400152.387,6187603.880,168.482,1183.840
400152.771,6187604.800,168.478,1184.837
400153.155,6187605.730,168.473,1185.843
400153.541,6187606.650,168.469,1186.841
400153.926,6187607.570,168.465,1187.838
400154.312,6187608.500,168.460,1188.845
400154.697,6187609.420,168.456,1189.843
400155.083,6187610.340,168.452,1190.840
400155.469,6187611.260,168.447,1191.838
400155.854,6187612.190,168.443,1192.844
400156.246,6187613.110,168.438,1193.844
400156.637,6187614.030,168.434,1194.844
400157.028,6187614.950,168.429,1195.844
400157.419,6187615.870,168.425,1196.843
400157.810,6187616.790,168.420,1197.843
400158.201,6187617.710,168.415,1198.843
400158.591,6187618.630,168.411,1199.842
400158.980,6187619.550,168.406,1200.841
400159.370,6187620.470,168.401,1201.840
400159.759,6187621.390,168.396,1202.839
400160.148,6187622.310,168.392,1203.838
400160.537,6187623.230,168.387,1204.837
400160.926,6187624.150,168.382,1205.835
400161.311,6187625.080,168.377,1206.842
400161.696,6187626.000,168.372,1207.839
400162.081,6187626.920,168.366,1208.837
400162.466,6187627.840,168.361,1209.834
400162.851,6187628.770,168.356,1210.840
400163.236,6187629.690,168.351,1211.838
400163.621,6187630.610,168.345,1212.835
400164.006,6187631.540,168.340,1213.842
400164.390,6187632.460,168.335,1214.839
400164.775,6187633.380,168.329,1215.836
400165.158,6187634.300,168.323,1216.832
400165.541,6187635.230,168.317,1217.838
400165.925,6187636.150,168.311,1218.835
400166.308,6187637.080,168.305,1219.841
400166.692,6187638.000,168.299,1220.838
400167.075,6187638.920,168.293,1221.834
400167.459,6187639.850,168.287,1222.841
400167.842,6187640.770,168.281,1223.837
400168.226,6187641.690,168.275,1224.834
400168.610,6187642.620,168.268,1225.840
400168.994,6187643.540,168.261,1226.837
400169.379,6187644.460,168.254,1227.834
400169.763,6187645.380,168.247,1228.831
400170.147,6187646.310,168.240,1229.837
400170.532,6187647.230,168.233,1230.835
400170.916,6187648.150,168.227,1231.832
400171.300,6187649.080,168.220,1232.838
400171.685,6187650.000,168.213,1233.835
400172.068,6187650.920,168.205,1234.832
400172.451,6187651.850,168.197,1235.837
400172.834,6187652.770,168.189,1236.834
400173.217,6187653.690,168.181,1237.831
400173.600,6187654.620,168.173,1238.836
400173.983,6187655.540,168.164,1239.833
400174.366,6187656.460,168.156,1240.829
400174.749,6187657.390,168.148,1241.835
400175.132,6187658.310,168.140,1242.832
400175.515,6187659.240,168.132,1243.837
400175.897,6187660.160,168.122,1244.834
400176.279,6187661.080,168.113,1245.830
400176.661,6187662.010,168.103,1246.835
400177.043,6187662.930,168.094,1247.831
400177.425,6187663.860,168.085,1248.837
400177.808,6187664.780,168.075,1249.833
400178.190,6187665.700,168.066,1250.829
400178.572,6187666.630,168.056,1251.835
400178.954,6187667.550,168.047,1252.831
400179.337,6187668.470,168.036,1253.828
400179.719,6187669.400,168.025,1254.833
400180.102,6187670.320,168.014,1255.829
400180.485,6187671.250,168.003,1256.835
400180.868,6187672.170,167.992,1257.832
400181.250,6187673.090,167.982,1258.828
400181.633,6187674.020,167.971,1259.834
400182.016,6187674.940,167.960,1260.830
400182.399,6187675.860,167.949,1261.827
400182.781,6187676.790,167.938,1262.832
400183.166,6187677.710,167.925,1263.830
400183.551,6187678.630,167.912,1264.827
400183.936,6187679.560,167.900,1265.833
400184.321,6187680.480,167.887,1266.831
400184.705,6187681.400,167.875,1267.828
400185.090,6187682.330,167.862,1268.834
400185.475,6187683.250,167.850,1269.831
400185.860,6187684.170,167.837,1270.829
400186.245,6187685.090,167.824,1271.826
400186.629,6187686.020,167.811,1272.832
400187.014,6187686.940,167.797,1273.830
400187.398,6187687.860,167.782,1274.826
400187.782,6187688.790,167.768,1275.833
400188.167,6187689.710,167.754,1276.830
400188.551,6187690.630,167.740,1277.827
400188.935,6187691.550,167.725,1278.824
400189.320,6187692.480,167.711,1279.830
400189.704,6187693.400,167.697,1280.827
400190.088,6187694.320,167.682,1281.824
400190.473,6187695.250,167.666,1282.831
400190.857,6187696.170,167.650,1283.828
400191.242,6187697.090,167.635,1284.825
400191.626,6187698.020,167.619,1285.831
400192.011,6187698.940,167.603,1286.828
400192.395,6187699.860,167.587,1287.825
400192.780,6187700.780,167.571,1288.823
400193.164,6187701.710,167.555,1289.829
400193.549,6187702.630,167.539,1290.826
400193.933,6187703.550,167.522,1291.823
400194.316,6187704.480,167.504,1292.829
400194.699,6187705.400,167.487,1293.825
400195.083,6187706.320,167.469,1294.822
400195.466,6187707.250,167.451,1295.828
400195.849,6187708.170,167.434,1296.825
400196.232,6187709.090,167.416,1297.821
400196.616,6187710.020,167.398,1298.827
400196.999,6187710.940,167.381,1299.824
400197.382,6187711.870,167.363,1300.830
400197.766,6187712.790,167.344,1301.827
400198.150,6187713.710,167.324,1302.823
400198.534,6187714.630,167.305,1303.820
400198.918,6187715.560,167.286,1304.827
400199.302,6187716.480,167.266,1305.823
400199.686,6187717.400,167.247,1306.820
400200.070,6187718.330,167.228,1307.827
400200.455,6187719.250,167.209,1308.824
400200.839,6187720.170,167.189,1309.821
400201.222,6187721.100,167.169,1310.827
400201.606,6187722.020,167.148,1311.823
400201.990,6187722.940,167.128,1312.820
400202.374,6187723.870,167.107,1313.827
400202.758,6187724.790,167.086,1314.823
400203.141,6187725.710,167.065,1315.820
400203.525,6187726.640,167.044,1316.826
400203.909,6187727.560,167.023,1317.823
400204.293,6187728.480,167.003,1318.820
400204.676,6187729.410,166.982,1319.826
400205.060,6187730.330,166.959,1320.823
400205.443,6187731.250,166.937,1321.819
400205.826,6187732.180,166.915,1322.825
400206.209,6187733.100,166.892,1323.822
400206.592,6187734.020,166.870,1324.818
400206.975,6187734.950,166.848,1325.824
400207.358,6187735.870,166.825,1326.820
400207.742,6187736.790,166.803,1327.817
400208.125,6187737.720,166.781,1328.823
400208.508,6187738.640,166.758,1329.820
400208.890,6187739.570,166.734,1330.825
400209.273,6187740.490,166.710,1331.822
400209.656,6187741.410,166.686,1332.818
400210.039,6187742.340,166.663,1333.824
400210.421,6187743.260,166.639,1334.820
400210.804,6187744.180,166.615,1335.817
400211.187,6187745.110,166.591,1336.822
400211.570,6187746.030,166.568,1337.819
400211.952,6187746.960,166.544,1338.824
400212.335,6187747.880,166.519,1339.821
400212.718,6187748.800,166.494,1340.817
400213.101,6187749.730,166.468,1341.823
400213.484,6187750.650,166.443,1342.820
400213.867,6187751.570,166.418,1343.816
400214.250,6187752.500,166.393,1344.822
400214.633,6187753.420,166.368,1345.819
400215.016,6187754.340,166.343,1346.815
400215.399,6187755.270,166.318,1347.821
400215.781,6187756.190,166.292,1348.817
400216.162,6187757.120,166.265,1349.822
400216.544,6187758.040,166.239,1350.818
400216.926,6187758.960,166.212,1351.814
400217.308,6187759.890,166.186,1352.820
400217.689,6187760.810,166.159,1353.816
400218.071,6187761.740,166.133,1354.821
400218.453,6187762.660,166.106,1355.817
400218.834,6187763.590,166.080,1356.822
400219.216,6187764.510,166.053,1357.818
400219.598,6187765.430,166.025,1358.814
400219.981,6187766.360,165.997,1359.820
400220.363,6187767.280,165.969,1360.816
400220.745,6187768.200,165.942,1361.812
400221.128,6187769.130,165.914,1362.818
400221.510,6187770.050,165.886,1363.814
400221.892,6187770.980,165.858,1364.820
400222.275,6187771.900,165.830,1365.816
400222.657,6187772.820,165.802,1366.813
400223.039,6187773.750,165.774,1367.818
400223.422,6187774.670,165.744,1368.814
400223.804,6187775.600,165.715,1369.820
400224.187,6187776.520,165.686,1370.816
400224.569,6187777.440,165.657,1371.813
400224.951,6187778.370,165.627,1372.818
400225.334,6187779.290,165.598,1373.814
400225.716,6187780.210,165.569,1374.811
400226.099,6187781.140,165.540,1375.816
400226.481,6187782.060,165.510,1376.813
400226.864,6187782.990,165.480,1377.818
400227.247,6187783.910,165.449,1378.815
400227.631,6187784.830,165.419,1379.812
400228.014,6187785.760,165.388,1380.818
400228.397,6187786.680,165.358,1381.814
400228.780,6187787.600,165.327,1382.811
400229.164,6187788.530,165.296,1383.817
400229.547,6187789.450,165.266,1384.813
400229.928,6187790.380,165.235,1385.818
400230.307,6187791.300,165.203,1386.813
400230.686,6187792.230,165.171,1387.818
400231.065,6187793.150,165.139,1388.813
400231.444,6187794.080,165.107,1389.817
400231.823,6187795.000,165.076,1390.812
400232.202,6187795.930,165.044,1391.816
400232.581,6187796.850,165.012,1392.811
400232.960,6187797.780,164.980,1393.815
400233.339,6187798.700,164.948,1394.810
400233.720,6187799.630,164.915,1395.815
400234.100,6187800.550,164.882,1396.811
400234.480,6187801.480,164.849,1397.816
400234.860,6187802.400,164.816,1398.811
400235.240,6187803.330,164.783,1399.816
400235.621,6187804.250,164.750,1400.811
400236.001,6187805.180,164.717,1401.816
400236.381,6187806.100,164.683,1402.811
400236.761,6187807.020,164.650,1403.807
400237.142,6187807.950,164.617,1404.812
400237.523,6187808.870,164.582,1405.808
400237.904,6187809.800,164.548,1406.813
400238.285,6187810.720,164.514,1407.808
400238.666,6187811.650,164.479,1408.813
400239.047,6187812.570,164.445,1409.809
400239.428,6187813.500,164.411,1410.814
400239.809,6187814.420,164.376,1411.810
400240.190,6187815.340,164.342,1412.806
400240.571,6187816.270,164.307,1413.811
400240.950,6187817.190,164.272,1414.806
400241.328,6187818.120,164.236,1415.810
400241.707,6187819.050,164.201,1416.814
400242.085,6187819.970,164.165,1417.808
400242.464,6187820.900,164.130,1418.813
400242.842,6187821.820,164.094,1419.807
400243.221,6187822.750,164.059,1420.812
400243.599,6187823.670,164.023,1421.806
400243.978,6187824.600,163.988,1422.810
400244.356,6187825.520,163.952,1423.805
400244.734,6187826.450,163.915,1424.809
400245.113,6187827.370,163.879,1425.804
400245.491,6187828.300,163.842,1426.808
400245.869,6187829.230,163.805,1427.812
400246.247,6187830.150,163.769,1428.806
400246.626,6187831.080,163.732,1429.811
400247.004,6187832.000,163.696,1430.805
400247.382,6187832.930,163.659,1431.809
400247.761,6187833.850,163.623,1432.804
400248.140,6187834.780,163.585,1433.808
400248.520,6187835.700,163.548,1434.804
400248.900,6187836.630,163.510,1435.808
400249.279,6187837.550,163.473,1436.803
400249.659,6187838.480,163.435,1437.808
400250.039,6187839.400,163.397,1438.804
400250.418,6187840.330,163.360,1439.808
400250.798,6187841.250,163.322,1440.803
400251.178,6187842.180,163.285,1441.808
400251.557,6187843.100,163.247,1442.803
400251.937,6187844.030,163.209,1443.807
400252.316,6187844.950,163.170,1444.802
400252.695,6187845.880,163.132,1445.807
400253.075,6187846.800,163.094,1446.802
400253.454,6187847.730,163.056,1447.806
400253.834,6187848.650,163.017,1448.802
400254.213,6187849.580,162.979,1449.806
400254.592,6187850.500,162.941,1450.801
400254.972,6187851.430,162.902,1451.806
400255.351,6187852.350,162.863,1452.801
400255.730,6187853.280,162.824,1453.805
400256.109,6187854.200,162.786,1454.800
400256.488,6187855.130,162.747,1455.804
400256.867,6187856.060,162.708,1456.808
400257.246,6187856.980,162.669,1457.803
400257.625,6187857.910,162.630,1458.808
400258.004,6187858.830,162.591,1459.803
400258.383,6187859.760,162.552,1460.807
400258.761,6187860.680,162.513,1461.802
400259.138,6187861.610,162.473,1462.805
400259.516,6187862.530,162.434,1463.800
400259.893,6187863.460,162.395,1464.803
400260.270,6187864.390,162.355,1465.807
400260.648,6187865.310,162.316,1466.801
400261.025,6187866.240,162.277,1467.805
400261.403,6187867.160,162.237,1468.800
400261.780,6187868.090,162.198,1469.803
400262.158,6187869.010,162.158,1470.798
400262.535,6187869.940,162.119,1471.801
400262.912,6187870.870,162.079,1472.805
400263.290,6187871.790,162.040,1473.799
400263.667,6187872.720,162.000,1474.803
400264.045,6187873.640,161.960,1475.797
400264.422,6187874.570,161.921,1476.801
400264.800,6187875.500,161.881,1477.805
400265.177,6187876.420,161.841,1478.799
400265.555,6187877.350,161.802,1479.803
400265.932,6187878.270,161.762,1480.797
400266.309,6187879.200,161.722,1481.801
400266.687,6187880.130,161.682,1482.805
400267.064,6187881.050,161.643,1483.799
400267.441,6187881.980,161.603,1484.802
400267.819,6187882.900,161.563,1485.797
400268.196,6187883.830,161.523,1486.801
400268.573,6187884.760,161.484,1487.804
400268.951,6187885.680,161.444,1488.799
400269.328,6187886.610,161.404,1489.802
400269.705,6187887.530,161.365,1490.796
400270.082,6187888.460,161.325,1491.800
400270.459,6187889.390,161.285,1492.803
400270.836,6187890.310,161.246,1493.798
400271.213,6187891.240,161.206,1494.801
400271.590,6187892.160,161.166,1495.795
400271.967,6187893.090,161.127,1496.799
400272.343,6187894.020,161.087,1497.802
400272.720,6187894.940,161.047,1498.796
400273.098,6187895.870,161.008,1499.800
400273.476,6187896.790,160.968,1500.795
400273.854,6187897.720,160.929,1501.799
400274.232,6187898.640,160.889,1502.793
400274.610,6187899.570,160.850,1503.797
400274.988,6187900.500,160.810,1504.801
400275.367,6187901.420,160.771,1505.796
400275.745,6187902.350,160.731,1506.800
400276.123,6187903.270,160.692,1507.795
400276.501,6187904.200,160.653,1508.799
400276.878,6187905.120,160.613,1509.793
400277.254,6187906.050,160.574,1510.796
400277.631,6187906.980,160.535,1511.799
400278.008,6187907.900,160.496,1512.794
400278.385,6187908.830,160.457,1513.797
400278.762,6187909.760,160.418,1514.801
400279.138,6187910.680,160.379,1515.795
400279.515,6187911.610,160.340,1516.798
400279.892,6187912.530,160.301,1517.792
400280.269,6187913.460,160.262,1518.796
400280.646,6187914.390,160.223,1519.799
400281.023,6187915.310,160.185,1520.794
400281.399,6187916.240,160.146,1521.797
400281.776,6187917.160,160.107,1522.791
400282.153,6187918.090,160.069,1523.794
400282.530,6187919.020,160.030,1524.798
400282.907,6187919.940,159.992,1525.792
400283.283,6187920.870,159.953,1526.795
400283.660,6187921.790,159.914,1527.790
400284.038,6187922.720,159.876,1528.793
400284.416,6187923.650,159.838,1529.797
400284.793,6187924.570,159.800,1530.792
400285.171,6187925.500,159.762,1531.796
400285.549,6187926.420,159.724,1532.790
400285.926,6187927.350,159.686,1533.794
400286.304,6187928.280,159.648,1534.798
400286.682,6187929.200,159.610,1535.792
400287.059,6187930.130,159.572,1536.796
400287.437,6187931.050,159.535,1537.790
400287.813,6187931.980,159.497,1538.793
400288.190,6187932.910,159.460,1539.797
400288.567,6187933.830,159.423,1540.791
400288.944,6187934.760,159.386,1541.795
400289.321,6187935.680,159.348,1542.789
400289.698,6187936.610,159.311,1543.792
400290.074,6187937.540,159.274,1544.796
400290.451,6187938.460,159.237,1545.790
400290.828,6187939.390,159.199,1546.793
400291.206,6187940.310,159.163,1547.788
400291.584,6187941.240,159.126,1548.792
400291.962,6187942.170,159.090,1549.796
400292.340,6187943.090,159.053,1550.790
400292.718,6187944.020,159.017,1551.794
400293.096,6187944.940,158.981,1552.789
400293.474,6187945.870,158.944,1553.793
400293.852,6187946.790,158.908,1554.787
400294.230,6187947.720,158.871,1555.791
400294.607,6187948.650,158.835,1556.795
400294.984,6187949.570,158.800,1557.789
400295.360,6187950.500,158.764,1558.792
400295.737,6187951.420,158.729,1559.786
400296.114,6187952.350,158.693,1560.790
400296.491,6187953.280,158.658,1561.793
400296.867,6187954.200,158.623,1562.787
400297.244,6187955.130,158.587,1563.791
400297.621,6187956.050,158.552,1564.785
400297.997,6187956.980,158.516,1565.788
400298.375,6187957.910,158.482,1566.792
400298.753,6187958.830,158.448,1567.787
400299.131,6187959.760,158.413,1568.791
400299.509,6187960.680,158.379,1569.785
400299.887,6187961.610,158.345,1570.789
400300.265,6187962.530,158.310,1571.784
400300.643,6187963.460,158.276,1572.788
400301.021,6187964.390,158.242,1573.791
400301.399,6187965.310,158.207,1574.786
400301.776,6187966.240,158.174,1575.790
400302.154,6187967.160,158.141,1576.784
400302.531,6187968.090,158.108,1577.788
400302.909,6187969.020,158.075,1578.792
400303.286,6187969.940,158.042,1579.786
400303.664,6187970.870,158.009,1580.790
400304.041,6187971.790,157.976,1581.784
400304.419,6187972.720,157.943,1582.788
400304.796,6187973.640,157.910,1583.782
400305.174,6187974.570,157.877,1584.786
400305.552,6187975.500,157.845,1585.790
400305.929,6187976.420,157.814,1586.784
400306.307,6187977.350,157.782,1587.788
400306.685,6187978.270,157.751,1588.783
400307.063,6187979.200,157.719,1589.787
400307.441,6187980.120,157.688,1590.781
400307.819,6187981.050,157.656,1591.785
400308.197,6187981.980,157.625,1592.789
400308.575,6187982.900,157.594,1593.784
400308.952,6187983.830,157.563,1594.787
400309.330,6187984.750,157.533,1595.782
400309.708,6187985.680,157.504,1596.786
400310.086,6187986.600,157.474,1597.780
400310.463,6187987.530,157.444,1598.784
400310.841,6187988.460,157.414,1599.788
400311.219,6187989.380,157.385,1600.782
400311.597,6187990.310,157.355,1601.786
400311.974,6187991.230,157.325,1602.780
400312.352,6187992.160,157.296,1603.784
400312.732,6187993.080,157.268,1604.780
400313.113,6187994.010,157.240,1605.785
400313.493,6187994.930,157.212,1606.780
400313.874,6187995.860,157.184,1607.785
400314.254,6187996.780,157.156,1608.780
400314.634,6187997.710,157.128,1609.785
400315.017,6187998.630,157.100,1610.782
400315.403,6187999.550,157.074,1611.779
400315.788,6188000.480,157.047,1612.786
400316.174,6188001.400,157.021,1613.784
400316.560,6188002.320,156.994,1614.781
400316.945,6188003.240,156.968,1615.779
400317.331,6188004.170,156.941,1616.786
400317.717,6188005.090,156.916,1617.783
400318.105,6188006.010,156.891,1618.782
400318.493,6188006.930,156.867,1619.780
400318.880,6188007.850,156.842,1620.778
400319.268,6188008.770,156.818,1621.777
400319.656,6188009.700,156.793,1622.784
400320.043,6188010.620,156.769,1623.782
400320.431,6188011.540,156.744,1624.781
400320.819,6188012.460,156.720,1625.779
400321.206,6188013.380,156.695,1626.778
400321.593,6188014.310,156.673,1627.785
400321.980,6188015.230,156.651,1628.783
400322.367,6188016.150,156.628,1629.781
400322.754,6188017.070,156.606,1630.779
400323.140,6188017.990,156.584,1631.777
400323.527,6188018.920,156.562,1632.784
400323.914,6188019.840,156.539,1633.782
400324.301,6188020.760,156.517,1634.780
400324.688,6188021.680,156.495,1635.778
400325.080,6188022.600,156.473,1636.778
400325.477,6188023.520,156.453,1637.780
400325.875,6188024.440,156.432,1638.783
400326.279,6188025.350,156.415,1639.778
400326.682,6188026.270,156.401,1640.783
400327.119,6188027.160,156.383,1641.774
400327.581,6188028.050,156.355,1642.777
400328.048,6188028.930,156.331,1643.773
400328.521,6188029.820,156.312,1644.781
400329.018,6188030.680,156.293,1645.774
400329.527,6188031.540,156.273,1646.774
400330.048,6188032.400,156.254,1647.779
400330.594,6188033.230,156.236,1648.773
400331.152,6188034.060,156.217,1649.773
400331.722,6188034.890,156.199,1650.780
400332.316,6188035.690,156.180,1651.776
400332.921,6188036.490,156.162,1652.779
400333.537,6188037.270,156.144,1653.773
400334.176,6188038.040,156.126,1654.774
400334.825,6188038.800,156.108,1655.773
400335.485,6188039.550,156.091,1656.772
400336.167,6188040.290,156.073,1657.779
400336.859,6188041.010,156.056,1658.777
400337.562,6188041.720,156.039,1659.776
400338.285,6188042.410,156.021,1660.776
400339.019,6188043.090,156.004,1661.776
400339.762,6188043.760,155.987,1662.777
400340.524,6188044.400,155.970,1663.772
400341.294,6188045.040,155.953,1664.773
400342.073,6188045.670,155.937,1665.775
400342.867,6188046.280,155.920,1666.776
400343.666,6188046.880,155.903,1667.775
400344.471,6188047.470,155.887,1668.774
400345.287,6188048.050,155.870,1669.775
400346.102,6188048.630,155.854,1670.775
400346.928,6188049.190,155.837,1671.773
400347.754,6188049.750,155.821,1672.771
400348.589,6188050.300,155.804,1673.771
400349.429,6188050.850,155.788,1674.775
400350.274,6188051.380,155.772,1675.772
400351.131,6188051.900,155.756,1676.775
400351.996,6188052.400,155.739,1677.774
400352.873,6188052.880,155.723,1678.774
400353.763,6188053.330,155.707,1679.771
400354.666,6188053.760,155.691,1680.771
400355.582,6188054.160,155.674,1681.770
400356.510,6188054.530,155.658,1682.770
400357.450,6188054.870,155.642,1683.769
400358.401,6188055.180,155.626,1684.769
400359.360,6188055.460,155.610,1685.768
400360.327,6188055.720,155.594,1686.770
400361.301,6188055.950,155.578,1687.771
400362.280,6188056.150,155.561,1688.770
400363.262,6188056.330,155.545,1689.768
400364.249,6188056.490,155.529,1690.768
400365.238,6188056.640,155.513,1691.768
400366.230,6188056.770,155.497,1692.769
400367.223,6188056.880,155.481,1693.768
400368.218,6188056.980,155.465,1694.768
400369.215,6188057.060,155.449,1695.768
400370.212,6188057.130,155.433,1696.768
400371.211,6188057.180,155.417,1697.768
400372.210,6188057.210,155.401,1698.767
400373.210,6188057.220,155.385,1699.767
400374.210,6188057.220,155.369,1700.767
400375.209,6188057.190,155.353,1701.767
400376.208,6188057.150,155.337,1702.767
400377.206,6188057.080,155.321,1703.767
400378.202,6188057.000,155.305,1704.766
400379.196,6188056.890,155.289,1705.766
400380.188,6188056.760,155.273,1706.767
400381.177,6188056.620,155.258,1707.766
400382.162,6188056.450,155.242,1708.765
400383.145,6188056.270,155.226,1709.765
400384.124,6188056.060,155.211,1710.766
400385.099,6188055.840,155.195,1711.765
400386.073,6188055.610,155.180,1712.766
400387.042,6188055.370,155.164,1713.764
400388.010,6188055.120,155.149,1714.764
400388.977,6188054.860,155.134,1715.765
400389.942,6188054.600,155.119,1716.765
400390.908,6188054.340,155.104,1717.765
400391.874,6188054.090,155.089,1718.763
400392.840,6188053.830,155.074,1719.763
400393.806,6188053.570,155.059,1720.764
400394.770,6188053.300,155.044,1721.765
400395.733,6188053.040,155.029,1722.762
400396.697,6188052.770,155.013,1723.764
400397.662,6188052.510,154.999,1724.763
400398.627,6188052.240,154.985,1725.765
400399.592,6188051.980,154.971,1726.764
400400.557,6188051.720,154.956,1727.764
400401.521,6188051.460,154.942,1728.762
400402.486,6188051.200,154.928,1729.762
400403.451,6188050.930,154.913,1730.764
400404.416,6188050.670,154.899,1731.763
400405.381,6188050.410,154.885,1732.763
400406.346,6188050.150,154.871,1733.762
400407.310,6188049.880,154.857,1734.763
400408.275,6188049.620,154.844,1735.762
400409.239,6188049.360,154.830,1736.761
400410.204,6188049.090,154.816,1737.763
400411.168,6188048.830,154.803,1738.761
400412.133,6188048.570,154.789,1739.761
400413.097,6188048.300,154.776,1740.762
400414.062,6188048.040,154.762,1741.761
400415.026,6188047.770,154.748,1742.762
400415.992,6188047.510,154.735,1743.763
400416.957,6188047.260,154.722,1744.760
400417.923,6188047.000,154.709,1745.760
400418.888,6188046.740,154.696,1746.759
400419.854,6188046.480,154.683,1747.760
400420.819,6188046.220,154.670,1748.759
400421.785,6188045.960,154.657,1749.760
400422.750,6188045.700,154.644,1750.759
400423.716,6188045.440,154.631,1751.759
400424.681,6188045.180,154.619,1752.759
400425.647,6188044.920,154.606,1753.759
400426.613,6188044.660,154.593,1754.760
400427.578,6188044.400,154.581,1755.759
400428.544,6188044.140,154.568,1756.759
400429.509,6188043.880,154.556,1757.759
400430.475,6188043.620,154.543,1758.759
400431.441,6188043.360,154.531,1759.760
400432.406,6188043.100,154.518,1760.759
400433.372,6188042.840,154.505,1761.759
400434.337,6188042.580,154.493,1762.759
400435.303,6188042.320,154.481,1763.759
400436.268,6188042.060,154.469,1764.759
400437.234,6188041.800,154.456,1765.759
400438.200,6188041.540,154.444,1766.759
400439.165,6188041.280,154.432,1767.759
400440.131,6188041.020,154.419,1768.759
400441.096,6188040.760,154.407,1769.759
400442.062,6188040.500,154.395,1770.759
400443.027,6188040.240,154.383,1771.758
400443.992,6188039.980,154.370,1772.758
400444.957,6188039.720,154.358,1773.757
400445.922,6188039.460,154.346,1774.757
400446.888,6188039.200,154.334,1775.757
400447.853,6188038.940,154.322,1776.756
400448.818,6188038.680,154.310,1777.756
400449.783,6188038.410,154.298,1778.758
400450.748,6188038.150,154.286,1779.757
400451.713,6188037.890,154.273,1780.757
400452.678,6188037.630,154.261,1781.756
400453.643,6188037.370,154.249,1782.755
400454.608,6188037.110,154.237,1783.755
400455.573,6188036.840,154.225,1784.757
400456.538,6188036.580,154.213,1785.756
400457.503,6188036.320,154.201,1786.756
400458.468,6188036.060,154.189,1787.755
400459.432,6188035.800,154.177,1788.754
400460.397,6188035.530,154.165,1789.756
400461.362,6188035.270,154.153,1790.755
400462.327,6188035.010,154.141,1791.755
400463.292,6188034.750,154.129,1792.754
400464.257,6188034.490,154.117,1793.753
400465.222,6188034.230,154.105,1794.753
400466.188,6188033.960,154.093,1795.756
400467.153,6188033.700,154.081,1796.755
400468.118,6188033.440,154.069,1797.755
400469.083,6188033.180,154.057,1798.754
400470.048,6188032.920,154.045,1799.753
400471.012,6188032.660,154.033,1800.752
400471.977,6188032.390,154.021,1801.754
400472.942,6188032.130,154.009,1802.753
400473.907,6188031.870,153.997,1803.753
400474.872,6188031.610,153.985,1804.752
400475.837,6188031.340,153.973,1805.754
400476.802,6188031.080,153.961,1806.754
400477.767,6188030.820,153.949,1807.753
400478.731,6188030.560,153.938,1808.752
400479.696,6188030.300,153.926,1809.751
400480.661,6188030.030,153.914,1810.753
400481.626,6188029.770,153.902,1811.752
400482.590,6188029.510,153.890,1812.751
400483.555,6188029.240,153.878,1813.753
400484.520,6188028.980,153.866,1814.752
400485.485,6188028.720,153.854,1815.752
400486.449,6188028.460,153.842,1816.750
400487.414,6188028.190,153.830,1817.752
400488.379,6188027.930,153.818,1818.752
400489.343,6188027.670,153.806,1819.750
400490.308,6188027.400,153.794,1820.752
400491.272,6188027.140,153.782,1821.751
400492.237,6188026.880,153.770,1822.750
400493.202,6188026.610,153.758,1823.752
400494.166,6188026.350,153.746,1824.751
400495.131,6188026.090,153.735,1825.750
400496.095,6188025.820,153.723,1826.751
400497.060,6188025.560,153.711,1827.750
400498.024,6188025.300,153.699,1828.749
400498.989,6188025.030,153.687,1829.751
400499.954,6188024.770,153.675,1830.750
400500.918,6188024.510,153.663,1831.749
400501.883,6188024.250,153.651,1832.748
400502.848,6188023.980,153.639,1833.750
400503.813,6188023.720,153.627,1834.750
400504.777,6188023.460,153.615,1835.748
400505.742,6188023.190,153.603,1836.750
400506.707,6188022.930,153.591,1837.750
400507.671,6188022.670,153.580,1838.748
400508.636,6188022.410,153.568,1839.747
400509.601,6188022.140,153.556,1840.750
400510.566,6188021.880,153.544,1841.749
400511.531,6188021.620,153.532,1842.748
400512.495,6188021.360,153.520,1843.747
400513.460,6188021.090,153.508,1844.749
400514.425,6188020.830,153.496,1845.748
400515.390,6188020.570,153.484,1846.748
400516.355,6188020.310,153.473,1847.747
400517.320,6188020.050,153.461,1848.747
400518.285,6188019.780,153.449,1849.749
400519.250,6188019.520,153.437,1850.748
400520.215,6188019.260,153.425,1851.747
400521.180,6188019.000,153.414,1852.747
400522.145,6188018.740,153.402,1853.746
400523.110,6188018.480,153.390,1854.746
400524.075,6188018.210,153.378,1855.748
400525.040,6188017.950,153.366,1856.747
400526.004,6188017.690,153.355,1857.746
400526.968,6188017.420,153.343,1858.747
400527.932,6188017.160,153.332,1859.745
400528.896,6188016.890,153.320,1860.746
400529.860,6188016.630,153.308,1861.745
400530.824,6188016.360,153.297,1862.746
400531.788,6188016.100,153.285,1863.744
400532.753,6188015.830,153.274,1864.746
400533.717,6188015.570,153.262,1865.745
400534.681,6188015.300,153.251,1866.746
400535.646,6188015.040,153.239,1867.745
400536.610,6188014.780,153.228,1868.744
400537.575,6188014.510,153.217,1869.746
400538.539,6188014.250,153.205,1870.744
400539.504,6188013.990,153.194,1871.744
400540.470,6188013.730,153.183,1872.744
400541.435,6188013.470,153.172,1873.743
400542.401,6188013.210,153.161,1874.744
400543.366,6188012.950,153.149,1875.743
400544.332,6188012.690,153.138,1876.744
400545.297,6188012.430,153.127,1877.743
400546.263,6188012.170,153.116,1878.743
400547.228,6188011.910,153.105,1879.743
400548.194,6188011.650,153.094,1880.743
400549.159,6188011.390,153.083,1881.743
400550.124,6188011.130,153.072,1882.742
400551.090,6188010.870,153.061,1883.742
400552.055,6188010.610,153.050,1884.742
400553.020,6188010.350,153.039,1885.741
400553.986,6188010.090,153.027,1886.742
400554.951,6188009.830,153.016,1887.741
400555.917,6188009.570,153.005,1888.741
400556.882,6188009.310,152.994,1889.741
400557.847,6188009.040,152.983,1890.743
400558.812,6188008.780,152.972,1891.742
400559.777,6188008.520,152.961,1892.742
400560.742,6188008.260,152.950,1893.741
400561.707,6188008.000,152.939,1894.740
400562.672,6188007.730,152.928,1895.742
400563.637,6188007.470,152.917,1896.742
400564.602,6188007.210,152.906,1897.741
400565.567,6188006.950,152.896,1898.741
400566.532,6188006.690,152.896,1899.740
400567.497,6188006.430,152.909,1900.740
400568.463,6188006.170,152.922,1901.740
400569.428,6188005.910,152.935,1902.739
400570.394,6188005.650,152.934,1903.740
400571.359,6188005.390,152.905,1904.739
400572.324,6188005.130,152.875,1905.739
400573.289,6188004.860,152.845,1906.741
400574.255,6188004.600,152.815,1907.741
400575.220,6188004.340,152.785,1908.740
400576.185,6188004.080,152.773,1909.740
400577.150,6188003.820,152.762,1910.739
400578.115,6188003.560,152.751,1911.739
400579.080,6188003.300,152.740,1912.738
400580.045,6188003.040,152.728,1913.737
400581.011,6188002.780,152.717,1914.738
400581.976,6188002.510,152.706,1915.740
400582.941,6188002.250,152.694,1916.739
400583.906,6188001.990,152.683,1917.739
400584.871,6188001.730,152.672,1918.738
400585.836,6188001.470,152.660,1919.738
400586.801,6188001.210,152.649,1920.737
400587.767,6188000.950,152.637,1921.737
400588.732,6188000.690,152.625,1922.737
400589.697,6188000.430,152.614,1923.736
400590.662,6188000.160,152.602,1924.738
400591.627,6187999.900,152.591,1925.738
400592.592,6187999.640,152.579,1926.737
400593.557,6187999.380,152.568,1927.736
400594.523,6187999.120,152.556,1928.737
400595.488,6187998.860,152.544,1929.736
400596.453,6187998.600,152.532,1930.736
400597.419,6187998.340,152.520,1931.736
400598.384,6187998.080,152.508,1932.735
400599.349,6187997.820,152.496,1933.735
400600.314,6187997.560,152.484,1934.734
400601.280,6187997.300,152.472,1935.735
400602.245,6187997.030,152.460,1936.737
400603.210,6187996.770,152.448,1937.736
400604.176,6187996.510,152.436,1938.736
400605.141,6187996.250,152.423,1939.736
400606.106,6187995.990,152.411,1940.735
400607.071,6187995.730,152.399,1941.735
400608.037,6187995.470,152.386,1942.735
400609.002,6187995.210,152.374,1943.735
400609.967,6187994.950,152.362,1944.734
400610.933,6187994.690,152.349,1945.734
400611.898,6187994.430,152.337,1946.734
400612.863,6187994.170,152.324,1947.733
400613.828,6187993.910,152.311,1948.733
400614.793,6187993.640,152.299,1949.735
400615.758,6187993.380,152.286,1950.734
400616.724,6187993.120,152.273,1951.734
400617.689,6187992.860,152.260,1952.734
400618.654,6187992.600,152.247,1953.733
400619.619,6187992.340,152.235,1954.733
400620.584,6187992.080,152.222,1955.732
400621.549,6187991.810,152.209,1956.734
400622.514,6187991.550,152.196,1957.734
400623.478,6187991.290,152.182,1958.732
400624.443,6187991.030,152.169,1959.731
400625.408,6187990.760,152.156,1960.733
400626.373,6187990.500,152.143,1961.733
400627.337,6187990.240,152.130,1962.731
400628.302,6187989.980,152.116,1963.731
400629.267,6187989.710,152.103,1964.733
400630.232,6187989.450,152.090,1965.732
400631.196,6187989.190,152.076,1966.731
400632.161,6187988.920,152.063,1967.733
400633.125,6187988.660,152.049,1968.731
400634.090,6187988.400,152.036,1969.731
400635.055,6187988.130,152.022,1970.733
400636.019,6187987.870,152.009,1971.731
400636.984,6187987.610,151.995,1972.730
400637.948,6187987.340,151.981,1973.732
400638.913,6187987.080,151.968,1974.731
400639.878,6187986.820,151.954,1975.730
400640.843,6187986.560,151.940,1976.730
400641.808,6187986.290,151.926,1977.732
400642.772,6187986.030,151.913,1978.730
400643.737,6187985.770,151.899,1979.730
400644.702,6187985.510,151.885,1980.729
400645.667,6187985.250,151.871,1981.729
400646.632,6187984.980,151.857,1982.731
400647.597,6187984.720,151.843,1983.730
400648.562,6187984.460,151.829,1984.729
400649.527,6187984.200,151.816,1985.729
400650.492,6187983.940,151.802,1986.728
400651.457,6187983.680,151.788,1987.728
400652.422,6187983.410,151.774,1988.730
400653.387,6187983.150,151.760,1989.729
400654.352,6187982.890,151.746,1990.729
400655.318,6187982.630,151.732,1991.729
400656.283,6187982.370,151.718,1992.728
400657.248,6187982.110,151.704,1993.728
400658.213,6187981.850,151.690,1994.727
400659.178,6187981.580,151.676,1995.729
400660.143,6187981.320,151.662,1996.729
400661.108,6187981.060,151.648,1997.728
400662.073,6187980.800,151.634,1998.727
400663.038,6187980.540,151.620,1999.727
400664.003,6187980.280,151.606,2000.726
400664.968,6187980.010,151.592,2001.728
400665.933,6187979.750,151.578,2002.728
400666.897,6187979.490,151.564,2003.726
400667.862,6187979.230,151.551,2004.726
400668.826,6187978.960,151.537,2005.727
400669.790,6187978.700,151.523,2006.725
400670.754,6187978.430,151.510,2007.726
400671.719,6187978.170,151.496,2008.726
400672.683,6187977.900,151.482,2009.727
400673.647,6187977.640,151.469,2010.725
400674.611,6187977.370,151.455,2011.726
400675.576,6187977.110,151.441,2012.726
400676.540,6187976.850,151.428,2013.724
400677.504,6187976.580,151.415,2014.725
400678.469,6187976.320,151.401,2015.725
400679.433,6187976.050,151.388,2016.726
400680.397,6187975.790,151.375,2017.724
400681.361,6187975.520,151.361,2018.725
400682.326,6187975.260,151.348,2019.725
400683.290,6187975.000,151.335,2020.723
400684.254,6187974.730,151.321,2021.724
400685.219,6187974.470,151.308,2022.724
400686.184,6187974.210,151.295,2023.723
400687.149,6187973.940,151.282,2024.725
400688.114,6187973.680,151.270,2025.725
400689.079,6187973.420,151.257,2026.724
400690.044,6187973.160,151.244,2027.723
400691.009,6187972.900,151.231,2028.723
400691.974,6187972.640,151.218,2029.722
400692.939,6187972.380,151.205,2030.722
400693.904,6187972.110,151.193,2031.724
400694.869,6187971.850,151.180,2032.723
400695.833,6187971.590,151.168,2033.722
400696.798,6187971.320,151.155,2034.724
400697.762,6187971.060,151.143,2035.722
400698.726,6187970.790,151.131,2036.723
400699.691,6187970.530,151.118,2037.723
400700.655,6187970.270,151.106,2038.721
400701.619,6187970.000,151.094,2039.722
400702.584,6187969.740,151.081,2040.722
400703.548,6187969.470,151.069,2041.723
400704.512,6187969.210,151.057,2042.721
400705.477,6187968.950,151.046,2043.720
400706.441,6187968.680,151.034,2044.722
400707.406,6187968.420,151.022,2045.721
400708.370,6187968.150,151.010,2046.722
400709.335,6187967.890,150.998,2047.722
400710.299,6187967.630,150.987,2048.720
400711.264,6187967.360,150.975,2049.722
400712.228,6187967.100,150.963,2050.720
400713.192,6187966.840,150.951,2051.719
400714.157,6187966.570,150.940,2052.721
400715.122,6187966.310,150.929,2053.720
400716.086,6187966.050,150.918,2054.719
400717.051,6187965.780,150.906,2055.721
400718.016,6187965.520,150.895,2056.720
400718.980,6187965.260,150.884,2057.719
400719.945,6187964.990,150.872,2058.721
400720.909,6187964.730,150.861,2059.719
400721.874,6187964.470,150.850,2060.719
400722.839,6187964.210,150.839,2061.718
400723.804,6187963.940,150.828,2062.720
400724.769,6187963.680,150.817,2063.720
400725.734,6187963.420,150.806,2064.719
400726.699,6187963.160,150.795,2065.718
400727.664,6187962.900,150.784,2066.718
400728.629,6187962.640,150.773,2067.717
400729.594,6187962.370,150.762,2068.719
400730.559,6187962.110,150.751,2069.719
400731.524,6187961.850,150.740,2070.718
400732.489,6187961.590,150.730,2071.718
400733.454,6187961.330,150.719,2072.717
400734.419,6187961.070,150.708,2073.716
400735.384,6187960.800,150.697,2074.718
400736.349,6187960.540,150.687,2075.718
400737.314,6187960.280,150.676,2076.717
400738.279,6187960.020,150.665,2077.717
400739.244,6187959.760,150.654,2078.716
400740.209,6187959.500,150.644,2079.715
400741.176,6187959.240,150.633,2080.717
400742.143,6187958.990,150.622,2081.716
400743.110,6187958.730,150.612,2082.717
400744.077,6187958.480,150.601,2083.716
400745.044,6187958.220,150.590,2084.717
400746.011,6187957.970,150.580,2085.716
400746.978,6187957.710,150.569,2086.717
400747.945,6187957.460,150.558,2087.716
400748.913,6187957.210,150.547,2088.716
400749.880,6187956.960,150.536,2089.715
400750.848,6187956.710,150.526,2090.714
400751.816,6187956.450,150.515,2091.717
400752.783,6187956.200,150.504,2092.715
400753.751,6187955.950,150.493,2093.715
400754.718,6187955.700,150.483,2094.714
400755.686,6187955.450,150.472,2095.714
400756.654,6187955.200,150.461,2096.714
400757.622,6187954.940,150.450,2097.716
400758.590,6187954.690,150.439,2098.716
400759.558,6187954.440,150.428,2099.715
400760.526,6187954.190,150.417,2100.715
400761.494,6187953.940,150.406,2101.715
400762.462,6187953.690,150.395,2102.715
400763.429,6187953.440,150.384,2103.713
400764.397,6187953.190,150.373,2104.713
400765.365,6187952.940,150.362,2105.713
400766.334,6187952.690,150.350,2106.714
400767.303,6187952.440,150.339,2107.714
400768.272,6187952.200,150.328,2108.713
400769.240,6187951.950,150.316,2109.712
400770.209,6187951.700,150.305,2110.713
400771.178,6187951.450,150.294,2111.714
400772.146,6187951.210,150.282,2112.711
400773.115,6187950.960,150.271,2113.712
400774.084,6187950.710,150.260,2114.713
400775.053,6187950.470,150.248,2115.711
400776.022,6187950.220,150.237,2116.712
400776.991,6187949.970,150.225,2117.712
400777.961,6187949.730,150.213,2118.712
400778.930,6187949.480,150.202,2119.712
400779.899,6187949.240,150.190,2120.711
400780.869,6187948.990,150.178,2121.712
400781.838,6187948.750,150.166,2122.711
400782.807,6187948.500,150.155,2123.711
400783.776,6187948.260,150.143,2124.710
400784.746,6187948.010,150.131,2125.711
400785.716,6187947.770,150.119,2126.711
400786.685,6187947.530,150.107,2127.709
400787.655,6187947.280,150.095,2128.711
400788.625,6187947.040,150.083,2129.710
400789.594,6187946.790,150.071,2130.711
400790.564,6187946.550,150.059,2131.710
400791.534,6187946.310,150.047,2132.709
400792.504,6187946.060,150.035,2133.711
400793.473,6187945.820,150.023,2134.709
400794.443,6187945.570,150.010,2135.711
400795.412,6187945.330,149.998,2136.709
400796.382,6187945.090,149.985,2137.708
400797.351,6187944.840,149.973,2138.709
400798.321,6187944.600,149.961,2139.708
400799.290,6187944.350,149.948,2140.709
400800.260,6187944.110,149.936,2141.708
400801.229,6187943.860,149.924,2142.709
400802.199,6187943.620,149.911,2143.708
400803.168,6187943.370,149.899,2144.709
400804.138,6187943.130,149.886,2145.708
400805.107,6187942.880,149.873,2146.709
400806.076,6187942.640,149.861,2147.707
400807.046,6187942.390,149.848,2148.709
400808.015,6187942.150,149.835,2149.707
400808.984,6187941.900,149.823,2150.708
400809.954,6187941.660,149.810,2151.707
400810.923,6187941.410,149.797,2152.708
400811.893,6187941.170,149.784,2153.707
400812.862,6187940.920,149.772,2154.708
400813.832,6187940.680,149.759,2155.707
400814.802,6187940.440,149.746,2156.706
400815.772,6187940.190,149.733,2157.708
400816.741,6187939.950,149.720,2158.706
400817.711,6187939.710,149.707,2159.706
400818.681,6187939.460,149.694,2160.707
400819.651,6187939.220,149.681,2161.707
400820.620,6187938.980,149.668,2162.705
400821.590,6187938.730,149.655,2163.707
400822.561,6187938.490,149.642,2164.707
400823.531,6187938.250,149.629,2165.706
400824.501,6187938.010,149.616,2166.705
400825.471,6187937.770,149.603,2167.704
400826.441,6187937.520,149.590,2168.706
400827.411,6187937.280,149.577,2169.705
400828.381,6187937.040,149.563,2170.705
400829.351,6187936.800,149.550,2171.704
400830.321,6187936.560,149.537,2172.703
400831.292,6187936.310,149.524,2173.706
400832.262,6187936.070,149.511,2174.705
400833.232,6187935.830,149.497,2175.704
400834.202,6187935.590,149.484,2176.704
400835.172,6187935.340,149.471,2177.705
400836.142,6187935.100,149.458,2178.705
400837.112,6187934.860,149.444,2179.704
400838.082,6187934.620,149.431,2180.703
400839.052,6187934.380,149.418,2181.702
400840.022,6187934.130,149.404,2182.704
400840.992,6187933.890,149.391,2183.703
400841.962,6187933.650,149.377,2184.702
400842.932,6187933.410,149.364,2185.702
400843.903,6187933.160,149.351,2186.704
400844.873,6187932.920,149.337,2187.704
400845.843,6187932.680,149.324,2188.703
400846.813,6187932.440,149.310,2189.702
400847.783,6187932.200,149.297,2190.701
400848.753,6187931.950,149.284,2191.703
400849.723,6187931.710,149.270,2192.702
400850.693,6187931.470,149.257,2193.702
400851.663,6187931.230,149.243,2194.701
400852.634,6187930.990,149.229,2195.701
400853.604,6187930.740,149.216,2196.703
400854.574,6187930.500,149.202,2197.702
400855.544,6187930.260,149.189,2198.701
400856.514,6187930.020,149.175,2199.701
400857.484,6187929.780,149.162,2200.700
400858.454,6187929.530,149.148,2201.701
400859.424,6187929.290,149.135,2202.701
400860.394,6187929.050,149.121,2203.700
400861.364,6187928.810,149.107,2204.699
400862.334,6187928.560,149.094,2205.701
400863.304,6187928.320,149.080,2206.700
400864.274,6187928.080,149.067,2207.699
400865.244,6187927.840,149.053,2208.699
400866.214,6187927.590,149.039,2209.700
400867.184,6187927.350,149.026,2210.700
400868.154,6187927.110,149.012,2211.699
400869.124,6187926.870,148.998,2212.698
400870.094,6187926.620,148.985,2213.700
400871.064,6187926.380,148.971,2214.699
400872.034,6187926.140,148.957,2215.698
400873.004,6187925.890,148.943,2216.700
400873.974,6187925.650,148.930,2217.699
400874.944,6187925.410,148.916,2218.699
400875.913,6187925.160,148.902,2219.699
400876.883,6187924.920,148.888,2220.698
400877.853,6187924.680,148.875,2221.698
400878.823,6187924.440,148.861,2222.697
400879.794,6187924.190,148.847,2223.700
400880.764,6187923.950,148.833,2224.699
400881.734,6187923.710,148.820,2225.698
400882.704,6187923.470,148.806,2226.697
400883.674,6187923.230,148.792,2227.697
400884.644,6187922.980,148.778,2228.698
400885.614,6187922.740,148.764,2229.698
400886.584,6187922.500,148.750,2230.697
400887.554,6187922.250,148.737,2231.699
400888.524,6187922.010,148.723,2232.698
400889.493,6187921.770,148.709,2233.696
400890.463,6187921.530,148.695,2234.695
400891.433,6187921.280,148.681,2235.697
400892.403,6187921.040,148.667,2236.696
400893.373,6187920.800,148.653,2237.696
400894.343,6187920.560,148.640,2238.695
400895.313,6187920.310,148.626,2239.696
400896.283,6187920.070,148.612,2240.696
400897.253,6187919.830,148.598,2241.695
400898.223,6187919.590,148.584,2242.694
400899.193,6187919.340,148.570,2243.696
400900.163,6187919.100,148.556,2244.695
400901.133,6187918.860,148.542,2245.694
400902.104,6187918.620,148.528,2246.695
400903.074,6187918.370,148.514,2247.696
400904.044,6187918.130,148.500,2248.696
400905.014,6187917.890,148.486,2249.695
400905.984,6187917.650,148.472,2250.694
400906.955,6187917.410,148.458,2251.694
400907.925,6187917.170,148.444,2252.694
400908.895,6187916.930,148.430,2253.693
400909.866,6187916.680,148.416,2254.695
400910.836,6187916.440,148.402,2255.695
400911.806,6187916.200,148.388,2256.694
400912.777,6187915.960,148.374,2257.694
400913.747,6187915.720,148.360,2258.693
400914.716,6187915.480,148.346,2259.692
400915.686,6187915.230,148.332,2260.693
400916.656,6187914.990,148.318,2261.693
400917.626,6187914.750,148.304,2262.692
400918.596,6187914.500,148.290,2263.694
400919.566,6187914.260,148.276,2264.693
400920.536,6187914.020,148.262,2265.692
400921.505,6187913.770,148.248,2266.693
400922.475,6187913.530,148.234,2267.692
400923.446,6187913.290,148.220,2268.692
400924.416,6187913.050,148.206,2269.692
400925.386,6187912.810,148.192,2270.691
400926.356,6187912.560,148.178,2271.693
400927.327,6187912.320,148.163,2272.693
400928.297,6187912.080,148.149,2273.692
400929.267,6187911.840,148.135,2274.691
400930.237,6187911.600,148.121,2275.690
400931.207,6187911.360,148.107,2276.690
400932.178,6187911.120,148.093,2277.690
400933.149,6187910.880,148.079,2278.690
400934.119,6187910.640,148.065,2279.689
400935.090,6187910.400,148.051,2280.690
400936.060,6187910.160,148.036,2281.689
400937.031,6187909.920,148.022,2282.689
400938.002,6187909.680,148.008,2283.689
400938.972,6187909.440,147.994,2284.689
400939.943,6187909.200,147.980,2285.689
400940.913,6187908.950,147.965,2286.691
400941.884,6187908.710,147.951,2287.691
400942.854,6187908.470,147.937,2288.690
400943.824,6187908.230,147.923,2289.689
400944.795,6187907.990,147.908,2290.689
400945.765,6187907.750,147.894,2291.689
400946.735,6187907.510,147.880,2292.688
400947.705,6187907.270,147.865,2293.687
400948.676,6187907.020,147.851,2294.690
400949.646,6187906.780,147.837,2295.689
400950.615,6187906.540,147.822,2296.687
400951.585,6187906.290,147.808,2297.689
400952.554,6187906.050,147.793,2298.687
400953.523,6187905.800,147.779,2299.688
400954.492,6187905.560,147.764,2300.686
400955.461,6187905.310,147.750,2301.687
400956.431,6187905.060,147.735,2302.689
400957.400,6187904.820,147.721,2303.687
400958.369,6187904.570,147.706,2304.688
400959.339,6187904.330,147.692,2305.687
400960.309,6187904.090,147.677,2306.686
400961.279,6187903.840,147.662,2307.688
400962.249,6187903.600,147.648,2308.687
400963.219,6187903.360,147.633,2309.687
400964.189,6187903.120,147.618,2310.686
400965.159,6187902.880,147.603,2311.685
400966.129,6187902.630,147.589,2312.687
400967.099,6187902.390,147.574,2313.686
400968.070,6187902.150,147.559,2314.686
400969.040,6187901.910,147.544,2315.685
400970.010,6187901.660,147.529,2316.687
400970.980,6187901.420,147.514,2317.686
400971.950,6187901.180,147.500,2318.686
400972.920,6187900.940,147.485,2319.685
400973.890,6187900.700,147.470,2320.684
400974.860,6187900.450,147.455,2321.686
400975.830,6187900.210,147.440,2322.685
400976.801,6187899.970,147.425,2323.685
400977.771,6187899.730,147.410,2324.685
400978.741,6187899.490,147.395,2325.684
400979.711,6187899.240,147.380,2326.686
400980.681,6187899.000,147.365,2327.685
400981.651,6187898.760,147.350,2328.684
400982.621,6187898.520,147.335,2329.683
400983.591,6187898.280,147.320,2330.683
400984.561,6187898.030,147.305,2331.684
400985.532,6187897.790,147.290,2332.684
400986.502,6187897.550,147.275,2333.684
400987.473,6187897.310,147.364,2334.684
400988.443,6187897.070,147.337,2335.683
400989.412,6187896.820,147.310,2336.684
400990.382,6187896.580,147.283,2337.683
400991.352,6187896.340,147.255,2338.682
400992.322,6187896.100,147.228,2339.682
400993.292,6187895.850,147.201,2340.683
400994.262,6187895.610,147.174,2341.683
400995.232,6187895.370,147.146,2342.682
400996.202,6187895.120,147.124,2343.684
400997.172,6187894.880,147.109,2344.683
400998.142,6187894.640,147.094,2345.682
400999.112,6187894.400,147.079,2346.681
401000.083,6187894.160,147.064,2347.681
401001.053,6187893.920,147.049,2348.681
401002.023,6187893.670,147.034,2349.682
401002.993,6187893.430,147.019,2350.682
401003.963,6187893.190,147.004,2351.681
401004.934,6187892.950,146.988,2352.681
401005.904,6187892.710,146.973,2353.680
401006.873,6187892.460,146.958,2354.681
401007.843,6187892.220,146.943,2355.680
401008.813,6187891.980,146.928,2356.680
401009.783,6187891.740,146.913,2357.679
401010.753,6187891.490,146.898,2358.681
401011.723,6187891.250,146.883,2359.680
401012.693,6187891.010,146.868,2360.679
401013.663,6187890.760,146.853,2361.681
401014.633,6187890.520,146.839,2362.680
401015.603,6187890.280,146.824,2363.679
401016.573,6187890.040,146.809,2364.679
401017.544,6187889.800,146.794,2365.679
401018.514,6187889.550,146.779,2366.680
401019.484,6187889.310,146.764,2367.680
401020.454,6187889.070,146.749,2368.679
401021.424,6187888.830,146.735,2369.678
401022.394,6187888.590,146.720,2370.677
401023.364,6187888.340,146.705,2371.679
401024.334,6187888.100,146.690,2372.678
401025.304,6187887.860,146.676,2373.678
401026.274,6187887.620,146.661,2374.677
401027.244,6187887.370,146.646,2375.679
401028.215,6187887.130,146.632,2376.679
401029.185,6187886.890,146.617,2377.678
401030.155,6187886.650,146.602,2378.677
401031.125,6187886.410,146.588,2379.677
401032.095,6187886.160,146.573,2380.678
401033.065,6187885.920,146.559,2381.678
401034.036,6187885.680,146.544,2382.678
401035.006,6187885.440,146.530,2383.677
401035.976,6187885.200,146.515,2384.676
401036.947,6187884.960,146.501,2385.676
401037.917,6187884.720,146.487,2386.676
401038.888,6187884.480,146.472,2387.676
401039.858,6187884.240,146.458,2388.675
401040.829,6187884.000,146.443,2389.675
401041.799,6187883.750,146.429,2390.677
401042.769,6187883.510,146.415,2391.676
401043.740,6187883.270,146.401,2392.677
401044.710,6187883.030,146.387,2393.676
401045.680,6187882.790,146.372,2394.675
401046.651,6187882.550,146.358,2395.675
401047.621,6187882.310,146.344,2396.675
401048.591,6187882.070,146.330,2397.674
401049.561,6187881.820,146.316,2398.675
401050.532,6187881.580,146.302,2399.676
401051.502,6187881.340,146.288,2400.675
401052.472,6187881.100,146.274,2401.674
401053.442,6187880.860,146.260,2402.673
401054.412,6187880.620,146.246,2403.673
401055.383,6187880.370,146.232,2404.675
401056.353,6187880.130,146.219,2405.675
401057.323,6187879.890,146.205,2406.674
401058.293,6187879.650,146.191,2407.673
401059.263,6187879.410,146.177,2408.672
401060.233,6187879.160,146.163,2409.674
401061.204,6187878.920,146.150,2410.674
401062.174,6187878.680,146.136,2411.674
401063.144,6187878.440,146.123,2412.673
401064.115,6187878.200,146.109,2413.673
401065.085,6187877.960,146.096,2414.672
401066.056,6187877.720,146.082,2415.672
401067.026,6187877.480,146.069,2416.672
401067.997,6187877.240,146.055,2417.672
401068.967,6187877.000,146.042,2418.671
401069.938,6187876.760,146.029,2419.671
401070.908,6187876.510,146.016,2420.673
401071.878,6187876.270,146.003,2421.672
401072.848,6187876.030,145.989,2422.672
401073.819,6187875.790,145.976,2423.672
401074.789,6187875.550,145.963,2424.671
401075.759,6187875.310,145.950,2425.670
401076.730,6187875.070,145.937,2426.671
401077.700,6187874.820,145.924,2427.672
401078.670,6187874.580,145.911,2428.671
401079.641,6187874.340,145.898,2429.672
401080.611,6187874.100,145.886,2430.671
401081.581,6187873.860,145.873,2431.670
401082.552,6187873.620,145.860,2432.670
401083.522,6187873.380,145.848,2433.670
401084.492,6187873.140,145.835,2434.669
401085.463,6187872.900,145.822,2435.669
401086.433,6187872.650,145.810,2436.671
401087.403,6187872.410,145.797,2437.670
401088.374,6187872.170,145.785,2438.670
401089.344,6187871.930,145.773,2439.670
401090.315,6187871.690,145.761,2440.670
401091.285,6187871.450,145.749,2441.669
401092.256,6187871.210,145.736,2442.669
401093.226,6187870.970,145.724,2443.669
401094.197,6187870.730,145.712,2444.669
401095.167,6187870.490,145.700,2445.668
401096.138,6187870.250,145.688,2446.668
401097.108,6187870.010,145.676,2447.667
401098.079,6187869.770,145.665,2448.668
401099.049,6187869.520,145.653,2449.669
401100.019,6187869.280,145.642,2450.669
401100.989,6187869.040,145.630,2451.668
401101.959,6187868.800,145.619,2452.667
401102.930,6187868.560,145.607,2453.667
401103.900,6187868.320,145.596,2454.667
401104.870,6187868.070,145.585,2455.668
401105.840,6187867.830,145.573,2456.668
401106.811,6187867.590,145.562,2457.668
401107.781,6187867.350,145.552,2458.667
401108.752,6187867.110,145.541,2459.667
401109.723,6187866.870,145.530,2460.667
401110.694,6187866.630,145.520,2461.668
401111.664,6187866.390,145.509,2462.667
401112.635,6187866.150,145.498,2463.667
401113.606,6187865.920,145.488,2464.665
401114.577,6187865.680,145.477,2465.665
401115.547,6187865.440,145.467,2466.664
401116.518,6187865.200,145.457,2467.665
401117.488,6187864.950,145.447,2468.666
401118.459,6187864.710,145.437,2469.667
401119.429,6187864.470,145.428,2470.666
401120.400,6187864.230,145.418,2471.666
401121.370,6187863.990,145.408,2472.665
401122.341,6187863.750,145.398,2473.666
401123.311,6187863.510,145.389,2474.665
401124.282,6187863.270,145.379,2475.665
401125.252,6187863.030,145.370,2476.664
401126.222,6187862.790,145.361,2477.664
401127.192,6187862.550,145.352,2478.663
401128.163,6187862.300,145.344,2479.665
401129.133,6187862.060,145.335,2480.665
401130.103,6187861.820,145.326,2481.664
401131.073,6187861.580,145.317,2482.663
401132.043,6187861.340,145.309,2483.662
401133.014,6187861.100,145.300,2484.663
401133.984,6187860.850,145.291,2485.664
401134.954,6187860.610,145.284,2486.664
401135.924,6187860.370,145.276,2487.663
401136.895,6187860.130,145.268,2488.663
401137.865,6187859.890,145.261,2489.662
401138.835,6187859.650,145.253,2490.662
401139.806,6187859.410,145.245,2491.662
401140.776,6187859.160,145.238,2492.664
401141.746,6187858.920,145.230,2493.663
401142.716,6187858.680,145.222,2494.662
401143.687,6187858.440,145.215,2495.662
401144.657,6187858.200,145.209,2496.661
401145.628,6187857.960,145.202,2497.662
401146.598,6187857.720,145.196,2498.661
401147.569,6187857.480,145.189,2499.661
401148.539,6187857.240,145.183,2500.660
401149.510,6187857.000,145.176,2501.661
401150.480,6187856.760,145.170,2502.660
401151.451,6187856.520,145.163,2503.660
401152.421,6187856.280,145.157,2504.659
401153.392,6187856.040,145.151,2505.660
401154.363,6187855.800,145.146,2506.660
401155.334,6187855.560,145.140,2507.660
401156.305,6187855.320,145.135,2508.660
401157.275,6187855.080,145.130,2509.659
401158.246,6187854.840,145.124,2510.660
401159.217,6187854.600,145.119,2511.660
401160.188,6187854.360,145.114,2512.660
401161.159,6187854.120,145.108,2513.660
401162.130,6187853.890,145.103,2514.658
401163.102,6187853.650,145.099,2515.659
401164.074,6187853.420,145.094,2516.658
401165.046,6187853.180,145.090,2517.659
401166.018,6187852.950,145.086,2518.658
401166.990,6187852.710,145.081,2519.659
401167.962,6187852.480,145.077,2520.658
401168.935,6187852.250,145.073,2521.658
401169.909,6187852.020,145.069,2522.659
401170.882,6187851.790,145.066,2523.659
401171.856,6187851.570,145.062,2524.657
401172.829,6187851.340,145.058,2525.657
401173.803,6187851.110,145.055,2526.658
401174.778,6187850.890,145.052,2527.657
401175.753,6187850.670,145.049,2528.657
401176.727,6187850.440,145.046,2529.658
401177.702,6187850.220,145.043,2530.657
401178.677,6187850.000,145.040,2531.657
401179.652,6187849.780,145.037,2532.656
401180.628,6187849.560,145.035,2533.657
401181.603,6187849.340,145.033,2534.656
401182.579,6187849.120,145.030,2535.657
401183.555,6187848.900,145.028,2536.657
401184.531,6187848.690,145.026,2537.656
401185.507,6187848.470,145.024,2538.656
401186.483,6187848.250,145.022,2539.657
401187.459,6187848.040,145.020,2540.655
401188.436,6187847.820,145.018,2541.656
401189.413,6187847.610,145.017,2542.656
401190.390,6187847.400,145.016,2543.655
401191.366,6187847.180,145.014,2544.655
401192.343,6187846.970,145.013,2545.655
401193.320,6187846.760,145.012,2546.654
401194.297,6187846.540,145.010,2547.656
401195.274,6187846.330,145.009,2548.655
401196.251,6187846.120,145.008,2549.654
401197.228,6187845.910,145.007,2550.653
401198.206,6187845.700,145.006,2551.654
401199.184,6187845.490,145.006,2552.654
401200.162,6187845.280,145.005,2553.654
401201.140,6187845.070,145.005,2554.655
401202.118,6187844.870,145.004,2555.653
401203.098,6187844.670,145.004,2556.653
401204.077,6187844.460,145.004,2557.654
401205.057,6187844.260,145.003,2558.655
401206.037,6187844.070,145.003,2559.653
401207.018,6187843.880,145.003,2560.652
401208.000,6187843.680,145.003,2561.654
401208.981,6187843.490,145.003,2562.653
401209.964,6187843.310,145.004,2563.653
401210.947,6187843.130,145.004,2564.652
401211.931,6187842.950,145.004,2565.652
401212.915,6187842.770,145.005,2566.653
401213.900,6187842.600,145.005,2567.652
401214.885,6187842.430,145.006,2568.652
401215.870,6187842.260,145.006,2569.651
401216.857,6187842.100,145.007,2570.651
401217.844,6187841.940,145.008,2571.651
401218.831,6187841.780,145.008,2572.651
401219.819,6187841.620,145.009,2573.652
401220.808,6187841.470,145.010,2574.652
401221.796,6187841.330,145.011,2575.650
401222.785,6187841.180,145.012,2576.650
401223.775,6187841.040,145.013,2577.650
401224.766,6187840.900,145.014,2578.651
401225.756,6187840.760,145.015,2579.651
401226.747,6187840.630,145.016,2580.651
401227.739,6187840.500,145.018,2581.651
401228.730,6187840.380,145.019,2582.649
401229.722,6187840.250,145.020,2583.650
401230.715,6187840.130,145.022,2584.650
401231.708,6187840.010,145.023,2585.650
401232.701,6187839.900,145.024,2586.649
401233.694,6187839.780,145.026,2587.649
401234.688,6187839.670,145.027,2588.650
401235.682,6187839.560,145.029,2589.650
401236.676,6187839.450,145.031,2590.650
401237.670,6187839.340,145.032,2591.650
401238.664,6187839.230,145.034,2592.650
401239.658,6187839.130,145.035,2593.649
401240.653,6187839.030,145.037,2594.649
401241.647,6187838.930,145.039,2595.648
401242.642,6187838.830,145.041,2596.648
401243.637,6187838.720,145.042,2597.649
401244.631,6187838.620,145.044,2598.648
401245.626,6187838.520,145.046,2599.648
401246.621,6187838.430,145.048,2600.647
401247.617,6187838.330,145.050,2601.648
401248.612,6187838.230,145.052,2602.648
401249.607,6187838.130,145.053,2603.648
401250.602,6187838.040,145.055,2604.647
401251.597,6187837.940,145.057,2605.647
401252.592,6187837.840,145.059,2606.647
401253.587,6187837.740,145.061,2607.647
401254.582,6187837.650,145.063,2608.646
401255.578,6187837.550,145.065,2609.647
401256.573,6187837.460,145.067,2610.646
401257.568,6187837.360,145.069,2611.646
401258.564,6187837.270,145.071,2612.646
401259.559,6187837.170,145.073,2613.646
401260.554,6187837.080,145.075,2614.645
401261.550,6187836.980,145.077,2615.646
401262.545,6187836.890,145.079,2616.645
401263.540,6187836.790,145.081,2617.646
401264.536,6187836.700,145.083,2618.646
401265.531,6187836.610,145.085,2619.645
401266.527,6187836.510,145.087,2620.646
401267.523,6187836.420,145.089,2621.646
401268.518,6187836.330,145.091,2622.645
401269.514,6187836.240,145.093,2623.645
401270.510,6187836.150,145.095,2624.645
401271.506,6187836.060,145.097,2625.645
401272.502,6187835.980,145.099,2626.644
401273.499,6187835.900,145.101,2627.644
401274.495,6187835.810,145.103,2628.644
401275.491,6187835.730,145.105,2629.644
401276.488,6187835.640,145.107,2630.645
401277.484,6187835.570,145.109,2631.643
401278.481,6187835.490,145.111,2632.643
401279.478,6187835.410,145.113,2633.644
401280.475,6187835.330,145.115,2634.644
401281.472,6187835.260,145.117,2635.643
401282.469,6187835.190,145.119,2636.643
401283.467,6187835.120,145.121,2637.643
401284.464,6187835.050,145.123,2638.643
401285.462,6187834.980,145.125,2639.643
401286.459,6187834.910,145.127,2640.642
401287.457,6187834.840,145.129,2641.643
401288.455,6187834.780,145.131,2642.643
401289.452,6187834.720,145.133,2643.642
401290.450,6187834.650,145.135,2644.642
401291.448,6187834.590,145.137,2645.642
401292.446,6187834.530,145.139,2646.642
401293.444,6187834.470,145.141,2647.641
401294.442,6187834.410,145.143,2648.641
401295.440,6187834.350,145.145,2649.641
401296.439,6187834.290,145.147,2650.642
401297.437,6187834.230,145.148,2651.642
401298.435,6187834.170,145.150,2652.641
401299.433,6187834.120,145.152,2653.641
401300.431,6187834.060,145.154,2654.640
401301.430,6187834.000,145.156,2655.641
401302.428,6187833.950,145.158,2656.640
401303.426,6187833.890,145.160,2657.640
401304.425,6187833.840,145.162,2658.641
401305.423,6187833.780,145.164,2659.640
401306.421,6187833.730,145.166,2660.640
401307.419,6187833.670,145.168,2661.639
401308.418,6187833.610,145.170,2662.640
401309.416,6187833.560,145.171,2663.639
401310.415,6187833.510,145.173,2664.640
401311.413,6187833.450,145.175,2665.639
401312.411,6187833.400,145.177,2666.639
401313.410,6187833.340,145.179,2667.640
401314.408,6187833.290,145.181,2668.639
401315.407,6187833.240,145.182,2669.639
401316.405,6187833.180,145.184,2670.639
401317.403,6187833.130,145.186,2671.638
401318.402,6187833.070,145.188,2672.639
401319.400,6187833.020,145.190,2673.638
401320.399,6187832.970,145.191,2674.638
401321.397,6187832.920,145.193,2675.638
401322.396,6187832.870,145.195,2676.638
401323.394,6187832.820,145.197,2677.637
401324.393,6187832.770,145.199,2678.637
401325.392,6187832.720,145.200,2679.638
401326.390,6187832.660,145.202,2680.637
401327.389,6187832.610,145.204,2681.638
401328.387,6187832.560,145.205,2682.637
401329.386,6187832.510,145.207,2683.637
401330.384,6187832.460,145.209,2684.636
401331.383,6187832.410,145.210,2685.637
401332.381,6187832.360,145.212,2686.636
401333.380,6187832.310,145.214,2687.636
401334.379,6187832.260,145.215,2688.636
401335.377,6187832.200,145.217,2689.636
401336.376,6187832.150,145.219,2690.637
401337.374,6187832.100,145.220,2691.636
401338.373,6187832.050,145.222,2692.636
401339.371,6187832.000,145.223,2693.635
401340.370,6187831.950,145.225,2694.636
401341.368,6187831.890,145.226,2695.635
401342.367,6187831.840,145.228,2696.636
401343.365,6187831.790,145.229,2697.635
401344.364,6187831.740,145.231,2698.635
401345.362,6187831.690,145.232,2699.634
401346.361,6187831.630,145.233,2700.635
401347.359,6187831.580,145.235,2701.634
401348.358,6187831.530,145.236,2702.635
401349.356,6187831.480,145.237,2703.634
401350.355,6187831.420,145.239,2704.635
401351.353,6187831.370,145.240,2705.634
401352.352,6187831.320,145.241,2706.634
401353.350,6187831.260,145.242,2707.634
401354.349,6187831.210,145.244,2708.634
401355.347,6187831.160,145.245,2709.633
401356.345,6187831.110,145.246,2710.633
401357.344,6187831.050,145.247,2711.634
401358.342,6187831.000,145.248,2712.633
401359.341,6187830.950,145.249,2713.633
401360.339,6187830.890,145.250,2714.633
401361.338,6187830.840,145.251,2715.633
401362.336,6187830.790,145.252,2716.632
401363.335,6187830.740,145.253,2717.633
401364.333,6187830.680,145.254,2718.632
401365.332,6187830.630,145.255,2719.633
401366.330,6187830.580,145.256,2720.632
401367.329,6187830.530,145.257,2721.632
401368.327,6187830.480,145.257,2722.631
401369.326,6187830.430,145.258,2723.632
401370.324,6187830.380,145.259,2724.631
401371.323,6187830.320,145.259,2725.632
401372.322,6187830.270,145.260,2726.632
401373.320,6187830.220,145.261,2727.631
401374.319,6187830.180,145.261,2728.631
401375.318,6187830.140,145.261,2729.631
401376.317,6187830.090,145.262,2730.631
401377.316,6187830.050,145.262,2731.631
401378.315,6187830.010,145.275,2732.631
401379.314,6187829.970,145.310,2733.630
401380.313,6187829.940,145.346,2734.630
401381.313,6187829.900,145.319,2735.631
401382.312,6187829.870,145.263,2736.630
401383.312,6187829.850,145.263,2737.630
401384.311,6187829.820,145.263,2738.630
401385.311,6187829.800,145.263,2739.630
401386.310,6187829.780,145.263,2740.629
401387.310,6187829.770,145.262,2741.629
401388.310,6187829.760,145.262,2742.629
401389.310,6187829.750,145.261,2743.629
401390.310,6187829.750,145.261,2744.629
401391.309,6187829.740,145.261,2745.628
401392.309,6187829.750,145.260,2746.628
401393.309,6187829.760,145.259,2747.629
401394.309,6187829.770,145.258,2748.629
401395.309,6187829.790,145.258,2749.629
401396.308,6187829.810,145.257,2750.628
401397.308,6187829.830,145.256,2751.628
401398.307,6187829.860,145.255,2752.628
401399.307,6187829.890,145.253,2753.628
401400.306,6187829.920,145.252,2754.628
401401.305,6187829.970,145.251,2755.628
401402.304,6187830.010,145.250,2756.628
401403.303,6187830.050,145.248,2757.627
401404.301,6187830.110,145.247,2758.627
401405.299,6187830.170,145.245,2759.627
401406.298,6187830.220,145.244,2760.627
401407.295,6187830.290,145.242,2761.627
401408.293,6187830.360,145.240,2762.627
401409.290,6187830.430,145.238,2763.627
401410.287,6187830.500,145.236,2764.626
401411.284,6187830.580,145.234,2765.626
401412.280,6187830.670,145.232,2766.626
401413.275,6187830.760,145.230,2767.625
401414.271,6187830.850,145.228,2768.625
401415.265,6187830.960,145.225,2769.625
401416.260,6187831.060,145.223,2770.625
401417.253,6187831.180,145.220,2771.626
401418.246,6187831.300,145.218,2772.626
401419.239,6187831.410,145.215,2773.625
401420.230,6187831.550,145.213,2774.626
401421.221,6187831.680,145.210,2775.625
401422.211,6187831.820,145.207,2776.625
401423.200,6187831.960,145.204,2777.624
401424.189,6187832.110,145.201,2778.624
401425.177,6187832.270,145.199,2779.625
401426.164,6187832.430,145.196,2780.625
401427.151,6187832.580,145.193,2781.623
401428.136,6187832.750,145.189,2782.623
401429.122,6187832.920,145.186,2783.624
401430.107,6187833.100,145.183,2784.625
401431.090,6187833.280,145.180,2785.624
401432.073,6187833.460,145.177,2786.624
401433.057,6187833.640,145.174,2787.624
401434.039,6187833.830,145.170,2788.624
401435.020,6187834.020,145.167,2789.623
401436.001,6187834.210,145.164,2790.623
401436.982,6187834.400,145.160,2791.622
401437.962,6187834.600,145.157,2792.622
401438.941,6187834.810,145.153,2793.623
401439.920,6187835.010,145.150,2794.622
401440.899,6187835.210,145.147,2795.622
401441.876,6187835.430,145.143,2796.623
401442.853,6187835.640,145.140,2797.622
401443.831,6187835.850,145.136,2798.623
401444.806,6187836.070,145.133,2799.622
401445.782,6187836.290,145.129,2800.623
401446.757,6187836.510,145.126,2801.622
401447.733,6187836.730,145.123,2802.623
401448.706,6187836.950,145.119,2803.620
401449.680,6187837.180,145.116,2804.621
401450.654,6187837.410,145.112,2805.622
401451.627,6187837.630,145.109,2806.619
401452.599,6187837.870,145.105,2807.621
401453.571,6187838.100,145.102,2808.620
401454.543,6187838.340,145.099,2809.621
401455.514,6187838.580,145.095,2810.621
401456.486,6187838.810,145.092,2811.620
401457.456,6187839.060,145.089,2812.621
401458.426,6187839.300,145.086,2813.621
401459.396,6187839.540,145.083,2814.620
401460.366,6187839.780,145.080,2815.619
401461.336,6187840.020,145.076,2816.618
401462.306,6187840.270,145.073,2817.620
401463.276,6187840.510,145.070,2818.619
401464.246,6187840.750,145.067,2819.619
401465.216,6187840.990,145.064,2820.618
401466.186,6187841.240,145.062,2821.620
401467.156,6187841.480,145.059,2822.619
401468.126,6187841.720,145.056,2823.618
401469.095,6187841.970,145.053,2824.619
401470.065,6187842.210,145.051,2825.618
401471.035,6187842.450,145.048,2826.617
401472.005,6187842.700,145.045,2827.619
401472.975,6187842.940,145.042,2828.618
401473.945,6187843.180,145.040,2829.618
401474.915,6187843.420,145.038,2830.617
401475.885,6187843.670,145.036,2831.618
401476.855,6187843.910,145.034,2832.618
401477.825,6187844.150,145.031,2833.617
401478.796,6187844.390,145.029,2834.617
401479.766,6187844.630,145.027,2835.616
401480.736,6187844.880,145.025,2836.618
401481.706,6187845.120,145.023,2837.617
401482.676,6187845.360,145.021,2838.617
401483.646,6187845.600,145.019,2839.616
401484.616,6187845.850,145.018,2840.618
401485.586,6187846.090,145.016,2841.617
401486.556,6187846.330,145.015,2842.616
401487.526,6187846.570,145.013,2843.615
401488.496,6187846.820,145.011,2844.617
401489.466,6187847.060,145.010,2845.616
401490.436,6187847.300,145.008,2846.616
401491.406,6187847.540,145.007,2847.615
401492.376,6187847.790,145.006,2848.616
401493.346,6187848.030,145.005,2849.616
401494.316,6187848.270,145.004,2850.615
401495.286,6187848.510,145.004,2851.614
401496.255,6187848.760,145.003,2852.615
401497.225,6187849.000,145.002,2853.614
401498.195,6187849.240,145.001,2854.613
401499.165,6187849.490,145.000,2855.615
401500.135,6187849.730,144.999,2856.614
401501.105,6187849.970,144.999,2857.614
401502.074,6187850.220,144.999,2858.614
401503.044,6187850.460,144.999,2859.614
401504.014,6187850.710,144.999,2860.615
401504.983,6187850.950,144.998,2861.614
401505.953,6187851.190,144.998,2862.613
401506.923,6187851.440,144.998,2863.615
401507.892,6187851.680,144.998,2864.613
401508.862,6187851.920,144.998,2865.612
401509.832,6187852.170,144.998,2866.614
401510.801,6187852.410,144.999,2867.612
401511.771,6187852.660,144.999,2868.614
401512.740,6187852.900,145.000,2869.612
401513.710,6187853.150,145.000,2870.614
401514.679,6187853.390,145.001,2871.612
401515.649,6187853.630,145.002,2872.611
401516.618,6187853.880,145.002,2873.612
401517.588,6187854.120,145.003,2874.611
401518.558,6187854.370,145.003,2875.613
401519.527,6187854.610,145.004,2876.611
401520.497,6187854.860,145.006,2877.613
401521.466,6187855.100,145.007,2878.611
401522.436,6187855.340,145.008,2879.610
401523.406,6187855.590,145.009,2880.612
401524.375,6187855.830,145.011,2881.610
401525.345,6187856.080,145.012,2882.612
401526.314,6187856.320,145.013,2883.610
401527.284,6187856.560,145.015,2884.610
401528.254,6187856.810,145.016,2885.611
401529.224,6187857.050,145.018,2886.611
401530.194,6187857.290,145.020,2887.610
401531.164,6187857.540,145.022,2888.612
401532.134,6187857.780,145.024,2889.611
401533.104,6187858.020,145.026,2890.610
401534.074,6187858.260,145.027,2891.609
401535.044,6187858.510,145.029,2892.611
401536.014,6187858.750,145.031,2893.610
401536.984,6187858.990,145.033,2894.610
401537.954,6187859.230,145.036,2895.609
401538.924,6187859.480,145.038,2896.610
401539.894,6187859.720,145.041,2897.610
401540.864,6187859.960,145.043,2898.609
401541.834,6187860.200,145.046,2899.608
401542.804,6187860.450,145.048,2900.610
401543.774,6187860.690,145.051,2901.609
401544.744,6187860.930,145.053,2902.608
401545.714,6187861.170,145.056,2903.608
401546.684,6187861.420,145.058,2904.609
401547.654,6187861.660,145.061,2905.609
401548.624,6187861.900,145.064,2906.608
401549.594,6187862.140,145.067,2907.607
401550.564,6187862.380,145.070,2908.606
401551.534,6187862.630,145.073,2909.608
401552.504,6187862.870,145.076,2910.607
401553.474,6187863.110,145.079,2911.607
401554.444,6187863.350,145.082,2912.606
401555.414,6187863.600,145.085,2913.608
401556.384,6187863.840,145.088,2914.607
401557.354,6187864.080,145.092,2915.606
401558.324,6187864.320,145.095,2916.605
401559.294,6187864.570,145.099,2917.607
401560.264,6187864.810,145.102,2918.606
401561.234,6187865.050,145.106,2919.605
401562.205,6187865.290,145.109,2920.606
401563.175,6187865.540,145.112,2921.607
401564.145,6187865.780,145.116,2922.607
401565.115,6187866.020,145.119,2923.606
401566.085,6187866.260,145.123,2924.605
401567.055,6187866.510,145.127,2925.607
401568.025,6187866.750,145.131,2926.606
401568.995,6187866.990,145.135,2927.605
401569.965,6187867.230,145.138,2928.605
401570.934,6187867.480,145.142,2929.605
401571.904,6187867.720,145.146,2930.605
401572.874,6187867.960,145.150,2931.604
401573.844,6187868.200,145.153,2932.603
401574.814,6187868.450,145.157,2933.605
401575.785,6187868.690,145.162,2934.605
401576.755,6187868.930,145.166,2935.604
401577.725,6187869.170,145.170,2936.603
401578.695,6187869.420,145.174,2937.605
401579.665,6187869.660,145.178,2938.604
401580.635,6187869.900,145.182,2939.604
401581.605,6187870.140,145.186,2940.603
401582.575,6187870.390,145.190,2941.605
401583.545,6187870.630,145.194,2942.604
401584.515,6187870.870,145.198,2943.603
401585.485,6187871.110,145.202,2944.602
401586.455,6187871.350,145.207,2945.602
401587.425,6187871.600,145.211,2946.603
401588.395,6187871.840,145.215,2947.603
401589.365,6187872.080,145.219,2948.602
401590.335,6187872.320,145.223,2949.601
401591.305,6187872.570,145.228,2950.603
401592.275,6187872.810,145.232,2951.602
401593.245,6187873.050,145.236,2952.601
401594.215,6187873.290,145.240,2953.601
401595.185,6187873.540,145.245,2954.602
401596.155,6187873.780,145.249,2955.601
401597.125,6187874.020,145.253,2956.601
401598.095,6187874.260,145.258,2957.600
401599.065,6187874.510,145.262,2958.602
401600.035,6187874.750,145.266,2959.601
401601.005,6187874.990,145.271,2960.600
401601.975,6187875.230,145.275,2961.599
401602.945,6187875.480,145.279,2962.601
401603.916,6187875.720,145.283,2963.601
401604.886,6187875.960,145.288,2964.601
401605.856,6187876.200,145.292,2965.600
401606.826,6187876.440,145.296,2966.599
401607.796,6187876.690,145.301,2967.601
401608.766,6187876.930,145.305,2968.600
401609.736,6187877.170,145.309,2969.599
401610.707,6187877.410,145.313,2970.599
401611.677,6187877.650,145.318,2971.599
401612.647,6187877.900,145.322,2972.600
401613.617,6187878.140,145.326,2973.600
401614.587,6187878.380,145.330,2974.599
401615.557,6187878.620,145.335,2975.598
401616.527,6187878.870,145.339,2976.600
401617.497,6187879.110,145.343,2977.599
401618.467,6187879.350,145.347,2978.598
401619.437,6187879.590,145.351,2979.598
401620.407,6187879.840,145.356,2980.599
401621.377,6187880.080,145.360,2981.599
401622.347,6187880.320,145.364,2982.598
401623.317,6187880.560,145.368,2983.597
401624.287,6187880.810,145.372,2984.599
401625.257,6187881.050,145.376,2985.598
401626.227,6187881.290,145.380,2986.597
401627.197,6187881.530,145.384,2987.597
401628.167,6187881.780,145.388,2988.598
401629.137,6187882.020,145.392,2989.597
401630.107,6187882.260,145.396,2990.597
401631.076,6187882.510,145.400,2991.597
401632.046,6187882.750,145.404,2992.597
401633.016,6187882.990,145.408,2993.596
401633.986,6187883.240,145.411,2994.598
401634.955,6187883.480,145.415,2995.596
401635.925,6187883.720,145.419,2996.595
401636.895,6187883.970,145.423,2997.597
401637.865,6187884.210,145.427,2998.596
401638.834,6187884.450,145.431,2999.594
401639.804,6187884.700,145.434,3000.596
401640.774,6187884.940,145.438,3001.595
401641.744,6187885.180,145.441,3002.595
401642.714,6187885.430,145.445,3003.596
401643.684,6187885.670,145.449,3004.596
401644.654,6187885.910,145.452,3005.595
401645.624,6187886.150,145.456,3006.594
401646.594,6187886.400,145.459,3007.596
401647.564,6187886.640,145.463,3008.595
401648.534,6187886.880,145.466,3009.594
401649.504,6187887.130,145.470,3010.596
401650.474,6187887.370,145.473,3011.595
401651.444,6187887.610,145.476,3012.594
401652.414,6187887.850,145.479,3013.594
401653.384,6187888.090,145.483,3014.593
401654.354,6187888.340,145.486,3015.595
401655.324,6187888.580,145.489,3016.594
401656.294,6187888.820,145.493,3017.593
401657.264,6187889.060,145.496,3018.592
401658.234,6187889.310,145.499,3019.594
401659.204,6187889.550,145.502,3020.593
401660.174,6187889.790,145.505,3021.593
401661.145,6187890.030,145.508,3022.593
401662.115,6187890.270,145.510,3023.592
401663.085,6187890.520,145.513,3024.594
401664.055,6187890.760,145.516,3025.593
401665.025,6187891.000,145.519,3026.592
401665.995,6187891.240,145.522,3027.592
401666.965,6187891.480,145.525,3028.591
401667.935,6187891.730,145.527,3029.592
401668.905,6187891.970,145.530,3030.592
401669.875,6187892.210,145.532,3031.591
401670.845,6187892.460,145.535,3032.593
401671.815,6187892.700,145.537,3033.592
401672.785,6187892.940,145.540,3034.591
401673.755,6187893.180,145.542,3035.590
401674.725,6187893.430,145.545,3036.592
401675.695,6187893.670,145.547,3037.591
401676.664,6187893.910,145.549,3038.590
401677.634,6187894.160,145.551,3039.591
401678.604,6187894.400,145.553,3040.591
401679.574,6187894.640,145.555,3041.590
401680.544,6187894.880,145.557,3042.589
401681.514,6187895.130,145.559,3043.591
401682.484,6187895.370,145.561,3044.590
401683.454,6187895.610,145.563,3045.589
401684.423,6187895.860,145.566,3046.590
401685.393,6187896.100,145.567,3047.589
401686.363,6187896.340,145.569,3048.589
401687.333,6187896.590,145.570,3049.590
401688.303,6187896.830,145.572,3050.589
401689.272,6187897.070,145.573,3051.588
401690.242,6187897.320,145.575,3052.589
401691.212,6187897.560,145.576,3053.589
401692.182,6187897.800,145.578,3054.588
401693.152,6187898.050,145.579,3055.590
401694.121,6187898.290,145.580,3056.588
401695.091,6187898.530,145.581,3057.587
401696.061,6187898.780,145.582,3058.589
401697.031,6187899.020,145.583,3059.588
401698.000,6187899.260,145.584,3060.586
401698.970,6187899.510,145.585,3061.588
401699.940,6187899.750,145.586,3062.587
401700.910,6187899.990,145.587,3063.587
401701.880,6187900.240,145.588,3064.588
401702.849,6187900.480,145.589,3065.587
401703.819,6187900.720,145.589,3066.586
401704.789,6187900.970,145.589,3067.588
401705.759,6187901.210,145.590,3068.587
401706.729,6187901.450,145.590,3069.586
401707.698,6187901.700,145.590,3070.587
401708.668,6187901.940,145.591,3071.586
401709.638,6187902.180,145.591,3072.585
401710.608,6187902.430,145.591,3073.587
401711.578,6187902.670,145.591,3074.586
401712.548,6187902.910,145.591,3075.585
401713.518,6187903.160,145.591,3076.587
401714.488,6187903.400,145.591,3077.586
401715.458,6187903.640,145.590,3078.586
401716.428,6187903.880,145.590,3079.585
401717.398,6187904.130,145.590,3080.587
401718.367,6187904.370,145.589,3081.585
401719.337,6187904.610,145.589,3082.584
401720.307,6187904.850,145.588,3083.583
401721.277,6187905.100,145.588,3084.585
401722.247,6187905.340,145.587,3085.584
401723.217,6187905.580,145.586,3086.584
401724.187,6187905.830,145.585,3087.585
401725.157,6187906.070,145.584,3088.585
401726.127,6187906.310,145.583,3089.584
401727.097,6187906.550,145.582,3090.583
401728.067,6187906.800,145.581,3091.585
401729.037,6187907.040,145.580,3092.584
401730.007,6187907.280,145.579,3093.583
401730.976,6187907.530,145.577,3094.584
401731.946,6187907.770,145.576,3095.583
401732.916,6187908.010,145.574,3096.582
401733.886,6187908.250,145.572,3097.582
401734.856,6187908.500,145.570,3098.583
401735.826,6187908.740,145.569,3099.583
401736.796,6187908.980,145.567,3100.582
401737.766,6187909.230,145.565,3101.584
401738.736,6187909.470,145.563,3102.583
401739.706,6187909.710,145.562,3103.582
401740.676,6187909.960,145.559,3104.584
401741.645,6187910.200,145.557,3105.582
401742.615,6187910.440,145.554,3106.581
401743.585,6187910.680,145.552,3107.581
401744.555,6187910.930,145.549,3108.582
401745.525,6187911.170,145.547,3109.582
401746.495,6187911.410,145.545,3110.581
401747.465,6187911.660,145.542,3111.582
401748.435,6187911.900,145.540,3112.582
401749.405,6187912.140,145.537,3113.581
401750.375,6187912.380,145.534,3114.580
401751.345,6187912.630,145.531,3115.582
401752.315,6187912.870,145.528,3116.581
401753.285,6187913.110,145.525,3117.580
401754.255,6187913.350,145.522,3118.580
401755.225,6187913.600,145.518,3119.581
401756.195,6187913.840,145.515,3120.581
401757.165,6187914.080,145.512,3121.580
401758.135,6187914.320,145.509,3122.579
401759.105,6187914.570,145.505,3123.581
401760.074,6187914.810,145.502,3124.579
401761.044,6187915.050,145.498,3125.578
401762.014,6187915.300,145.494,3126.580
401762.984,6187915.540,145.491,3127.579
401763.954,6187915.780,145.487,3128.579
401764.924,6187916.020,145.483,3129.578
401765.894,6187916.270,145.479,3130.579
401766.864,6187916.510,145.476,3131.579
401767.834,6187916.750,145.472,3132.578
401768.804,6187916.990,145.467,3133.577
401769.775,6187917.240,145.463,3134.580
401770.745,6187917.480,145.459,3135.579
401771.715,6187917.720,145.455,3136.578
401772.685,6187917.960,145.450,3137.578
401773.655,6187918.200,145.446,3138.577
401774.625,6187918.450,145.442,3139.579
401775.595,6187918.690,145.437,3140.578
401776.565,6187918.930,145.433,3141.577
401777.535,6187919.170,145.428,3142.576
401778.506,6187919.410,145.424,3143.577
401779.476,6187919.660,145.419,3144.578
401780.446,6187919.900,145.414,3145.578
401781.416,6187920.140,145.409,3146.577
401782.386,6187920.380,145.404,3147.576
401783.357,6187920.620,145.400,3148.576
401784.327,6187920.860,145.395,3149.575
401785.297,6187921.110,145.390,3150.577
401786.267,6187921.350,145.385,3151.576
401787.237,6187921.590,145.380,3152.576
401788.207,6187921.830,145.375,3153.575
401789.177,6187922.070,145.369,3154.574
401790.148,6187922.320,145.364,3155.577
401791.118,6187922.560,145.359,3156.576
401792.088,6187922.800,145.353,3157.575
401793.058,6187923.040,145.348,3158.575
401794.028,6187923.280,145.343,3159.574
401794.998,6187923.530,145.338,3160.576
401795.968,6187923.770,145.332,3161.575
401796.938,6187924.010,145.327,3162.574
401797.908,6187924.250,145.321,3163.573
401798.879,6187924.490,145.315,3164.574
401799.849,6187924.740,145.310,3165.575
401800.819,6187924.980,145.304,3166.574
401801.789,6187925.220,145.298,3167.574
401802.759,6187925.460,145.293,3168.573
401803.729,6187925.710,145.287,3169.575
401804.699,6187925.950,145.281,3170.574
401805.669,6187926.190,145.275,3171.573
401806.640,6187926.430,145.269,3172.573
401807.610,6187926.670,145.264,3173.573
401808.580,6187926.920,145.258,3174.574
401809.550,6187927.160,145.252,3175.574
401810.520,6187927.400,145.246,3176.573
401811.490,6187927.640,145.240,3177.572
401812.460,6187927.880,145.234,3178.571
401813.430,6187928.130,145.228,3179.573
401814.400,6187928.370,145.222,3180.572
401815.369,6187928.610,145.216,3181.571
401816.339,6187928.860,145.209,3182.572
401817.308,6187929.100,145.203,3183.571
401818.278,6187929.350,145.197,3184.572
401819.247,6187929.590,145.191,3185.571
401820.217,6187929.840,145.185,3186.572
401821.186,6187930.080,145.178,3187.570
401822.156,6187930.330,145.172,3188.572
401823.126,6187930.570,145.166,3189.571
401824.096,6187930.810,145.160,3190.571
401825.066,6187931.050,145.153,3191.570
401826.037,6187931.290,145.147,3192.570
401827.007,6187931.530,145.141,3193.569
401827.977,6187931.780,145.135,3194.571
401828.948,6187932.010,145.128,3195.569
401829.920,6187932.250,145.122,3196.570
401830.892,6187932.480,145.116,3197.569
401831.864,6187932.720,145.109,3198.570
401832.836,6187932.950,145.103,3199.569
401833.809,6187933.180,145.097,3200.569
401834.783,6187933.410,145.090,3201.570
401835.757,6187933.640,145.084,3202.570
401836.730,6187933.860,145.078,3203.568
401837.704,6187934.090,145.071,3204.569
401838.679,6187934.310,145.065,3205.568
401839.655,6187934.530,145.059,3206.569
401840.631,6187934.750,145.052,3207.569
401841.606,6187934.970,145.046,3208.569
401842.583,6187935.180,145.040,3209.568
401843.560,6187935.390,145.034,3210.567
401844.537,6187935.600,145.028,3211.567
401845.515,6187935.820,145.021,3212.569
401846.492,6187936.030,145.015,3213.568
401847.471,6187936.230,145.009,3214.568
401848.450,6187936.430,145.003,3215.567
401849.429,6187936.640,144.997,3216.568
401850.408,6187936.840,144.991,3217.567
401851.388,6187937.040,144.985,3218.568
401852.368,6187937.230,144.979,3219.566
401853.349,6187937.430,144.973,3220.567
401854.330,6187937.630,144.967,3221.568
401855.310,6187937.820,144.961,3222.566
401856.291,6187938.010,144.955,3223.566
401857.273,6187938.200,144.950,3224.566
401858.255,6187938.390,144.944,3225.566
401859.238,6187938.580,144.938,3226.567
401860.220,6187938.760,144.932,3227.566
401861.203,6187938.950,144.927,3228.567
401862.186,6187939.120,144.922,3229.564
401863.170,6187939.300,144.916,3230.565
401864.154,6187939.480,144.911,3231.565
401865.137,6187939.660,144.905,3232.564
401866.123,6187939.830,144.900,3233.565
401867.108,6187940.010,144.895,3234.566
401868.093,6187940.180,144.890,3235.566
401869.078,6187940.350,144.884,3236.565
401870.064,6187940.510,144.879,3237.564
401871.050,6187940.680,144.875,3238.565
401872.037,6187940.840,144.870,3239.565
401873.023,6187941.000,144.865,3240.564
401874.011,6187941.160,144.860,3241.565
401874.999,6187941.310,144.856,3242.564
401875.986,6187941.470,144.851,3243.564
401876.974,6187941.620,144.847,3244.563
401877.963,6187941.770,144.842,3245.563
401878.952,6187941.920,144.838,3246.564
401879.942,6187942.060,144.834,3247.564
401880.931,6187942.210,144.830,3248.564
401881.921,6187942.350,144.826,3249.564
401882.911,6187942.480,144.822,3250.562
401883.902,6187942.620,144.818,3251.563
401884.892,6187942.760,144.814,3252.563
401885.883,6187942.890,144.811,3253.562
401886.874,6187943.020,144.808,3254.562
401887.866,6187943.150,144.804,3255.562
401888.857,6187943.280,144.801,3256.562
401889.850,6187943.400,144.798,3257.562
401890.842,6187943.520,144.795,3258.561
401891.835,6187943.640,144.792,3259.562
401892.827,6187943.770,144.789,3260.562
401893.820,6187943.880,144.786,3261.561
401894.814,6187943.990,144.784,3262.561
401895.807,6187944.110,144.782,3263.561
401896.801,6187944.220,144.779,3264.561
401897.795,6187944.330,144.777,3265.562
401898.789,6187944.430,144.775,3266.561
401899.784,6187944.540,144.774,3267.562
401900.778,6187944.640,144.772,3268.561
401901.773,6187944.740,144.770,3269.561
401902.768,6187944.840,144.769,3270.561
401903.763,6187944.930,144.768,3271.560
401904.759,6187945.030,144.766,3272.561
401905.754,6187945.120,144.765,3273.560
401906.750,6187945.210,144.765,3274.560
401907.746,6187945.300,144.764,3275.560
401908.742,6187945.390,144.764,3276.560
401909.738,6187945.480,144.763,3277.560
401910.734,6187945.560,144.763,3278.559
401911.731,6187945.640,144.763,3279.559
401912.728,6187945.720,144.763,3280.560
401913.724,6187945.800,144.763,3281.559
401914.721,6187945.870,144.764,3282.558
401915.719,6187945.940,144.765,3283.559
401916.716,6187946.010,144.766,3284.558
401917.714,6187946.080,144.767,3285.559
401918.711,6187946.150,144.768,3286.558
401919.709,6187946.210,144.770,3287.558
401920.707,6187946.270,144.771,3288.558
401921.705,6187946.330,144.773,3289.557
401922.703,6187946.390,144.775,3290.557
401923.702,6187946.440,144.778,3291.558
401924.700,6187946.500,144.780,3292.557
401925.699,6187946.550,144.782,3293.558
401926.697,6187946.600,144.785,3294.557
401927.696,6187946.650,144.788,3295.557
401928.694,6187946.700,144.792,3296.556
401929.693,6187946.750,144.795,3297.557
401930.692,6187946.800,144.799,3298.557
401931.691,6187946.850,144.803,3299.557
401932.689,6187946.890,144.806,3300.556
401933.688,6187946.940,144.811,3301.556
401934.687,6187946.980,144.816,3302.556
401935.686,6187947.020,144.821,3303.556
401936.685,6187947.070,144.826,3304.556
401937.684,6187947.110,144.831,3305.556
401938.683,6187947.150,144.836,3306.556
401939.682,6187947.190,144.841,3307.555
401940.681,6187947.230,144.848,3308.555
401941.680,6187947.270,144.855,3309.555
401942.679,6187947.310,144.862,3310.555
401943.678,6187947.350,144.869,3311.555
401944.677,6187947.390,144.876,3312.554
401945.676,6187947.430,144.883,3313.554
401946.675,6187947.470,144.890,3314.554
401947.674,6187947.510,144.897,3315.554
401948.674,6187947.550,144.904,3316.555
401949.673,6187947.590,144.912,3317.554
401950.672,6187947.620,144.921,3318.554
401951.671,6187947.660,144.931,3319.554
401952.670,6187947.700,144.940,3320.553
401953.669,6187947.740,144.950,3321.553
401954.669,6187947.770,144.959,3322.554
401955.668,6187947.810,144.969,3323.554
401956.667,6187947.850,144.978,3324.553
401957.666,6187947.880,144.988,3325.553
401958.665,6187947.920,144.997,3326.553
401959.664,6187947.960,145.009,3327.552
401960.664,6187947.990,145.021,3328.553
401961.663,6187948.030,145.033,3329.553
401962.662,6187948.070,145.045,3330.552
401963.661,6187948.100,145.057,3331.552
401964.661,6187948.140,145.069,3332.553
401965.660,6187948.170,145.081,3333.552
401966.659,6187948.210,145.093,3334.552
401967.658,6187948.240,145.105,3335.551
401968.657,6187948.280,145.117,3336.551
401969.657,6187948.320,145.132,3337.552
401970.656,6187948.350,145.147,3338.551
401971.655,6187948.390,145.161,3339.551
401972.654,6187948.420,145.176,3340.551
401973.653,6187948.460,145.190,3341.550
401974.653,6187948.500,145.205,3342.551
401975.652,6187948.530,145.220,3343.551
401976.651,6187948.570,145.234,3344.551
401977.650,6187948.600,145.249,3345.550
401978.650,6187948.640,145.266,3346.551
401979.649,6187948.680,145.283,3347.551
401980.648,6187948.710,145.300,3348.550
401981.647,6187948.750,145.317,3349.550
401982.646,6187948.780,145.334,3350.549
401983.646,6187948.820,145.352,3351.550
401984.645,6187948.850,145.369,3352.550
401985.644,6187948.890,145.386,3353.549
401986.643,6187948.920,145.403,3354.549
401987.643,6187948.960,145.421,3355.550
401988.642,6187948.990,145.441,3356.549
401989.641,6187949.030,145.461,3357.549
401990.640,6187949.070,145.481,3358.549
401991.640,6187949.100,145.500,3359.549
401992.639,6187949.140,145.520,3360.549
401993.638,6187949.170,145.540,3361.548
401994.637,6187949.210,145.560,3362.548
401995.636,6187949.240,145.579,3363.548
401996.636,6187949.280,145.599,3364.548
401997.635,6187949.310,145.621,3365.548
401998.634,6187949.350,145.643,3366.548
401999.633,6187949.390,145.665,3367.547
402000.633,6187949.420,145.687,3368.548
402001.632,6187949.460,145.709,3369.548
402002.631,6187949.490,145.732,3370.547
402003.630,6187949.530,145.754,3371.547
402004.630,6187949.560,145.776,3372.547
402005.629,6187949.600,145.798,3373.547
402006.628,6187949.630,145.821,3374.547
402007.627,6187949.670,145.845,3375.546
402008.626,6187949.700,145.870,3376.546
402009.626,6187949.740,145.894,3377.547
402010.625,6187949.770,145.918,3378.546
402011.624,6187949.810,145.943,3379.546
402012.623,6187949.850,145.967,3380.546
402013.623,6187949.880,145.992,3381.546
402014.622,6187949.920,146.016,3382.546
402015.621,6187949.950,146.040,3383.545
402016.620,6187949.990,146.066,3384.545
402017.620,6187950.020,146.093,3385.546
402018.619,6187950.060,146.119,3386.545
402019.618,6187950.100,146.145,3387.545
402020.617,6187950.130,146.172,3388.545
402021.616,6187950.170,146.198,3389.545
402022.616,6187950.200,146.225,3390.545
402023.615,6187950.240,146.251,3391.545
402024.614,6187950.270,146.277,3392.544
402025.613,6187950.310,146.304,3393.544
402026.613,6187950.340,146.332,3394.544
402027.612,6187950.380,146.361,3395.544
402028.611,6187950.410,146.389,3396.544
402029.610,6187950.450,146.417,3397.544
402030.610,6187950.480,146.445,3398.544
402031.609,6187950.520,146.473,3399.544
402032.608,6187950.560,146.501,3400.544
402033.607,6187950.590,146.530,3401.543
402034.607,6187950.630,146.558,3402.544
402035.606,6187950.660,146.587,3403.543
402036.605,6187950.700,146.617,3404.543
402037.604,6187950.730,146.646,3405.543
402038.603,6187950.770,146.676,3406.542
402039.603,6187950.800,146.706,3407.543
402040.602,6187950.840,146.735,3408.543
402041.601,6187950.870,146.765,3409.542
402042.600,6187950.910,146.795,3410.542
402043.600,6187950.950,146.824,3411.543
402044.599,6187950.980,146.854,3412.542
402045.598,6187951.020,146.885,3413.542
402046.597,6187951.050,146.916,3414.541
402047.596,6187951.090,146.947,3415.541
402048.596,6187951.130,146.978,3416.542
402049.595,6187951.160,147.009,3417.541
402050.594,6187951.200,147.040,3418.541
402051.593,6187951.240,147.071,3419.541
402052.592,6187951.270,147.102,3420.540
402053.592,6187951.310,147.133,3421.541
402054.591,6187951.350,147.164,3422.541
402055.590,6187951.380,147.196,3423.540
402056.589,6187951.420,147.228,3424.540
402057.588,6187951.460,147.260,3425.540
402058.588,6187951.490,147.292,3426.541
402059.587,6187951.530,147.324,3427.540
402060.586,6187951.570,147.356,3428.540
402061.585,6187951.600,147.388,3429.540
402062.584,6187951.640,147.420,3430.539
402063.584,6187951.670,147.453,3431.540
402064.583,6187951.710,147.485,3432.540
402065.582,6187951.740,147.518,3433.539
402066.581,6187951.780,147.551,3434.539
402067.581,6187951.810,147.584,3435.539
402068.580,6187951.850,147.617,3436.539
402069.579,6187951.880,147.650,3437.539
402070.578,6187951.920,147.682,3438.538
402071.578,6187951.950,147.715,3439.539
402072.577,6187951.990,147.748,3440.539
402073.576,6187952.020,147.781,3441.538
402074.575,6187952.060,147.815,3442.538
402075.574,6187952.100,147.848,3443.538
402076.574,6187952.130,147.882,3444.538
402077.573,6187952.170,147.915,3445.538
402078.572,6187952.210,147.949,3446.538
402079.571,6187952.240,147.982,3447.537
402080.570,6187952.280,148.016,3448.537
402081.570,6187952.320,148.049,3449.538
402082.569,6187952.350,148.083,3450.537
402083.568,6187952.390,148.117,3451.537
402084.567,6187952.420,148.151,3452.536
402085.566,6187952.460,148.185,3453.536
402086.566,6187952.500,148.219,3454.537
402087.565,6187952.530,148.253,3455.537
402088.564,6187952.570,148.287,3456.536
402089.563,6187952.600,148.321,3457.536
402090.562,6187952.640,148.355,3458.536
402091.562,6187952.680,148.389,3459.536
402092.561,6187952.710,148.423,3460.536
402093.560,6187952.750,148.457,3461.536
402094.559,6187952.780,148.491,3462.535
402095.559,6187952.820,148.526,3463.536
402096.558,6187952.850,148.560,3464.535
402097.557,6187952.890,148.594,3465.535
402098.556,6187952.920,148.628,3466.535
402099.556,6187952.960,148.663,3467.535
402100.555,6187952.990,148.697,3468.535
402101.554,6187953.030,148.731,3469.535
402102.553,6187953.060,148.766,3470.534
402103.553,6187953.100,148.800,3471.535
402104.552,6187953.130,148.834,3472.534
402105.551,6187953.170,148.869,3473.534
402106.550,6187953.200,148.903,3474.534
402107.550,6187953.240,148.937,3475.534
402108.549,6187953.270,148.972,3476.534
402109.548,6187953.300,149.006,3477.533
402110.547,6187953.340,149.040,3478.533
402111.547,6187953.370,149.075,3479.534
402112.546,6187953.410,149.109,3480.533
402113.545,6187953.440,149.143,3481.533
402114.545,6187953.470,149.178,3482.533
402115.544,6187953.510,149.212,3483.533
402116.543,6187953.540,149.246,3484.533
402117.543,6187953.570,149.281,3485.533
402118.542,6187953.610,149.315,3486.533
402119.541,6187953.640,149.349,3487.532
402120.540,6187953.670,149.383,3488.532
402121.540,6187953.710,149.418,3489.532
402122.539,6187953.740,149.452,3490.532
402123.538,6187953.770,149.486,3491.531
402124.538,6187953.810,149.520,3492.532
402125.537,6187953.840,149.554,3493.532
402126.536,6187953.880,149.588,3494.531
402127.535,6187953.910,149.622,3495.531
402128.535,6187953.950,149.656,3496.532
402129.534,6187953.980,149.690,3497.531
402130.533,6187954.010,149.724,3498.531
402131.533,6187954.050,149.758,3499.531
402132.532,6187954.080,149.792,3500.531
402133.531,6187954.110,149.826,3501.530
402134.531,6187954.150,149.860,3502.531
402135.530,6187954.180,149.893,3503.531
402136.529,6187954.210,149.927,3504.530
402137.528,6187954.240,149.961,3505.529
402138.528,6187954.280,149.995,3506.530
402139.527,6187954.310,150.029,3507.530
402140.526,6187954.340,150.062,3508.529
402141.526,6187954.380,150.096,3509.530
402142.525,6187954.410,150.129,3510.529
402143.524,6187954.450,150.163,3511.529
402144.524,6187954.480,150.196,3512.530
402145.523,6187954.510,150.229,3513.529
402146.522,6187954.550,150.263,3514.529
402147.521,6187954.580,150.296,3515.528
402148.521,6187954.610,150.330,3516.529
402149.520,6187954.650,150.363,3517.529
402150.519,6187954.680,150.396,3518.528
402151.519,6187954.720,150.429,3519.529
402152.518,6187954.750,150.462,3520.528
402153.517,6187954.790,150.495,3521.528
402154.516,6187954.820,150.529,3522.528
402155.516,6187954.860,150.562,3523.528
402156.515,6187954.890,150.595,3524.528
402157.514,6187954.920,150.628,3525.527
402158.513,6187954.960,150.661,3526.527
402159.513,6187954.990,150.694,3527.527
402160.512,6187955.030,150.726,3528.527
402161.511,6187955.070,150.759,3529.527
402162.510,6187955.100,150.792,3530.527
402163.510,6187955.140,150.825,3531.527
402164.509,6187955.170,150.858,3532.527
402165.508,6187955.210,150.890,3533.527
402166.507,6187955.240,150.923,3534.526
402167.506,6187955.280,150.956,3535.526
402168.506,6187955.320,150.989,3536.527
402169.505,6187955.350,151.021,3537.526
402170.504,6187955.390,151.054,3538.526
402171.503,6187955.430,151.086,3539.526
402172.502,6187955.460,151.119,3540.525
402173.502,6187955.500,151.151,3541.526
402174.501,6187955.540,151.184,3542.526
402175.500,6187955.570,151.217,3543.525
402176.499,6187955.610,151.249,3544.525
402177.498,6187955.650,151.282,3545.525
402178.497,6187955.680,151.314,3546.524
402179.497,6187955.720,151.347,3547.525
402180.496,6187955.760,151.379,3548.525
402181.495,6187955.800,151.411,3549.525
402182.494,6187955.830,151.444,3550.524
402183.493,6187955.870,151.476,3551.524
402184.493,6187955.910,151.509,3552.525
402185.492,6187955.940,151.541,3553.524
402186.491,6187955.980,151.574,3554.524
402187.490,6187956.020,151.606,3555.524
402188.489,6187956.060,151.639,3556.524
402189.488,6187956.100,151.671,3557.523
402190.487,6187956.140,151.704,3558.523
402191.486,6187956.180,151.736,3559.523
402192.485,6187956.220,151.769,3560.523
402193.485,6187956.250,151.801,3561.523
402194.484,6187956.290,151.834,3562.523
402195.483,6187956.330,151.866,3563.523
402196.482,6187956.370,151.899,3564.523
402197.481,6187956.410,151.932,3565.522
402198.480,6187956.450,151.964,3566.522
402199.479,6187956.490,151.997,3567.522
402200.478,6187956.530,152.030,3568.522
402201.477,6187956.570,152.063,3569.522
402202.476,6187956.610,152.095,3570.521
402203.475,6187956.650,152.128,3571.521
402204.474,6187956.690,152.161,3572.521
402205.473,6187956.730,152.194,3573.521
402206.472,6187956.780,152.227,3574.521
402207.471,6187956.820,152.260,3575.521
402208.470,6187956.860,152.293,3576.521
402209.469,6187956.900,152.326,3577.520
402210.468,6187956.940,152.359,3578.520
402211.467,6187956.980,152.392,3579.520
402212.466,6187957.020,152.426,3580.520
402213.465,6187957.060,152.459,3581.520
402214.464,6187957.100,152.492,3582.519
402215.463,6187957.140,152.525,3583.519
402216.462,6187957.190,152.559,3584.519
402217.461,6187957.230,152.592,3585.519
402218.460,6187957.280,152.626,3586.520
402219.459,6187957.320,152.660,3587.519
402220.458,6187957.370,152.693,3588.520
402221.457,6187957.410,152.727,3589.519
402222.456,6187957.450,152.761,3590.519
402223.454,6187957.500,152.794,3591.518
402224.453,6187957.540,152.828,3592.518
402225.452,6187957.590,152.862,3593.518
402226.451,6187957.630,152.896,3594.518
402227.450,6187957.680,152.931,3595.519
402228.449,6187957.720,152.965,3596.518
402229.448,6187957.770,152.999,3597.519
402230.447,6187957.810,153.033,3598.518
402231.445,6187957.860,153.068,3599.518
402232.444,6187957.900,153.102,3600.517
402233.443,6187957.950,153.136,3601.518
402234.442,6187957.990,153.170,3602.517
402235.441,6187958.030,153.205,3603.517
402236.440,6187958.080,153.240,3604.518
402237.439,6187958.120,153.275,3605.517
402238.437,6187958.170,153.310,3606.517
402239.436,6187958.210,153.344,3607.516
402240.435,6187958.260,153.379,3608.517
402241.434,6187958.300,153.414,3609.516
402242.433,6187958.350,153.449,3610.517
402243.432,6187958.390,153.483,3611.517
402244.431,6187958.430,153.518,3612.516
402245.430,6187958.480,153.554,3613.517
402246.428,6187958.530,153.589,3614.516
402247.427,6187958.570,153.624,3615.516
402248.426,6187958.620,153.659,3616.516
402249.425,6187958.660,153.694,3617.516
402250.424,6187958.710,153.730,3618.516
402251.422,6187958.750,153.765,3619.515
402252.421,6187958.800,153.800,3620.515
402253.420,6187958.850,153.835,3621.515
402254.419,6187958.890,153.871,3622.515
402255.418,6187958.940,153.906,3623.515
402256.417,6187958.980,153.942,3624.515
402257.415,6187959.030,153.977,3625.514
402258.414,6187959.070,154.012,3626.514
402259.413,6187959.120,154.048,3627.514
402260.412,6187959.160,154.083,3628.514
402261.411,6187959.210,154.119,3629.514
402262.409,6187959.260,154.154,3630.514
402263.408,6187959.300,154.190,3631.513
402264.407,6187959.340,154.225,3632.513
402265.406,6187959.390,154.261,3633.514
402266.405,6187959.430,154.296,3634.513
402267.404,6187959.480,154.332,3635.514
402268.403,6187959.520,154.368,3636.513
402269.402,6187959.560,154.403,3637.513
402270.401,6187959.610,154.439,3638.513
402271.399,6187959.650,154.474,3639.512
402272.398,6187959.700,154.510,3640.512
402273.397,6187959.740,154.545,3641.512
402274.396,6187959.790,154.581,3642.513
402275.395,6187959.830,154.616,3643.512
402276.394,6187959.870,154.652,3644.512
402277.393,6187959.920,154.687,3645.512
402278.392,6187959.960,154.722,3646.512
402279.390,6187960.010,154.758,3647.511
402280.389,6187960.050,154.793,3648.511
402281.388,6187960.100,154.829,3649.511
402282.387,6187960.140,154.864,3650.511
402283.386,6187960.190,154.899,3651.512
402284.385,6187960.240,154.934,3652.512
402285.383,6187960.280,154.970,3653.511
402286.382,6187960.330,155.005,3654.511
402287.381,6187960.370,155.040,3655.511
402288.380,6187960.420,155.075,3656.511
402289.379,6187960.470,155.110,3657.511
402290.377,6187960.510,155.146,3658.510
402291.376,6187960.560,155.181,3659.510
402292.375,6187960.600,155.215,3660.510
402293.374,6187960.650,155.250,3661.510
402294.373,6187960.690,155.285,3662.510
402295.372,6187960.730,155.320,3663.510
402296.371,6187960.780,155.354,3664.510
402297.369,6187960.820,155.389,3665.509
402298.368,6187960.870,155.424,3666.509
402299.367,6187960.910,155.459,3667.509
402300.366,6187960.960,155.493,3668.509
402301.365,6187961.000,155.528,3669.509
402302.364,6187961.040,155.562,3670.509
402303.363,6187961.090,155.596,3671.509
402304.362,6187961.130,155.630,3672.509
402305.361,6187961.170,155.664,3673.509
402306.360,6187961.220,155.698,3674.509
402307.358,6187961.260,155.732,3675.508
402308.357,6187961.300,155.767,3676.507
402309.356,6187961.350,155.801,3677.508
402310.355,6187961.390,155.835,3678.508
402311.354,6187961.440,155.868,3679.508
402312.353,6187961.480,155.901,3680.508
402313.352,6187961.530,155.935,3681.508
402314.351,6187961.570,155.968,3682.508
402315.350,6187961.610,156.001,3683.507
402316.348,6187961.660,156.035,3684.507
402317.347,6187961.700,156.068,3685.506
402318.346,6187961.750,156.102,3686.507
402319.345,6187961.790,156.135,3687.507
402320.344,6187961.840,156.168,3688.507
402321.343,6187961.880,156.200,3689.507
402322.342,6187961.930,156.232,3690.507
402323.341,6187961.970,156.265,3691.507
402324.339,6187962.010,156.297,3692.505
402325.338,6187962.060,156.330,3693.506
402326.337,6187962.100,156.362,3694.506
402327.336,6187962.150,156.394,3695.506
402328.335,6187962.190,156.427,3696.506
402329.334,6187962.240,156.459,3697.506
402330.333,6187962.280,156.490,3698.506
402331.332,6187962.320,156.522,3699.505
402332.331,6187962.370,156.553,3700.506
402333.329,6187962.410,156.584,3701.504
402334.328,6187962.450,156.616,3702.504
402335.327,6187962.500,156.647,3703.505
402336.326,6187962.540,156.678,3704.504
402337.325,6187962.580,156.710,3705.504
402338.324,6187962.630,156.741,3706.504
402339.323,6187962.670,156.771,3707.504
402340.322,6187962.720,156.801,3708.504
402341.321,6187962.760,156.832,3709.504
402342.319,6187962.810,156.862,3710.503
402343.318,6187962.850,156.892,3711.503
402344.317,6187962.900,156.922,3712.504
402345.316,6187962.940,156.952,3713.503
402346.315,6187962.990,156.982,3714.504
402347.314,6187963.030,157.012,3715.503
402348.313,6187963.080,157.042,3716.504
402349.311,6187963.120,157.071,3717.502
402350.310,6187963.170,157.100,3718.503
402351.309,6187963.210,157.128,3719.502
402352.308,6187963.250,157.157,3720.502
402353.307,6187963.300,157.186,3721.503
402354.306,6187963.340,157.215,3722.502
402355.305,6187963.390,157.244,3723.503
402356.304,6187963.430,157.272,3724.502
402357.302,6187963.480,157.301,3725.502
402358.301,6187963.520,157.329,3726.501
402359.300,6187963.560,157.356,3727.501
402360.299,6187963.610,157.384,3728.501
402361.298,6187963.650,157.411,3729.501
402362.297,6187963.700,157.439,3730.502
402363.296,6187963.740,157.466,3731.501
402364.294,6187963.790,157.493,3732.501
402365.293,6187963.830,157.521,3733.500
402366.292,6187963.880,157.548,3734.501
402367.291,6187963.920,157.575,3735.500
402368.290,6187963.970,157.601,3736.501
402369.289,6187964.010,157.627,3737.500
402370.288,6187964.060,157.653,3738.501
402371.286,6187964.100,157.679,3739.500
402372.285,6187964.150,157.705,3740.500
402373.284,6187964.190,157.731,3741.500
402374.283,6187964.240,157.757,3742.500
402375.282,6187964.280,157.783,3743.500
402376.281,6187964.330,157.808,3744.500
402377.280,6187964.370,157.833,3745.500
402378.278,6187964.410,157.858,3746.498
402379.277,6187964.460,157.882,3747.499
402380.276,6187964.500,157.907,3748.499
402381.275,6187964.550,157.931,3749.499
402382.274,6187964.590,157.955,3750.499
402383.273,6187964.640,157.980,3751.499
402384.272,6187964.680,158.004,3752.499
402385.271,6187964.730,158.029,3753.499
402386.269,6187964.770,158.053,3754.498
402387.268,6187964.820,158.076,3755.498
402388.267,6187964.860,158.099,3756.498
402389.266,6187964.900,158.121,3757.498
402390.265,6187964.950,158.144,3758.498
402391.264,6187964.990,158.167,3759.498
402392.263,6187965.030,158.190,3760.497
402393.262,6187965.080,158.213,3761.498
402394.261,6187965.120,158.236,3762.497
402395.260,6187965.170,158.259,3763.498
402396.258,6187965.210,158.281,3764.496
402397.257,6187965.250,158.302,3765.496
402398.256,6187965.300,158.323,3766.497
402399.255,6187965.340,158.345,3767.496
402400.254,6187965.390,158.366,3768.497
402401.253,6187965.430,158.387,3769.496
402402.252,6187965.480,158.409,3770.497
402403.250,6187965.520,158.430,3771.495
402404.249,6187965.570,158.451,3772.496
402405.248,6187965.610,158.472,3773.496
402406.247,6187965.660,158.492,3774.496
402407.246,6187965.710,158.512,3775.496
402408.245,6187965.750,158.531,3776.496
402409.243,6187965.800,158.551,3777.495
402410.242,6187965.840,158.571,3778.495
402411.241,6187965.890,158.591,3779.495
402412.240,6187965.930,158.611,3780.495
402413.239,6187965.980,158.630,3781.495
402414.238,6187966.020,158.650,3782.495
402415.236,6187966.070,158.669,3783.494
402416.235,6187966.110,158.687,3784.494
402417.234,6187966.160,158.705,3785.494
402418.233,6187966.200,158.723,3786.494
402419.232,6187966.250,158.742,3787.494
402420.231,6187966.290,158.760,3788.494
402421.229,6187966.340,158.778,3789.493
402422.228,6187966.390,158.796,3790.494
402423.227,6187966.430,158.814,3791.493
402424.226,6187966.480,158.832,3792.494
402425.225,6187966.520,158.849,3793.493
402426.224,6187966.570,158.866,3794.494
402427.222,6187966.610,158.882,3795.493
402428.221,6187966.650,158.899,3796.492
402429.220,6187966.700,158.916,3797.493
402430.219,6187966.740,158.932,3798.492
402431.218,6187966.790,158.949,3799.493
402432.217,6187966.830,158.966,3800.492
402433.216,6187966.880,158.982,3801.493
402434.215,6187966.920,158.998,3802.492
402435.214,6187966.960,159.013,3803.492
402436.212,6187967.010,159.028,3804.492
402437.211,6187967.050,159.044,3805.491
402438.210,6187967.090,159.059,3806.491
402439.209,6187967.140,159.074,3807.491
402440.208,6187967.180,159.089,3808.491
402441.207,6187967.220,159.105,3809.491
402442.206,6187967.260,159.120,3810.491
402443.205,6187967.310,159.135,3811.491
402444.204,6187967.350,159.149,3812.491
402445.203,6187967.390,159.163,3813.491
402446.202,6187967.440,159.176,3814.491
402447.201,6187967.480,159.190,3815.491
402448.200,6187967.520,159.204,3816.490
402449.199,6187967.570,159.218,3817.491
402450.197,6187967.610,159.232,3818.490
402451.196,6187967.650,159.246,3819.489
402452.195,6187967.700,159.260,3820.490
402453.194,6187967.740,159.273,3821.489
402454.193,6187967.790,159.286,3822.490
402455.192,6187967.830,159.299,3823.489
402456.191,6187967.880,159.311,3824.490
402457.190,6187967.920,159.324,3825.489
402458.188,6187967.970,159.337,3826.489
402459.187,6187968.010,159.350,3827.489
402460.186,6187968.050,159.362,3828.488
402461.185,6187968.100,159.375,3829.489
402462.184,6187968.140,159.388,3830.488
402463.183,6187968.190,159.400,3831.489
402464.182,6187968.230,159.412,3832.488
402465.180,6187968.280,159.424,3833.488
402466.179,6187968.330,159.436,3834.488
402467.178,6187968.370,159.448,3835.488
402468.177,6187968.420,159.459,3836.488
402469.176,6187968.460,159.471,3837.488
402470.175,6187968.510,159.483,3838.488
402471.173,6187968.550,159.495,3839.487
402472.172,6187968.600,159.507,3840.487
402473.171,6187968.640,159.518,3841.487
402474.170,6187968.680,159.530,3842.487
402475.169,6187968.730,159.541,3843.487
402476.168,6187968.770,159.552,3844.487
402477.167,6187968.810,159.564,3845.487
402478.166,6187968.860,159.575,3846.487
402479.165,6187968.900,159.586,3847.487
402480.164,6187968.940,159.598,3848.486
402481.163,6187968.990,159.609,3849.487
402482.161,6187969.030,159.620,3850.485
402483.160,6187969.080,159.631,3851.486
402484.159,6187969.120,159.642,3852.485
402485.158,6187969.170,159.653,3853.486
402486.157,6187969.210,159.664,3854.486
402487.156,6187969.250,159.676,3855.485
402488.155,6187969.300,159.687,3856.486
402489.154,6187969.340,159.698,3857.485
402490.152,6187969.390,159.709,3858.485
402491.151,6187969.430,159.720,3859.484
402492.150,6187969.480,159.731,3860.485
402493.149,6187969.520,159.741,3861.485
402494.148,6187969.560,159.752,3862.484
402495.147,6187969.610,159.763,3863.485
402496.146,6187969.650,159.774,3864.484
402497.145,6187969.700,159.785,3865.485
402498.143,6187969.740,159.796,3866.483
402499.142,6187969.790,159.807,3867.484
402500.141,6187969.830,159.818,3868.483
402501.140,6187969.870,159.828,3869.483
402502.139,6187969.920,159.839,3870.484
402503.138,6187969.960,159.850,3871.483
402504.137,6187970.010,159.861,3872.484
402505.136,6187970.050,159.872,3873.483
402506.134,6187970.100,159.882,3874.483
402507.133,6187970.140,159.893,3875.482
402508.132,6187970.180,159.904,3876.482
402509.131,6187970.230,159.915,3877.482
402510.130,6187970.270,159.925,3878.482
402511.129,6187970.320,159.936,3879.483
402512.128,6187970.360,159.946,3880.482
402513.127,6187970.400,159.957,3881.482
402514.126,6187970.450,159.968,3882.482
402515.125,6187970.490,159.978,3883.482
402516.123,6187970.540,159.989,3884.481
402517.122,6187970.580,159.999,3885.481
402518.121,6187970.620,160.010,3886.481
402519.120,6187970.670,160.021,3887.481
402520.119,6187970.710,160.031,3888.481
402521.118,6187970.760,160.041,3889.481
402522.117,6187970.800,160.052,3890.481
402523.116,6187970.840,160.062,3891.481
402524.115,6187970.890,160.072,3892.481
402525.113,6187970.930,160.083,3893.480
402526.112,6187970.980,160.093,3894.480
402527.111,6187971.020,160.104,3895.480
402528.110,6187971.070,160.114,3896.480
402529.109,6187971.110,160.124,3897.480
402530.108,6187971.150,160.134,3898.480
402531.107,6187971.200,160.144,3899.480
402532.106,6187971.240,160.154,3900.480
402533.104,6187971.290,160.165,3901.479
402534.103,6187971.330,160.175,3902.479
402535.102,6187971.380,160.185,3903.479
402536.101,6187971.420,160.195,3904.479
402537.100,6187971.470,160.205,3905.479
402538.099,6187971.510,160.215,3906.479
402539.098,6187971.560,160.225,3907.479
402540.096,6187971.600,160.234,3908.478
402541.095,6187971.640,160.244,3909.478
402542.094,6187971.690,160.254,3910.478
402543.093,6187971.730,160.264,3911.478
402544.092,6187971.780,160.274,3912.478
402545.091,6187971.820,160.283,3913.478
402546.090,6187971.870,160.293,3914.478
402547.089,6187971.910,160.303,3915.478
402548.087,6187971.960,160.313,3916.477
402549.086,6187972.000,160.322,3917.477
402550.085,6187972.050,160.332,3918.477
402551.084,6187972.090,160.341,3919.477
402552.083,6187972.140,160.350,3920.477
402553.082,6187972.180,160.360,3921.477
402554.080,6187972.230,160.369,3922.476
402555.079,6187972.270,160.379,3923.476
402556.078,6187972.320,160.388,3924.477
402557.077,6187972.360,160.398,3925.476
402558.076,6187972.410,160.407,3926.477
402559.075,6187972.450,160.416,3927.476
402560.074,6187972.490,160.425,3928.476
402561.073,6187972.540,160.435,3929.476
402562.071,6187972.580,160.444,3930.475
402563.070,6187972.630,160.453,3931.475
402564.069,6187972.670,160.462,3932.475
402565.068,6187972.710,160.471,3933.475
402566.067,6187972.760,160.481,3934.475
402567.066,6187972.800,160.489,3935.475
402568.065,6187972.850,160.498,3936.475
402569.064,6187972.890,160.507,3937.475
402570.063,6187972.930,160.516,3938.475
402571.061,6187972.980,160.525,3939.474
402572.060,6187973.020,160.534,3940.474
402573.059,6187973.070,160.543,3941.474
402574.058,6187973.110,160.552,3942.474
402575.057,6187973.160,160.560,3943.474
402576.056,6187973.200,160.569,3944.474
402577.055,6187973.250,160.578,3945.474
402578.053,6187973.300,160.586,3946.474
402579.052,6187973.340,160.595,3947.473
402580.051,6187973.390,160.603,3948.474
402581.050,6187973.440,160.612,3949.474
402582.048,6187973.480,160.620,3950.473
402583.047,6187973.530,160.629,3951.473
402584.046,6187973.580,160.637,3952.473
402585.045,6187973.620,160.646,3953.473
402586.043,6187973.670,160.654,3954.472
402587.042,6187973.720,160.663,3955.473
402588.041,6187973.760,160.671,3956.472
402589.040,6187973.810,160.679,3957.473
402590.039,6187973.850,160.687,3958.472
402591.038,6187973.900,160.695,3959.473
402592.036,6187973.940,160.704,3960.471
402593.035,6187973.990,160.712,3961.472
402594.034,6187974.030,160.720,3962.472
402595.033,6187974.080,160.728,3963.472
402596.032,6187974.120,160.736,3964.472
402597.031,6187974.170,160.744,3965.472
402598.030,6187974.210,160.752,3966.472
402599.028,6187974.260,160.760,3967.471
402600.027,6187974.300,160.767,3968.471
402601.026,6187974.340,160.775,3969.470
402602.025,6187974.390,160.783,3970.471
402603.024,6187974.430,160.791,3971.471
402604.023,6187974.480,160.799,3972.471
402605.022,6187974.520,160.807,3973.471
402606.020,6187974.570,160.814,3974.470
402607.019,6187974.610,160.822,3975.470
402608.018,6187974.660,160.830,3976.470
402609.017,6187974.710,160.838,3977.470
402610.016,6187974.750,160.845,3978.470
402611.015,6187974.800,160.853,3979.470
402612.013,6187974.840,160.861,3980.469
402613.012,6187974.890,160.868,3981.469
402614.011,6187974.930,160.876,3982.469
402615.010,6187974.980,160.884,3983.469
402616.009,6187975.020,160.891,3984.469
402617.008,6187975.070,160.899,3985.469
402618.007,6187975.110,160.906,3986.469
402619.005,6187975.160,160.914,3987.468
402620.004,6187975.200,160.922,3988.468
402621.003,6187975.240,160.929,3989.468
402622.002,6187975.290,160.937,3990.468
402623.001,6187975.330,160.944,3991.468
402624.000,6187975.380,160.952,3992.468
402624.999,6187975.420,160.960,3993.468
402625.998,6187975.460,160.967,3994.468
402626.997,6187975.510,160.975,3995.468
402627.995,6187975.550,160.983,3996.467
402628.994,6187975.590,160.990,3997.467
402629.993,6187975.640,160.998,3998.467
402630.992,6187975.680,161.005,3999.467
402631.991,6187975.720,161.013,4000.467
402632.990,6187975.770,161.021,4001.467
402633.989,6187975.810,161.028,4002.467
402634.988,6187975.860,161.036,4003.467
402635.987,6187975.900,161.044,4004.467
402636.986,6187975.940,161.052,4005.466
402637.984,6187975.990,161.059,4006.466
402638.983,6187976.030,161.067,4007.466
402639.982,6187976.080,161.075,4008.466
402640.981,6187976.120,161.083,4009.466
402641.980,6187976.160,161.091,4010.465
402642.979,6187976.210,161.098,4011.466
402643.978,6187976.250,161.106,4012.465
402644.977,6187976.300,161.114,4013.466
402645.976,6187976.340,161.122,4014.465
402646.974,6187976.380,161.130,4015.464
402647.973,6187976.430,161.138,4016.465
402648.972,6187976.470,161.146,4017.464
402649.971,6187976.520,161.154,4018.465
402650.970,6187976.560,161.162,4019.464
402651.969,6187976.600,161.170,4020.464
402652.968,6187976.650,161.178,4021.464
402653.967,6187976.690,161.187,4022.464
402654.966,6187976.730,161.195,4023.464
402655.965,6187976.770,161.203,4024.464
402656.964,6187976.820,161.211,4025.464
402657.963,6187976.860,161.219,4026.464
402658.962,6187976.900,161.228,4027.464
402659.961,6187976.940,161.236,4028.464
402660.960,6187976.990,161.244,4029.464
402661.958,6187977.030,161.253,4030.463
402662.957,6187977.080,161.261,4031.463
402663.956,6187977.120,161.270,4032.463
402664.955,6187977.160,161.278,4033.462
402665.954,6187977.210,161.287,4034.463
402666.953,6187977.250,161.295,4035.462
402667.952,6187977.300,161.304,4036.463
402668.951,6187977.340,161.312,4037.463
402669.949,6187977.390,161.321,4038.462
402670.948,6187977.430,161.330,4039.462
402671.947,6187977.480,161.339,4040.462
402672.946,6187977.520,161.347,4041.462
402673.945,6187977.570,161.356,4042.462
402674.944,6187977.610,161.365,4043.462
402675.942,6187977.660,161.374,4044.461
402676.941,6187977.700,161.383,4045.461
402677.940,6187977.750,161.392,4046.461
402678.939,6187977.790,161.400,4047.461
402679.938,6187977.840,161.410,4048.461
402680.937,6187977.880,161.419,4049.461
402681.936,6187977.920,161.428,4050.461
402682.935,6187977.970,161.437,4051.461
402683.934,6187978.010,161.446,4052.461
402684.932,6187978.060,161.456,4053.460
402685.931,6187978.100,161.465,4054.460
402686.930,6187978.140,161.474,4055.460
402687.929,6187978.190,161.483,4056.460
402688.928,6187978.230,161.492,4057.460
402689.927,6187978.280,161.502,4058.460
402690.926,6187978.320,161.512,4059.460
402691.924,6187978.370,161.521,4060.459
402692.923,6187978.420,161.531,4061.459
402693.922,6187978.460,161.540,4062.459
402694.921,6187978.510,161.550,4063.459
402695.919,6187978.560,161.559,4064.458
402696.918,6187978.600,161.569,4065.458
402697.917,6187978.650,161.578,4066.458
402698.916,6187978.690,161.588,4067.458
402699.915,6187978.740,161.598,4068.459
402700.914,6187978.780,161.608,4069.458
402701.912,6187978.830,161.617,4070.458
402702.911,6187978.870,161.627,4071.457
402703.910,6187978.920,161.637,4072.458
402704.909,6187978.960,161.647,4073.457
402705.908,6187979.010,161.657,4074.458
402706.907,6187979.050,161.667,4075.457
402707.906,6187979.100,161.677,4076.458
402708.905,6187979.140,161.687,4077.458
402709.903,6187979.190,161.697,4078.457
402710.902,6187979.230,161.707,4079.457
402711.901,6187979.270,161.717,4080.456
402712.900,6187979.320,161.727,4081.457
402713.899,6187979.360,161.737,4082.456
402714.898,6187979.410,161.747,4083.457
402715.897,6187979.450,161.757,4084.456
402716.896,6187979.500,161.767,4085.457
402717.894,6187979.540,161.777,4086.456
402718.893,6187979.590,161.788,4087.456
402719.892,6187979.630,161.798,4088.456
402720.891,6187979.680,161.808,4089.456
402721.890,6187979.720,161.818,4090.456
402722.888,6187979.770,161.829,4091.455
402723.887,6187979.820,161.839,4092.455
402724.886,6187979.860,161.849,4093.455
402725.885,6187979.910,161.859,4094.455
402726.884,6187979.950,161.870,4095.455
402727.882,6187980.000,161.880,4096.454
402728.881,6187980.040,161.890,4097.454
402729.880,6187980.090,161.900,4098.454
402730.879,6187980.140,161.911,4099.455
402731.878,6187980.180,161.921,4100.454
402732.877,6187980.230,161.931,4101.455
402733.875,6187980.270,161.941,4102.453
402734.874,6187980.320,161.952,4103.454
402735.873,6187980.360,161.962,4104.453
402736.872,6187980.410,161.972,4105.454
402737.871,6187980.450,161.982,4106.454
402738.870,6187980.500,161.993,4107.454
402739.868,6187980.540,162.003,4108.453
402740.867,6187980.590,162.013,4109.453
402741.866,6187980.630,162.023,4110.453
402742.865,6187980.680,162.033,4111.453
402743.864,6187980.720,162.043,4112.453
402744.863,6187980.770,162.054,4113.453
402745.862,6187980.810,162.064,4114.453
402746.860,6187980.860,162.074,4115.452
402747.859,6187980.900,162.083,4116.452
402748.858,6187980.950,162.093,4117.452
402749.857,6187980.990,162.103,4118.452
402750.856,6187981.040,162.113,4119.452
402751.855,6187981.090,162.123,4120.452
402752.853,6187981.130,162.133,4121.451
402753.852,6187981.180,162.143,4122.451
402754.851,6187981.220,162.153,4123.451
402755.850,6187981.270,162.163,4124.451
402756.849,6187981.310,162.172,4125.451
402757.847,6187981.360,162.182,4126.450
402758.846,6187981.400,162.191,4127.450
402759.845,6187981.450,162.201,4128.451
402760.844,6187981.490,162.211,4129.450
402761.843,6187981.540,162.220,4130.451
402762.842,6187981.580,162.230,4131.450
402763.840,6187981.630,162.239,4132.450
402764.839,6187981.680,162.249,4133.450
402765.838,6187981.720,162.258,4134.450
402766.837,6187981.770,162.267,4135.450
402767.836,6187981.810,162.276,4136.450
402768.834,6187981.860,162.285,4137.449
402769.833,6187981.910,162.294,4138.449
402770.832,6187981.950,162.304,4139.449
402771.831,6187982.000,162.313,4140.449
402772.830,6187982.050,162.322,4141.450
402773.828,6187982.090,162.331,4142.448
402774.827,6187982.140,162.340,4143.449
402775.826,6187982.180,162.348,4144.448
402776.825,6187982.230,162.357,4145.449
402777.824,6187982.270,162.365,4146.448
402778.823,6187982.320,162.374,4147.449
402779.822,6187982.360,162.383,4148.448
402780.820,6187982.400,162.391,4149.447
402781.819,6187982.450,162.400,4150.448
402782.818,6187982.490,162.409,4151.447
402783.817,6187982.540,162.417,4152.448
402784.816,6187982.580,162.425,4153.447
402785.815,6187982.630,162.433,4154.448
402786.813,6187982.680,162.441,4155.447
402787.812,6187982.720,162.449,4156.447
402788.811,6187982.770,162.457,4157.447
402789.810,6187982.810,162.465,4158.447
402790.809,6187982.860,162.474,4159.447
402791.808,6187982.900,162.482,4160.447
402792.806,6187982.950,162.490,4161.446
402793.805,6187983.000,162.497,4162.446
402794.804,6187983.040,162.504,4163.446
402795.803,6187983.090,162.512,4164.446
402796.801,6187983.140,162.519,4165.446
402797.800,6187983.190,162.527,4166.446
402798.799,6187983.230,162.534,4167.446
402799.798,6187983.280,162.542,4168.446
402800.796,6187983.330,162.549,4169.445
402801.795,6187983.380,162.557,4170.445
402802.794,6187983.420,162.564,4171.445
402803.792,6187983.470,162.570,4172.444
402804.791,6187983.520,162.577,4173.445
402805.790,6187983.570,162.584,4174.445
402806.789,6187983.620,162.591,4175.445
402807.787,6187983.660,162.597,4176.444
402808.786,6187983.710,162.604,4177.444
402809.785,6187983.760,162.611,4178.445
402810.783,6187983.810,162.618,4179.444
402811.782,6187983.850,162.624,4180.444
402812.781,6187983.900,162.630,4181.444
402813.780,6187983.950,162.636,4182.444
402814.779,6187983.990,162.642,4183.444
402815.777,6187984.040,162.648,4184.443
402816.776,6187984.090,162.654,4185.443
402817.775,6187984.130,162.660,4186.443
402818.774,6187984.180,162.666,4187.443
402819.772,6187984.230,162.672,4188.443
402820.771,6187984.270,162.678,4189.442
402821.770,6187984.320,162.684,4190.443
402822.769,6187984.370,162.689,4191.443
402823.767,6187984.420,162.694,4192.442
402824.766,6187984.470,162.699,4193.442
402825.765,6187984.520,162.704,4194.443
402826.763,6187984.560,162.709,4195.442
402827.762,6187984.610,162.714,4196.442
402828.761,6187984.660,162.719,4197.442
402829.759,6187984.710,162.724,4198.441
402830.758,6187984.760,162.729,4199.442
402831.757,6187984.800,162.734,4200.441
402832.756,6187984.850,162.738,4201.442
402833.755,6187984.890,162.743,4202.441
402834.754,6187984.940,162.747,4203.442
402835.752,6187984.980,162.751,4204.440
402836.751,6187985.030,162.756,4205.441
402837.750,6187985.070,162.760,4206.440
402838.749,6187985.110,162.764,4207.440
402839.748,6187985.150,162.768,4208.440
402840.747,6187985.190,162.771,4209.440
402841.746,6187985.230,162.775,4210.440
402842.745,6187985.270,162.779,4211.439
402843.744,6187985.320,162.783,4212.440
402844.743,6187985.360,162.786,4213.440
402845.742,6187985.400,162.790,4214.439
402846.741,6187985.440,162.794,4215.439
402847.740,6187985.480,162.797,4216.439
402848.739,6187985.530,162.801,4217.439
402849.738,6187985.570,162.804,4218.439
402850.737,6187985.610,162.807,4219.439
402851.736,6187985.660,162.811,4220.439
402852.734,6187985.710,162.814,4221.438
402853.733,6187985.760,162.817,4222.439
402854.731,6187985.820,162.820,4223.438
402855.730,6187985.870,162.823,4224.439
402856.728,6187985.920,162.826,4225.438
402857.726,6187985.980,162.829,4226.438
402858.725,6187986.030,162.832,4227.438
402859.723,6187986.080,162.835,4228.437
402860.722,6187986.140,162.838,4229.438
402861.720,6187986.190,162.841,4230.437
402862.719,6187986.240,162.844,4231.437
402863.717,6187986.290,162.847,4232.437
402864.716,6187986.340,162.850,4233.437
402865.714,6187986.400,162.853,4234.437
402866.713,6187986.450,162.856,4235.437
402867.711,6187986.500,162.859,4236.436
402868.710,6187986.550,162.862,4237.437
402869.709,6187986.590,162.865,4238.436
402870.708,6187986.640,162.867,4239.437
402871.706,6187986.690,162.870,4240.436
402872.705,6187986.730,162.873,4241.436
402873.704,6187986.780,162.876,4242.436
402874.703,6187986.830,162.879,4243.436
402875.701,6187986.880,162.882,4244.435
402876.700,6187986.930,162.885,4245.436
402877.699,6187986.970,162.888,4246.435
402878.697,6187987.020,162.891,4247.435
402879.696,6187987.070,162.894,4248.435
402880.694,6187987.130,162.897,4249.435
402881.693,6187987.180,162.901,4250.435
402882.691,6187987.240,162.904,4251.435
402883.689,6187987.290,162.907,4252.434
402884.688,6187987.350,162.910,4253.435
402885.686,6187987.410,162.914,4254.435
402886.684,6187987.460,162.917,4255.434
402887.682,6187987.520,162.921,4256.434
402888.680,6187987.580,162.924,4257.433
402889.679,6187987.640,162.928,4258.434
402890.677,6187987.700,162.931,4259.434
402891.675,6187987.750,162.935,4260.433
402892.673,6187987.810,162.939,4261.433
402893.671,6187987.870,162.942,4262.433
402894.669,6187987.930,162.946,4263.433
402895.668,6187987.990,162.949,4264.434
402896.666,6187988.050,162.953,4265.433
402897.663,6187988.110,162.957,4266.432
402898.661,6187988.180,162.961,4267.433
402899.659,6187988.240,162.965,4268.432
402900.657,6187988.300,162.969,4269.432
402901.655,6187988.370,162.973,4270.433
402902.652,6187988.440,162.978,4271.432
402903.649,6187988.510,162.982,4272.432
402904.647,6187988.580,162.987,4273.432
402905.644,6187988.650,162.991,4274.431
402906.641,6187988.730,162.995,4275.432
402907.638,6187988.800,163.000,4276.431
402908.635,6187988.880,163.005,4277.431
402909.632,6187988.960,163.010,4278.432
402910.629,6187989.040,163.015,4279.432
402911.625,6187989.110,163.020,4280.430
402912.622,6187989.190,163.024,4281.430
402913.619,6187989.270,163.029,4282.431
402914.616,6187989.350,163.034,4283.431
402915.612,6187989.430,163.040,4284.430
402916.609,6187989.510,163.045,4285.430
402917.605,6187989.590,163.050,4286.429
402918.602,6187989.680,163.056,4287.430
402919.598,6187989.760,163.061,4288.430
402920.595,6187989.840,163.067,4289.430
402921.591,6187989.930,163.072,4290.430
402922.587,6187990.020,163.078,4291.430
402923.583,6187990.110,163.084,4292.430
402924.578,6187990.200,163.090,4293.429
402925.574,6187990.290,163.096,4294.429
402926.569,6187990.380,163.102,4295.428
402927.564,6187990.480,163.108,4296.428
402928.559,6187990.580,163.115,4297.428
402929.554,6187990.680,163.121,4298.428
402930.549,6187990.780,163.127,4299.428
402931.543,6187990.880,163.134,4300.427
402932.538,6187990.990,163.141,4301.428
402933.532,6187991.090,163.148,4302.427
402934.526,6187991.200,163.154,4303.427
402935.521,6187991.300,163.161,4304.427
402936.515,6187991.410,163.169,4305.428
402937.508,6187991.520,163.176,4306.427
402938.502,6187991.630,163.184,4307.427
402939.496,6187991.740,163.191,4308.427
402940.490,6187991.850,163.199,4309.427
402941.484,6187991.960,163.207,4310.427
402942.477,6187992.070,163.214,4311.426
402943.471,6187992.180,163.222,4312.426
402944.465,6187992.290,163.229,4313.426
402945.459,6187992.400,163.237,4314.426
402946.453,6187992.510,163.246,4315.426
402947.447,6187992.620,163.255,4316.426
402948.441,6187992.730,163.263,4317.426
402949.435,6187992.840,163.272,4318.426
402950.429,6187992.940,163.281,4319.425
402951.423,6187993.050,163.289,4320.426
402952.416,6187993.160,163.298,4321.425
402953.410,6187993.270,163.307,4322.425
402954.404,6187993.380,163.315,4323.425
402955.398,6187993.490,163.325,4324.425
402956.392,6187993.600,163.335,4325.425
402957.386,6187993.710,163.345,4326.425
402958.380,6187993.820,163.355,4327.425
402959.374,6187993.930,163.364,4328.425
402960.368,6187994.030,163.374,4329.424
402961.361,6187994.140,163.384,4330.423
402962.355,6187994.250,163.394,4331.423
402963.349,6187994.360,163.404,4332.423
402964.343,6187994.470,163.414,4333.423
402965.337,6187994.580,163.425,4334.423
402966.331,6187994.690,163.436,4335.424
402967.325,6187994.800,163.447,4336.424
402968.319,6187994.910,163.458,4337.424
402969.312,6187995.020,163.469,4338.423
402970.306,6187995.130,163.480,4339.423
402971.300,6187995.240,163.491,4340.423
402972.294,6187995.350,163.502,4341.423
402973.288,6187995.460,163.513,4342.423
402974.281,6187995.570,163.525,4343.422
402975.275,6187995.680,163.537,4344.422
402976.269,6187995.790,163.549,4345.422
402977.263,6187995.900,163.561,4346.422
402978.256,6187996.010,163.573,4347.421
402979.250,6187996.120,163.585,4348.421
402980.244,6187996.230,163.597,4349.421
402981.238,6187996.340,163.609,4350.422
402982.231,6187996.450,163.621,4351.421
402983.225,6187996.560,163.634,4352.421
402984.219,6187996.670,163.647,4353.421
402985.212,6187996.780,163.660,4354.420
402986.206,6187996.900,163.673,4355.421
402987.200,6187997.010,163.686,4356.421
402988.193,6187997.120,163.699,4357.420
402989.187,6187997.230,163.713,4358.420
402990.181,6187997.340,163.726,4359.420
402991.174,6187997.450,163.739,4360.419
402992.168,6187997.560,163.752,4361.419
402993.163,6187997.670,163.766,4362.421
402994.157,6187997.770,163.780,4363.420
402995.151,6187997.880,163.794,4364.420
402996.145,6187997.980,163.807,4365.419
402997.140,6187998.090,163.821,4366.420
402998.134,6187998.190,163.835,4367.419
402999.128,6187998.300,163.849,4368.419
403000.122,6187998.410,163.863,4369.419
403001.116,6187998.510,163.878,4370.418
403002.110,6187998.620,163.892,4371.418
403003.104,6187998.730,163.907,4372.418
403004.098,6187998.840,163.921,4373.418
403005.092,6187998.950,163.936,4374.418
403006.085,6187999.060,163.951,4375.417
403007.079,6187999.180,163.966,4376.418
403008.072,6187999.290,163.982,4377.418
403009.066,6187999.400,163.997,4378.418
403010.059,6187999.510,164.012,4379.417
403011.053,6187999.630,164.027,4380.418
403012.047,6187999.740,164.042,4381.418
403013.040,6187999.850,164.057,4382.417
403014.034,6187999.960,164.072,4383.417
403015.027,6188000.070,164.088,4384.416
403016.021,6188000.180,164.104,4385.416
403017.015,6188000.290,164.120,4386.416
403018.009,6188000.400,164.135,4387.416
403019.003,6188000.510,164.151,4388.416
403019.997,6188000.620,164.167,4389.416
403020.990,6188000.730,164.183,4390.416
403021.984,6188000.840,164.199,4391.416
403022.978,6188000.950,164.215,4392.416
403023.972,6188001.060,164.231,4393.416
403024.966,6188001.170,164.247,4394.416
403025.960,6188001.280,164.264,4395.416
403026.954,6188001.390,164.280,4396.416
403027.947,6188001.500,164.296,4397.415
403028.941,6188001.610,164.313,4398.415
403029.935,6188001.710,164.329,4399.414
403030.929,6188001.820,164.346,4400.414
403031.923,6188001.930,164.362,4401.414
403032.917,6188002.040,164.378,4402.414
403033.911,6188002.150,164.395,4403.414
403034.905,6188002.250,164.412,4404.413
403035.899,6188002.360,164.429,4405.413
403036.893,6188002.470,164.446,4406.414
403037.888,6188002.570,164.463,4407.414
403038.882,6188002.680,164.480,4408.414
403039.876,6188002.790,164.497,4409.414
403040.870,6188002.890,164.514,4410.413
403041.865,6188003.000,164.531,4411.414
403042.859,6188003.100,164.548,4412.413
403043.854,6188003.200,164.566,4413.413
403044.848,6188003.310,164.583,4414.413
403045.842,6188003.410,164.600,4415.412
403046.837,6188003.520,164.618,4416.413
403047.831,6188003.620,164.635,4417.412
403048.826,6188003.730,164.652,4418.413
403049.820,6188003.830,164.670,4419.412
403050.814,6188003.940,164.687,4420.412
403051.808,6188004.050,164.705,4421.412
403052.802,6188004.160,164.723,4422.412
403053.796,6188004.270,164.740,4423.412
403054.790,6188004.370,164.758,4424.411
403055.784,6188004.480,164.776,4425.411
403056.777,6188004.590,164.794,4426.410
403057.771,6188004.700,164.812,4427.411
403058.765,6188004.810,164.830,4428.411
403059.759,6188004.920,164.849,4429.411
403060.752,6188005.040,164.867,4430.411
403061.746,6188005.150,164.885,4431.411
403062.740,6188005.260,164.903,4432.411
403063.733,6188005.370,164.921,4433.410
403064.727,6188005.480,164.940,4434.410
403065.721,6188005.590,164.958,4435.410
403066.715,6188005.690,164.977,4436.409
403067.709,6188005.800,164.996,4437.409
403068.704,6188005.910,165.015,4438.410
403069.698,6188006.010,165.033,4439.409
403070.692,6188006.120,165.052,4440.409
403071.686,6188006.230,165.071,4441.410
403072.680,6188006.330,165.090,4442.409
403073.674,6188006.440,165.109,4443.409
403074.668,6188006.550,165.128,4444.409
403075.663,6188006.650,165.147,4445.409
403076.657,6188006.760,165.167,4446.409
403077.652,6188006.860,165.186,4447.409
403078.646,6188006.960,165.206,4448.408
403079.640,6188007.070,165.225,4449.408
403080.635,6188007.170,165.245,4450.408
403081.629,6188007.280,165.264,4451.408
403082.624,6188007.380,165.284,4452.408
403083.618,6188007.490,165.303,4453.408
403084.612,6188007.590,165.357,4454.407
403085.606,6188007.700,165.434,4455.407
403086.600,6188007.810,165.446,4456.407
403087.594,6188007.920,165.445,4457.407
403088.588,6188008.020,165.444,4458.406
403089.583,6188008.130,165.442,4459.407
403090.577,6188008.240,165.444,4460.407
403091.570,6188008.350,165.464,4461.407
403092.563,6188008.470,165.484,4462.407
403093.557,6188008.580,165.505,4463.407
403094.550,6188008.690,165.525,4464.406
403095.543,6188008.810,165.546,4465.406
403096.536,6188008.930,165.566,4466.406
403097.529,6188009.050,165.587,4467.407
403098.521,6188009.170,165.608,4468.406
403099.514,6188009.290,165.629,4469.406
403100.506,6188009.410,165.649,4470.405
403101.499,6188009.530,165.670,4471.405
403102.491,6188009.660,165.691,4472.406
403103.482,6188009.790,165.712,4473.405
403104.474,6188009.910,165.733,4474.405
403105.465,6188010.040,165.754,4475.404
403106.457,6188010.170,165.775,4476.405
403107.448,6188010.300,165.796,4477.404
403108.438,6188010.440,165.817,4478.404
403109.429,6188010.570,165.838,4479.403
403110.420,6188010.710,165.860,4480.404
403111.411,6188010.840,165.881,4481.404
403112.401,6188010.980,165.902,4482.404
403113.390,6188011.130,165.923,4483.404
403114.380,6188011.270,165.945,4484.404
403115.370,6188011.410,165.966,4485.404
403116.359,6188011.550,165.987,4486.403
403117.348,6188011.700,166.008,4487.403
403118.336,6188011.860,166.030,4488.404
403119.325,6188012.010,166.051,4489.404
403120.313,6188012.160,166.072,4490.403
403121.301,6188012.310,166.094,4491.403
403122.289,6188012.460,166.115,4492.402
403123.276,6188012.620,166.136,4493.402
403124.264,6188012.780,166.158,4494.403
403125.251,6188012.930,166.179,4495.401
403126.239,6188013.090,166.200,4496.402
403127.226,6188013.250,166.221,4497.402
403128.213,6188013.410,166.243,4498.402
403129.199,6188013.570,166.264,4499.401
403130.186,6188013.740,166.285,4500.402
403131.173,6188013.900,166.306,4501.402
403132.159,6188014.060,166.327,4502.401
403133.145,6188014.230,166.348,4503.401
403134.130,6188014.400,166.369,4504.401
403135.116,6188014.570,166.390,4505.402
403136.101,6188014.740,166.411,4506.401
403137.087,6188014.910,166.432,4507.402
403138.071,6188015.080,166.453,4508.400
403139.055,6188015.260,166.474,4509.401
403140.040,6188015.430,166.495,4510.400
403141.024,6188015.610,166.516,4511.400
403142.008,6188015.790,166.536,4512.401
403142.990,6188015.970,166.557,4513.399
403143.973,6188016.160,166.577,4514.400
403144.956,6188016.340,166.598,4515.400
403145.937,6188016.530,166.618,4516.399
403146.917,6188016.730,166.638,4517.399
403147.898,6188016.920,166.659,4518.398
403148.877,6188017.130,166.679,4519.400
403149.855,6188017.340,166.699,4520.400
403150.832,6188017.550,166.719,4521.399
403151.807,6188017.770,166.738,4522.399
403152.782,6188017.990,166.758,4523.398
403153.756,6188018.220,166.778,4524.399
403154.728,6188018.450,166.797,4525.398
403155.700,6188018.690,166.817,4526.399
403156.669,6188018.930,166.836,4527.397
403157.638,6188019.180,166.855,4528.398
403158.605,6188019.430,166.874,4529.397
403159.571,6188019.690,166.893,4530.397
403160.536,6188019.950,166.912,4531.397
403161.499,6188020.220,166.930,4532.397
403162.462,6188020.490,166.949,4533.397
403163.422,6188020.770,166.967,4534.397
403164.382,6188021.050,166.986,4535.397
403165.341,6188021.330,167.004,4536.396
403166.298,6188021.620,167.022,4537.396
403167.254,6188021.910,167.040,4538.395
403168.210,6188022.210,167.057,4539.397
403169.164,6188022.510,167.075,4540.397
403170.117,6188022.810,167.092,4541.396
403171.069,6188023.110,167.110,4542.394
403172.019,6188023.420,167.127,4543.394
403172.968,6188023.740,167.144,4544.395
403173.917,6188024.060,167.161,4545.397
403174.864,6188024.380,167.177,4546.396
403175.810,6188024.700,167.194,4547.395
403176.756,6188025.020,167.210,4548.393
403177.701,6188025.350,167.226,4549.394
403178.644,6188025.680,167.242,4550.394
403179.587,6188026.020,167.258,4551.396
403180.529,6188026.350,167.274,4552.394
403181.472,6188026.680,167.289,4553.393
403182.412,6188027.020,167.304,4554.393
403183.352,6188027.360,167.319,4555.392
403184.292,6188027.700,167.334,4556.392
403185.232,6188028.040,167.349,4557.392
403186.173,6188028.380,167.364,4558.392
403187.112,6188028.730,167.379,4559.394
403188.050,6188029.070,167.393,4560.392
403188.989,6188029.420,167.407,4561.394
403189.927,6188029.760,167.420,4562.392
403190.866,6188030.110,167.434,4563.394
403191.804,6188030.450,167.448,4564.392
403192.743,6188030.800,167.462,4565.394
403193.681,6188031.140,167.476,4566.391
403194.618,6188031.490,167.489,4567.392
403195.554,6188031.840,167.501,4568.391
403196.491,6188032.190,167.514,4569.391
403197.428,6188032.540,167.527,4570.391
403198.365,6188032.890,167.540,4571.392
403199.302,6188033.240,167.552,4572.392
403200.237,6188033.590,167.565,4573.390
403201.171,6188033.950,167.576,4574.391
403202.106,6188034.310,167.588,4575.393
403203.040,6188034.660,167.600,4576.391
403203.974,6188035.020,167.612,4577.392
403204.905,6188035.380,167.623,4578.390
403205.836,6188035.750,167.634,4579.392
403206.767,6188036.110,167.645,4580.390
403207.698,6188036.480,167.656,4581.392
403208.625,6188036.850,167.667,4582.390
403209.553,6188037.220,167.677,4583.389
403210.480,6188037.600,167.688,4584.391
403211.406,6188037.980,167.698,4585.391
403212.330,6188038.360,167.708,4586.391
403213.254,6188038.740,167.718,4587.390
403214.177,6188039.120,167.728,4588.388
403215.097,6188039.520,167.738,4589.391
403216.017,6188039.910,167.747,4590.390
403216.937,6188040.300,167.757,4591.390
403217.855,6188040.700,167.766,4592.391
403218.770,6188041.100,167.775,4593.389
403219.686,6188041.500,167.784,4594.389
403220.599,6188041.910,167.793,4595.390
403221.511,6188042.320,167.802,4596.390
403222.422,6188042.730,167.810,4597.389
403223.331,6188043.140,167.819,4598.386
403224.238,6188043.570,167.827,4599.390
403225.145,6188043.990,167.835,4600.389
403226.052,6188044.410,167.843,4601.389
403226.954,6188044.840,167.851,4602.388
403227.856,6188045.270,167.859,4603.387
403228.758,6188045.700,167.867,4604.387
403229.656,6188046.140,167.875,4605.387
403230.554,6188046.580,167.882,4606.387
403231.451,6188047.020,167.890,4607.386
403232.344,6188047.470,167.897,4608.386
403233.237,6188047.920,167.904,4609.386
403234.130,6188048.370,167.911,4610.386
403235.021,6188048.830,167.918,4611.388
403235.910,6188049.280,167.925,4612.385
403236.798,6188049.740,167.932,4613.385
403237.687,6188050.200,167.939,4614.386
403238.571,6188050.670,167.946,4615.387
403239.455,6188051.140,167.952,4616.388
403240.338,6188051.600,167.959,4617.384
403241.219,6188052.080,167.965,4618.387
403242.097,6188052.550,167.972,4619.383
403242.976,6188053.030,167.978,4620.384
403243.850,6188053.520,167.984,4621.386
403244.722,6188054.010,167.990,4622.387
403245.593,6188054.500,167.997,4623.386
403246.458,6188055.000,168.003,4624.385
403247.322,6188055.500,168.009,4625.383
403248.182,6188056.010,168.014,4626.383
403249.039,6188056.530,168.020,4627.386
403249.891,6188057.050,168.026,4628.384
403250.741,6188057.580,168.032,4629.385
403251.586,6188058.110,168.037,4630.383
403252.429,6188058.650,168.043,4631.384
403253.270,6188059.190,168.049,4632.384
403254.105,6188059.740,168.054,4633.383
403254.940,6188060.290,168.060,4634.383
403255.774,6188060.840,168.065,4635.382
403256.602,6188061.400,168.070,4636.382
403257.430,6188061.960,168.076,4637.381
403258.258,6188062.520,168.081,4638.381
403259.086,6188063.080,168.086,4639.381
403259.910,6188063.650,168.091,4640.383
403260.734,6188064.220,168.096,4641.384
403261.558,6188064.780,168.101,4642.381
403262.382,6188065.350,168.107,4643.383
403263.205,6188065.920,168.112,4644.384
403264.029,6188066.480,168.117,4645.380
403264.849,6188067.060,168.122,4646.385
403265.668,6188067.630,168.127,4647.382
403266.488,6188068.200,168.132,4648.381
403267.307,6188068.770,168.136,4649.379
403268.124,6188069.350,168.141,4650.381
403268.938,6188069.930,168.146,4651.380
403269.752,6188070.510,168.151,4652.380
403270.566,6188071.090,168.156,4653.379
403271.374,6188071.680,168.161,4654.380
403272.182,6188072.270,168.165,4655.380
403272.989,6188072.860,168.170,4656.380
403273.790,6188073.460,168.175,4657.381
403274.592,6188074.060,168.179,4658.382
403275.392,6188074.660,168.184,4659.382
403276.186,6188075.260,168.189,4660.377
403276.980,6188075.870,168.193,4661.379
403277.769,6188076.480,168.198,4662.376
403278.556,6188077.100,168.202,4663.378
403279.342,6188077.720,168.207,4664.379
403280.120,6188078.350,168.212,4665.380
403280.899,6188078.970,168.216,4666.376
403281.673,6188079.610,168.221,4667.380
403282.443,6188080.250,168.225,4668.381
403283.212,6188080.880,168.230,4669.375
403283.974,6188081.530,168.234,4670.377
403284.736,6188082.180,168.239,4671.379
403285.493,6188082.830,168.243,4672.376
403286.247,6188083.490,168.248,4673.378
403287.000,6188084.150,168.252,4674.380
403287.747,6188084.810,168.257,4675.377
403288.493,6188085.480,168.261,4676.379
403289.239,6188086.140,168.266,4677.375
403289.978,6188086.820,168.270,4678.380
403290.717,6188087.490,168.275,4679.377
403291.456,6188088.160,168.279,4680.375
403292.188,6188088.840,168.284,4681.374
403292.921,6188089.520,168.288,4682.373
403293.653,6188090.210,168.293,4683.379
403294.381,6188090.890,168.297,4684.376
403295.107,6188091.580,168.302,4685.377
403295.833,6188092.270,168.306,4686.379
403296.558,6188092.950,168.311,4687.373
403297.277,6188093.650,168.315,4688.376
403297.996,6188094.340,168.320,4689.373
403298.715,6188095.040,168.324,4690.376
403299.430,6188095.740,168.329,4691.377
403300.141,6188096.440,168.333,4692.375
403300.853,6188097.140,168.338,4693.373
403301.564,6188097.850,168.342,4694.378
403302.268,6188098.560,168.347,4695.378
403302.972,6188099.270,168.351,4696.378
403303.676,6188099.980,168.356,4697.377
403304.375,6188100.690,168.360,4698.374
403305.071,6188101.410,168.365,4699.375
403305.768,6188102.130,168.369,4700.377
403306.459,6188102.850,168.374,4701.375
403307.147,6188103.570,168.379,4702.371
403307.834,6188104.300,168.383,4703.374
403308.517,6188105.030,168.388,4704.373
403309.196,6188105.760,168.392,4705.370
403309.874,6188106.500,168.397,4706.374
403310.543,6188107.240,168.402,4707.371
403311.213,6188107.980,168.406,4708.370
