# odom_ml.route_map/1  frame=UTM zone 37N (WGS84)  columns=x,y,z,s
# s is recomputed by PathMap::finalise; heading/grade/curvature are derived there too
403311.213,6188107.980,168.406,0.000
403310.543,6188107.240,168.402,1.000
403309.874,6188106.500,168.397,2.000
403309.196,6188105.760,168.392,3.000
403308.517,6188105.030,168.388,3.999
403307.834,6188104.300,168.383,4.999
403307.147,6188103.570,168.379,5.999
403306.459,6188102.850,168.374,6.999
403305.768,6188102.130,168.369,7.999
403305.071,6188101.410,168.365,8.999
403304.375,6188100.690,168.360,9.999
403303.676,6188099.980,168.356,10.998
403302.972,6188099.270,168.351,11.998
403302.268,6188098.560,168.347,12.998
403301.564,6188097.850,168.342,13.998
403300.853,6188097.140,168.338,14.998
403300.141,6188096.440,168.333,15.998
403299.430,6188095.740,168.329,16.998
403298.715,6188095.040,168.324,17.997
403297.996,6188094.340,168.320,18.997
403297.277,6188093.650,168.315,19.997
403296.558,6188092.950,168.311,20.997
403295.833,6188092.270,168.306,21.997
403295.107,6188091.580,168.302,22.997
403294.381,6188090.890,168.297,23.997
403293.653,6188090.210,168.293,24.996
403292.921,6188089.520,168.288,25.996
403292.188,6188088.840,168.284,26.996
403291.456,6188088.160,168.279,27.996
403290.717,6188087.490,168.275,28.996
403289.978,6188086.820,168.270,29.996
403289.239,6188086.140,168.266,30.996
403288.493,6188085.480,168.261,31.995
403287.747,6188084.810,168.257,32.995
403287.000,6188084.150,168.252,33.995
403286.247,6188083.490,168.248,34.995
403285.493,6188082.830,168.243,35.995
403284.736,6188082.180,168.239,36.995
403283.974,6188081.530,168.234,37.995
403283.212,6188080.880,168.230,38.994
403282.443,6188080.250,168.225,39.994
403281.673,6188079.610,168.221,40.994
403280.899,6188078.970,168.216,41.994
403280.120,6188078.350,168.212,42.994
403279.342,6188077.720,168.207,43.994
403278.556,6188077.100,168.202,44.994
403277.769,6188076.480,168.198,45.993
403276.980,6188075.870,168.193,46.993
403276.186,6188075.260,168.189,47.993
403275.392,6188074.660,168.184,48.993
403274.592,6188074.060,168.179,49.993
403273.790,6188073.460,168.175,50.993
403272.989,6188072.860,168.170,51.993
403272.182,6188072.270,168.165,52.992
403271.374,6188071.680,168.161,53.992
403270.566,6188071.090,168.156,54.992
403269.752,6188070.510,168.151,55.992
403268.938,6188069.930,168.146,56.992
403268.124,6188069.350,168.141,57.992
403267.307,6188068.770,168.136,58.992
403266.488,6188068.200,168.132,59.991
403265.668,6188067.630,168.127,60.991
403264.849,6188067.060,168.122,61.991
403264.029,6188066.480,168.117,62.991
403263.205,6188065.920,168.112,63.991
403262.382,6188065.350,168.107,64.991
403261.558,6188064.780,168.101,65.991
403260.734,6188064.220,168.096,66.990
403259.910,6188063.650,168.091,67.990
403259.086,6188063.080,168.086,68.990
403258.258,6188062.520,168.081,69.990
403257.430,6188061.960,168.076,70.990
403256.602,6188061.400,168.070,71.990
403255.774,6188060.840,168.065,72.990
403254.940,6188060.290,168.060,73.989
403254.105,6188059.740,168.054,74.989
403253.270,6188059.190,168.049,75.989
403252.429,6188058.650,168.043,76.989
403251.586,6188058.110,168.037,77.989
403250.741,6188057.580,168.032,78.989
403249.891,6188057.050,168.026,79.989
403249.039,6188056.530,168.020,80.988
403248.182,6188056.010,168.014,81.988
403247.322,6188055.500,168.009,82.988
403246.458,6188055.000,168.003,83.988
403245.593,6188054.500,167.997,84.988
403244.722,6188054.010,167.990,85.988
403243.850,6188053.520,167.984,86.988
403242.976,6188053.030,167.978,87.987
403242.097,6188052.550,167.972,88.987
403241.219,6188052.080,167.965,89.987
403240.338,6188051.600,167.959,90.987
403239.455,6188051.140,167.952,91.987
403238.571,6188050.670,167.946,92.987
403237.687,6188050.200,167.939,93.987
403236.798,6188049.740,167.932,94.986
403235.910,6188049.280,167.925,95.986
403235.021,6188048.830,167.918,96.986
403234.130,6188048.370,167.911,97.986
403233.237,6188047.920,167.904,98.986
403232.344,6188047.470,167.897,99.986
403231.451,6188047.020,167.890,100.986
403230.554,6188046.580,167.882,101.985
403229.656,6188046.140,167.875,102.985
403228.758,6188045.700,167.867,103.985
403227.856,6188045.270,167.859,104.985
403226.954,6188044.840,167.851,105.985
403226.052,6188044.410,167.843,106.985
403225.145,6188043.990,167.835,107.985
403224.238,6188043.570,167.827,108.984
403223.331,6188043.140,167.819,109.984
403222.422,6188042.730,167.810,110.984
403221.511,6188042.320,167.802,111.984
403220.599,6188041.910,167.793,112.984
403219.686,6188041.500,167.784,113.984
403218.770,6188041.100,167.775,114.984
403217.855,6188040.700,167.766,115.983
403216.937,6188040.300,167.757,116.983
403216.017,6188039.910,167.747,117.983
403215.097,6188039.520,167.738,118.983
403214.177,6188039.120,167.728,119.983
403213.254,6188038.740,167.718,120.983
403212.330,6188038.360,167.708,121.983
403211.406,6188037.980,167.698,122.982
403210.480,6188037.600,167.688,123.982
403209.553,6188037.220,167.677,124.982
403208.625,6188036.850,167.667,125.982
403207.698,6188036.480,167.656,126.982
403206.767,6188036.110,167.645,127.982
403205.836,6188035.750,167.634,128.982
403204.905,6188035.380,167.623,129.981
403203.974,6188035.020,167.612,130.981
403203.040,6188034.660,167.600,131.981
403202.106,6188034.310,167.588,132.981
403201.171,6188033.950,167.576,133.981
403200.237,6188033.590,167.565,134.981
403199.302,6188033.240,167.552,135.981
403198.365,6188032.890,167.540,136.980
403197.428,6188032.540,167.527,137.980
403196.491,6188032.190,167.514,138.980
403195.554,6188031.840,167.501,139.980
403194.618,6188031.490,167.489,140.980
403193.681,6188031.140,167.476,141.980
403192.743,6188030.800,167.462,142.980
403191.804,6188030.450,167.448,143.980
403190.866,6188030.110,167.434,144.979
403189.927,6188029.760,167.420,145.979
403188.989,6188029.420,167.407,146.979
403188.050,6188029.070,167.393,147.979
403187.112,6188028.730,167.379,148.979
403186.173,6188028.380,167.364,149.979
403185.232,6188028.040,167.349,150.979
403184.292,6188027.700,167.334,151.978
403183.352,6188027.360,167.319,152.978
403182.412,6188027.020,167.304,153.978
403181.472,6188026.680,167.289,154.978
403180.529,6188026.350,167.274,155.978
403179.587,6188026.020,167.258,156.978
403178.644,6188025.680,167.242,157.978
403177.701,6188025.350,167.226,158.977
403176.756,6188025.020,167.210,159.977
403175.810,6188024.700,167.194,160.977
403174.864,6188024.380,167.177,161.977
403173.917,6188024.060,167.161,162.977
403172.968,6188023.740,167.144,163.977
403172.019,6188023.420,167.127,164.977
403171.069,6188023.110,167.110,165.976
403170.117,6188022.810,167.092,166.976
403169.164,6188022.510,167.075,167.976
403168.210,6188022.210,167.057,168.976
403167.254,6188021.910,167.040,169.976
403166.298,6188021.620,167.022,170.976
403165.341,6188021.330,167.004,171.976
403164.382,6188021.050,166.986,172.975
403163.422,6188020.770,166.967,173.975
403162.462,6188020.490,166.949,174.975
403161.499,6188020.220,166.930,175.975
403160.536,6188019.950,166.912,176.975
403159.571,6188019.690,166.893,177.975
403158.605,6188019.430,166.874,178.975
403157.638,6188019.180,166.855,179.974
403156.669,6188018.930,166.836,180.974
403155.700,6188018.690,166.817,181.974
403154.728,6188018.450,166.797,182.974
403153.756,6188018.220,166.778,183.974
403152.782,6188017.990,166.758,184.974
403151.807,6188017.770,166.738,185.974
403150.832,6188017.550,166.719,186.973
403149.855,6188017.340,166.699,187.973
403148.877,6188017.130,166.679,188.973
403147.898,6188016.920,166.659,189.973
403146.917,6188016.730,166.638,190.973
403145.937,6188016.530,166.618,191.973
403144.956,6188016.340,166.598,192.973
403143.973,6188016.160,166.577,193.972
403142.990,6188015.970,166.557,194.972
403142.008,6188015.790,166.536,195.972
403141.024,6188015.610,166.516,196.972
403140.040,6188015.430,166.495,197.972
403139.055,6188015.260,166.474,198.972
403138.071,6188015.080,166.453,199.972
403137.087,6188014.910,166.432,200.971
403136.101,6188014.740,166.411,201.971
403135.116,6188014.570,166.390,202.971
403134.130,6188014.400,166.369,203.971
403133.145,6188014.230,166.348,204.971
403132.159,6188014.060,166.327,205.971
403131.173,6188013.900,166.306,206.971
403130.186,6188013.740,166.285,207.970
403129.199,6188013.570,166.264,208.970
403128.213,6188013.410,166.243,209.970
403127.226,6188013.250,166.221,210.970
403126.239,6188013.090,166.200,211.970
403125.251,6188012.930,166.179,212.970
403124.264,6188012.780,166.158,213.970
403123.276,6188012.620,166.136,214.969
403122.289,6188012.460,166.115,215.969
403121.301,6188012.310,166.094,216.969
403120.313,6188012.160,166.072,217.969
403119.325,6188012.010,166.051,218.969
403118.336,6188011.860,166.030,219.969
403117.348,6188011.700,166.008,220.969
403116.359,6188011.550,165.987,221.968
403115.370,6188011.410,165.966,222.968
403114.380,6188011.270,165.945,223.968
403113.390,6188011.130,165.923,224.968
403112.401,6188010.980,165.902,225.968
403111.411,6188010.840,165.881,226.968
403110.420,6188010.710,165.860,227.968
403109.429,6188010.570,165.838,228.967
403108.438,6188010.440,165.817,229.967
403107.448,6188010.300,165.796,230.967
403106.457,6188010.170,165.775,231.967
403105.465,6188010.040,165.754,232.967
403104.474,6188009.910,165.733,233.967
403103.482,6188009.790,165.712,234.967
403102.491,6188009.660,165.691,235.967
403101.499,6188009.530,165.670,236.966
403100.506,6188009.410,165.649,237.966
403099.514,6188009.290,165.629,238.966
403098.521,6188009.170,165.608,239.966
403097.529,6188009.050,165.587,240.966
403096.536,6188008.930,165.566,241.966
403095.543,6188008.810,165.546,242.966
403094.550,6188008.690,165.525,243.965
403093.557,6188008.580,165.505,244.965
403092.563,6188008.470,165.484,245.965
403091.570,6188008.350,165.464,246.965
403090.577,6188008.240,165.444,247.965
403089.583,6188008.130,165.442,248.965
403088.588,6188008.020,165.444,249.965
403087.594,6188007.920,165.445,250.964
403086.600,6188007.810,165.446,251.964
403085.606,6188007.700,165.434,252.964
403084.612,6188007.590,165.357,253.964
403083.618,6188007.490,165.303,254.964
403082.624,6188007.380,165.284,255.964
403081.629,6188007.280,165.264,256.964
403080.635,6188007.170,165.245,257.963
403079.640,6188007.070,165.225,258.963
403078.646,6188006.960,165.206,259.963
403077.652,6188006.860,165.186,260.963
403076.657,6188006.760,165.167,261.963
403075.663,6188006.650,165.147,262.963
403074.668,6188006.550,165.128,263.963
403073.674,6188006.440,165.109,264.962
403072.680,6188006.330,165.090,265.962
403071.686,6188006.230,165.071,266.962
403070.692,6188006.120,165.052,267.962
403069.698,6188006.010,165.033,268.962
403068.704,6188005.910,165.015,269.962
403067.709,6188005.800,164.996,270.962
403066.715,6188005.690,164.977,271.961
403065.721,6188005.590,164.958,272.961
403064.727,6188005.480,164.940,273.961
403063.733,6188005.370,164.921,274.961
403062.740,6188005.260,164.903,275.961
403061.746,6188005.150,164.885,276.961
403060.752,6188005.040,164.867,277.961
403059.759,6188004.920,164.849,278.961
403058.765,6188004.810,164.830,279.960
403057.771,6188004.700,164.812,280.960
403056.777,6188004.590,164.794,281.960
403055.784,6188004.480,164.776,282.960
403054.790,6188004.370,164.758,283.960
403053.796,6188004.270,164.740,284.960
403052.802,6188004.160,164.723,285.960
403051.808,6188004.050,164.705,286.959
403050.814,6188003.940,164.687,287.959
403049.820,6188003.830,164.670,288.959
403048.826,6188003.730,164.652,289.959
403047.831,6188003.620,164.635,290.959
403046.837,6188003.520,164.618,291.959
403045.842,6188003.410,164.600,292.959
403044.848,6188003.310,164.583,293.958
403043.854,6188003.200,164.566,294.958
403042.859,6188003.100,164.548,295.958
403041.865,6188003.000,164.531,296.958
403040.870,6188002.890,164.514,297.958
403039.876,6188002.790,164.497,298.958
403038.882,6188002.680,164.480,299.958
403037.888,6188002.570,164.463,300.957
403036.893,6188002.470,164.446,301.957
403035.899,6188002.360,164.429,302.957
403034.905,6188002.250,164.412,303.957
403033.911,6188002.150,164.395,304.957
403032.917,6188002.040,164.378,305.957
403031.923,6188001.930,164.362,306.957
403030.929,6188001.820,164.346,307.956
403029.935,6188001.710,164.329,308.956
403028.941,6188001.610,164.313,309.956
403027.947,6188001.500,164.296,310.956
403026.954,6188001.390,164.280,311.956
403025.960,6188001.280,164.264,312.956
403024.966,6188001.170,164.247,313.956
403023.972,6188001.060,164.231,314.955
403022.978,6188000.950,164.215,315.955
403021.984,6188000.840,164.199,316.955
403020.990,6188000.730,164.183,317.955
403019.997,6188000.620,164.167,318.955
403019.003,6188000.510,164.151,319.955
403018.009,6188000.400,164.135,320.955
403017.015,6188000.290,164.120,321.955
403016.021,6188000.180,164.104,322.954
403015.027,6188000.070,164.088,323.954
403014.034,6187999.960,164.072,324.954
403013.040,6187999.850,164.057,325.954
403012.047,6187999.740,164.042,326.954
403011.053,6187999.630,164.027,327.954
403010.059,6187999.510,164.012,328.954
403009.066,6187999.400,163.997,329.953
403008.072,6187999.290,163.982,330.953
403007.079,6187999.180,163.966,331.953
403006.085,6187999.060,163.951,332.953
403005.092,6187998.950,163.936,333.953
403004.098,6187998.840,163.921,334.953
403003.104,6187998.730,163.907,335.953
403002.110,6187998.620,163.892,336.952
403001.116,6187998.510,163.878,337.952
403000.122,6187998.410,163.863,338.952
402999.128,6187998.300,163.849,339.952
402998.134,6187998.190,163.835,340.952
402997.140,6187998.090,163.821,341.952
402996.145,6187997.980,163.807,342.952
402995.151,6187997.880,163.794,343.951
402994.157,6187997.770,163.780,344.951
402993.163,6187997.670,163.766,345.951
402992.168,6187997.560,163.752,346.951
402991.174,6187997.450,163.739,347.951
402990.181,6187997.340,163.726,348.951
402989.187,6187997.230,163.713,349.951
402988.193,6187997.120,163.699,350.950
402987.200,6187997.010,163.686,351.950
402986.206,6187996.900,163.673,352.950
402985.212,6187996.780,163.660,353.950
402984.219,6187996.670,163.647,354.950
402983.225,6187996.560,163.634,355.950
402982.231,6187996.450,163.621,356.950
402981.238,6187996.340,163.609,357.950
402980.244,6187996.230,163.597,358.949
402979.250,6187996.120,163.585,359.949
402978.256,6187996.010,163.573,360.949
402977.263,6187995.900,163.561,361.949
402976.269,6187995.790,163.549,362.949
402975.275,6187995.680,163.537,363.949
402974.281,6187995.570,163.525,364.949
402973.288,6187995.460,163.513,365.948
402972.294,6187995.350,163.502,366.948
402971.300,6187995.240,163.491,367.948
402970.306,6187995.130,163.480,368.948
402969.312,6187995.020,163.469,369.948
402968.319,6187994.910,163.458,370.948
402967.325,6187994.800,163.447,371.948
402966.331,6187994.690,163.436,372.947
402965.337,6187994.580,163.425,373.947
402964.343,6187994.470,163.414,374.947
402963.349,6187994.360,163.404,375.947
402962.355,6187994.250,163.394,376.947
402961.361,6187994.140,163.384,377.947
402960.368,6187994.030,163.374,378.947
402959.374,6187993.930,163.364,379.946
402958.380,6187993.820,163.355,380.946
402957.386,6187993.710,163.345,381.946
402956.392,6187993.600,163.335,382.946
402955.398,6187993.490,163.325,383.946
402954.404,6187993.380,163.315,384.946
402953.410,6187993.270,163.307,385.946
402952.416,6187993.160,163.298,386.945
402951.423,6187993.050,163.289,387.945
402950.429,6187992.940,163.281,388.945
402949.435,6187992.840,163.272,389.945
402948.441,6187992.730,163.263,390.945
402947.447,6187992.620,163.255,391.945
402946.453,6187992.510,163.246,392.945
402945.459,6187992.400,163.237,393.944
402944.465,6187992.290,163.229,394.944
402943.471,6187992.180,163.222,395.944
402942.477,6187992.070,163.214,396.944
402941.484,6187991.960,163.207,397.944
402940.490,6187991.850,163.199,398.944
402939.496,6187991.740,163.191,399.944
402938.502,6187991.630,163.184,400.944
402937.508,6187991.520,163.176,401.943
402936.515,6187991.410,163.169,402.943
402935.521,6187991.300,163.161,403.943
402934.526,6187991.200,163.154,404.943
402933.532,6187991.090,163.148,405.943
402932.538,6187990.990,163.141,406.943
402931.543,6187990.880,163.134,407.943
402930.549,6187990.780,163.127,408.942
402929.554,6187990.680,163.121,409.942
402928.559,6187990.580,163.115,410.942
402927.564,6187990.480,163.108,411.942
402926.569,6187990.380,163.102,412.942
402925.574,6187990.290,163.096,413.942
402924.578,6187990.200,163.090,414.942
402923.583,6187990.110,163.084,415.941
402922.587,6187990.020,163.078,416.941
402921.591,6187989.930,163.072,417.941
402920.595,6187989.840,163.067,418.941
402919.598,6187989.760,163.061,419.941
402918.602,6187989.680,163.056,420.941
402917.605,6187989.590,163.050,421.941
402916.609,6187989.510,163.045,422.940
402915.612,6187989.430,163.040,423.940
402914.616,6187989.350,163.034,424.940
402913.619,6187989.270,163.029,425.940
402912.622,6187989.190,163.024,426.940
402911.625,6187989.110,163.020,427.940
402910.629,6187989.040,163.015,428.940
402909.632,6187988.960,163.010,429.939
402908.635,6187988.880,163.005,430.939
402907.638,6187988.800,163.000,431.939
402906.641,6187988.730,162.995,432.939
402905.644,6187988.650,162.991,433.939
402904.647,6187988.580,162.987,434.939
402903.649,6187988.510,162.982,435.939
402902.652,6187988.440,162.978,436.938
402901.655,6187988.370,162.973,437.938
402900.657,6187988.300,162.969,438.938
402899.659,6187988.240,162.965,439.938
402898.661,6187988.180,162.961,440.938
402897.663,6187988.110,162.957,441.938
402896.666,6187988.050,162.953,442.938
402895.668,6187987.990,162.949,443.938
402894.669,6187987.930,162.946,444.937
402893.671,6187987.870,162.942,445.937
402892.673,6187987.810,162.939,446.937
402891.675,6187987.750,162.935,447.937
402890.677,6187987.700,162.931,448.937
402889.679,6187987.640,162.928,449.937
402888.680,6187987.580,162.924,450.937
402887.682,6187987.520,162.921,451.936
402886.684,6187987.460,162.917,452.936
402885.686,6187987.410,162.914,453.936
402884.688,6187987.350,162.910,454.936
402883.689,6187987.290,162.907,455.936
402882.691,6187987.240,162.904,456.936
402881.693,6187987.180,162.901,457.936
402880.694,6187987.130,162.897,458.935
402879.696,6187987.070,162.894,459.935
402878.697,6187987.020,162.891,460.935
402877.699,6187986.970,162.888,461.935
402876.700,6187986.930,162.885,462.935
402875.701,6187986.880,162.882,463.935
402874.703,6187986.830,162.879,464.935
402873.704,6187986.780,162.876,465.934
402872.705,6187986.730,162.873,466.934
402871.706,6187986.690,162.870,467.934
402870.708,6187986.640,162.867,468.934
402869.709,6187986.590,162.865,469.934
402868.710,6187986.550,162.862,470.934
402867.711,6187986.500,162.859,471.934
402866.713,6187986.450,162.856,472.933
402865.714,6187986.400,162.853,473.933
402864.716,6187986.340,162.850,474.933
402863.717,6187986.290,162.847,475.933
402862.719,6187986.240,162.844,476.933
402861.720,6187986.190,162.841,477.933
402860.722,6187986.140,162.838,478.933
402859.723,6187986.080,162.835,479.932
402858.725,6187986.030,162.832,480.932
402857.726,6187985.980,162.829,481.932
402856.728,6187985.920,162.826,482.932
402855.730,6187985.870,162.823,483.932
402854.731,6187985.820,162.820,484.932
402853.733,6187985.760,162.817,485.932
402852.734,6187985.710,162.814,486.932
402851.736,6187985.660,162.811,487.931
402850.737,6187985.610,162.807,488.931
402849.738,6187985.570,162.804,489.931
402848.739,6187985.530,162.801,490.931
402847.740,6187985.480,162.797,491.931
402846.741,6187985.440,162.794,492.931
402845.742,6187985.400,162.790,493.931
402844.743,6187985.360,162.786,494.930
402843.744,6187985.320,162.783,495.930
402842.745,6187985.270,162.779,496.930
402841.746,6187985.230,162.775,497.930
402840.747,6187985.190,162.771,498.930
402839.748,6187985.150,162.768,499.930
402838.749,6187985.110,162.764,500.930
402837.750,6187985.070,162.760,501.929
402836.751,6187985.030,162.756,502.929
402835.752,6187984.980,162.751,503.929
402834.754,6187984.940,162.747,504.929
402833.755,6187984.890,162.743,505.929
402832.756,6187984.850,162.738,506.929
402831.757,6187984.800,162.734,507.929
402830.758,6187984.760,162.729,508.928
402829.759,6187984.710,162.724,509.928
402828.761,6187984.660,162.719,510.928
402827.762,6187984.610,162.714,511.928
402826.763,6187984.560,162.709,512.928
402825.765,6187984.520,162.704,513.928
402824.766,6187984.470,162.699,514.928
402823.767,6187984.420,162.694,515.927
402822.769,6187984.370,162.689,516.927
402821.770,6187984.320,162.684,517.927
402820.771,6187984.270,162.678,518.927
402819.772,6187984.230,162.672,519.927
402818.774,6187984.180,162.666,520.927
402817.775,6187984.130,162.660,521.927
402816.776,6187984.090,162.654,522.926
402815.777,6187984.040,162.648,523.926
402814.779,6187983.990,162.642,524.926
402813.780,6187983.950,162.636,525.926
402812.781,6187983.900,162.630,526.926
402811.782,6187983.850,162.624,527.926
402810.783,6187983.810,162.618,528.926
402809.785,6187983.760,162.611,529.926
402808.786,6187983.710,162.604,530.925
402807.787,6187983.660,162.597,531.925
402806.789,6187983.620,162.591,532.925
402805.790,6187983.570,162.584,533.925
402804.791,6187983.520,162.577,534.925
402803.792,6187983.470,162.570,535.925
402802.794,6187983.420,162.564,536.925
402801.795,6187983.380,162.557,537.924
402800.796,6187983.330,162.549,538.924
402799.798,6187983.280,162.542,539.924
402798.799,6187983.230,162.534,540.924
402797.800,6187983.190,162.527,541.924
402796.801,6187983.140,162.519,542.924
402795.803,6187983.090,162.512,543.924
402794.804,6187983.040,162.504,544.923
402793.805,6187983.000,162.497,545.923
402792.806,6187982.950,162.490,546.923
402791.808,6187982.900,162.482,547.923
402790.809,6187982.860,162.474,548.923
402789.810,6187982.810,162.465,549.923
402788.811,6187982.770,162.457,550.923
402787.812,6187982.720,162.449,551.922
402786.813,6187982.680,162.441,552.922
402785.815,6187982.630,162.433,553.922
402784.816,6187982.580,162.425,554.922
402783.817,6187982.540,162.417,555.922
402782.818,6187982.490,162.409,556.922
402781.819,6187982.450,162.400,557.922
402780.820,6187982.400,162.391,558.921
402779.822,6187982.360,162.383,559.921
402778.823,6187982.320,162.374,560.921
402777.824,6187982.270,162.365,561.921
402776.825,6187982.230,162.357,562.921
402775.826,6187982.180,162.348,563.921
402774.827,6187982.140,162.340,564.921
402773.828,6187982.090,162.331,565.920
402772.830,6187982.050,162.322,566.920
402771.831,6187982.000,162.313,567.920
402770.832,6187981.950,162.304,568.920
402769.833,6187981.910,162.294,569.920
402768.834,6187981.860,162.285,570.920
402767.836,6187981.810,162.276,571.920
402766.837,6187981.770,162.267,572.920
402765.838,6187981.720,162.258,573.919
402764.839,6187981.680,162.249,574.919
402763.840,6187981.630,162.239,575.919
402762.842,6187981.580,162.230,576.919
402761.843,6187981.540,162.220,577.919
402760.844,6187981.490,162.211,578.919
402759.845,6187981.450,162.201,579.919
402758.846,6187981.400,162.191,580.918
402757.847,6187981.360,162.182,581.918
402756.849,6187981.310,162.172,582.918
402755.850,6187981.270,162.163,583.918
402754.851,6187981.220,162.153,584.918
402753.852,6187981.180,162.143,585.918
402752.853,6187981.130,162.133,586.918
402751.855,6187981.090,162.123,587.917
402750.856,6187981.040,162.113,588.917
402749.857,6187980.990,162.103,589.917
402748.858,6187980.950,162.093,590.917
402747.859,6187980.900,162.083,591.917
402746.860,6187980.860,162.074,592.917
402745.862,6187980.810,162.064,593.917
402744.863,6187980.770,162.054,594.916
402743.864,6187980.720,162.043,595.916
402742.865,6187980.680,162.033,596.916
402741.866,6187980.630,162.023,597.916
402740.867,6187980.590,162.013,598.916
402739.868,6187980.540,162.003,599.916
402738.870,6187980.500,161.993,600.916
402737.871,6187980.450,161.982,601.915
402736.872,6187980.410,161.972,602.915
402735.873,6187980.360,161.962,603.915
402734.874,6187980.320,161.952,604.915
402733.875,6187980.270,161.941,605.915
402732.877,6187980.230,161.931,606.915
402731.878,6187980.180,161.921,607.915
402730.879,6187980.140,161.911,608.915
402729.880,6187980.090,161.900,609.914
402728.881,6187980.040,161.890,610.914
402727.882,6187980.000,161.880,611.914
402726.884,6187979.950,161.870,612.914
402725.885,6187979.910,161.859,613.914
402724.886,6187979.860,161.849,614.914
402723.887,6187979.820,161.839,615.914
402722.888,6187979.770,161.829,616.913
402721.890,6187979.720,161.818,617.913
402720.891,6187979.680,161.808,618.913
402719.892,6187979.630,161.798,619.913
402718.893,6187979.590,161.788,620.913
402717.894,6187979.540,161.777,621.913
402716.896,6187979.500,161.767,622.913
402715.897,6187979.450,161.757,623.912
402714.898,6187979.410,161.747,624.912
402713.899,6187979.360,161.737,625.912
402712.900,6187979.320,161.727,626.912
402711.901,6187979.270,161.717,627.912
402710.902,6187979.230,161.707,628.912
402709.903,6187979.190,161.697,629.912
402708.905,6187979.140,161.687,630.911
402707.906,6187979.100,161.677,631.911
402706.907,6187979.050,161.667,632.911
402705.908,6187979.010,161.657,633.911
402704.909,6187978.960,161.647,634.911
402703.910,6187978.920,161.637,635.911
402702.911,6187978.870,161.627,636.911
402701.912,6187978.830,161.617,637.910
402700.914,6187978.780,161.608,638.910
402699.915,6187978.740,161.598,639.910
402698.916,6187978.690,161.588,640.910
402697.917,6187978.650,161.578,641.910
402696.918,6187978.600,161.569,642.910
402695.919,6187978.560,161.559,643.910
402694.921,6187978.510,161.550,644.909
402693.922,6187978.460,161.540,645.909
402692.923,6187978.420,161.531,646.909
402691.924,6187978.370,161.521,647.909
402690.926,6187978.320,161.512,648.909
402689.927,6187978.280,161.502,649.909
402688.928,6187978.230,161.492,650.909
402687.929,6187978.190,161.483,651.909
402686.930,6187978.140,161.474,652.908
402685.931,6187978.100,161.465,653.908
402684.932,6187978.060,161.456,654.908
402683.934,6187978.010,161.446,655.908
402682.935,6187977.970,161.437,656.908
402681.936,6187977.920,161.428,657.908
402680.937,6187977.880,161.419,658.908
402679.938,6187977.840,161.410,659.907
402678.939,6187977.790,161.400,660.907
402677.940,6187977.750,161.392,661.907
402676.941,6187977.700,161.383,662.907
402675.942,6187977.660,161.374,663.907
402674.944,6187977.610,161.365,664.907
402673.945,6187977.570,161.356,665.907
402672.946,6187977.520,161.347,666.906
402671.947,6187977.480,161.339,667.906
402670.948,6187977.430,161.330,668.906
402669.949,6187977.390,161.321,669.906
402668.951,6187977.340,161.312,670.906
402667.952,6187977.300,161.304,671.906
402666.953,6187977.250,161.295,672.906
402665.954,6187977.210,161.287,673.905
402664.955,6187977.160,161.278,674.905
402663.956,6187977.120,161.270,675.905
402662.957,6187977.080,161.261,676.905
402661.958,6187977.030,161.253,677.905
402660.960,6187976.990,161.244,678.905
402659.961,6187976.940,161.236,679.905
402658.962,6187976.900,161.228,680.904
402657.963,6187976.860,161.219,681.904
402656.964,6187976.820,161.211,682.904
402655.965,6187976.770,161.203,683.904
402654.966,6187976.730,161.195,684.904
402653.967,6187976.690,161.187,685.904
402652.968,6187976.650,161.178,686.904
402651.969,6187976.600,161.170,687.904
402650.970,6187976.560,161.162,688.903
402649.971,6187976.520,161.154,689.903
402648.972,6187976.470,161.146,690.903
402647.973,6187976.430,161.138,691.903
402646.974,6187976.380,161.130,692.903
402645.976,6187976.340,161.122,693.903
402644.977,6187976.300,161.114,694.903
402643.978,6187976.250,161.106,695.902
402642.979,6187976.210,161.098,696.902
402641.980,6187976.160,161.091,697.902
402640.981,6187976.120,161.083,698.902
402639.982,6187976.080,161.075,699.902
402638.983,6187976.030,161.067,700.902
402637.984,6187975.990,161.059,701.902
402636.986,6187975.940,161.052,702.901
402635.987,6187975.900,161.044,703.901
402634.988,6187975.860,161.036,704.901
402633.989,6187975.810,161.028,705.901
402632.990,6187975.770,161.021,706.901
402631.991,6187975.720,161.013,707.901
402630.992,6187975.680,161.005,708.901
402629.993,6187975.640,160.998,709.900
402628.994,6187975.590,160.990,710.900
402627.995,6187975.550,160.983,711.900
402626.997,6187975.510,160.975,712.900
402625.998,6187975.460,160.967,713.900
402624.999,6187975.420,160.960,714.900
402624.000,6187975.380,160.952,715.900
402623.001,6187975.330,160.944,716.899
402622.002,6187975.290,160.937,717.899
402621.003,6187975.240,160.929,718.899
402620.004,6187975.200,160.922,719.899
402619.005,6187975.160,160.914,720.899
402618.007,6187975.110,160.906,721.899
402617.008,6187975.070,160.899,722.899
402616.009,6187975.020,160.891,723.899
402615.010,6187974.980,160.884,724.898
402614.011,6187974.930,160.876,725.898
402613.012,6187974.890,160.868,726.898
402612.013,6187974.840,160.861,727.898
402611.015,6187974.800,160.853,728.898
402610.016,6187974.750,160.845,729.898
402609.017,6187974.710,160.838,730.898
402608.018,6187974.660,160.830,731.897
402607.019,6187974.610,160.822,732.897
402606.020,6187974.570,160.814,733.897
402605.022,6187974.520,160.807,734.897
402604.023,6187974.480,160.799,735.897
402603.024,6187974.430,160.791,736.897
402602.025,6187974.390,160.783,737.897
402601.026,6187974.340,160.775,738.896
402600.027,6187974.300,160.767,739.896
402599.028,6187974.260,160.760,740.896
402598.030,6187974.210,160.752,741.896
402597.031,6187974.170,160.744,742.896
402596.032,6187974.120,160.736,743.896
402595.033,6187974.080,160.728,744.896
402594.034,6187974.030,160.720,745.895
402593.035,6187973.990,160.712,746.895
402592.036,6187973.940,160.704,747.895
402591.038,6187973.900,160.695,748.895
402590.039,6187973.850,160.687,749.895
402589.040,6187973.810,160.679,750.895
402588.041,6187973.760,160.671,751.895
402587.042,6187973.720,160.663,752.894
402586.043,6187973.670,160.654,753.894
402585.045,6187973.620,160.646,754.894
402584.046,6187973.580,160.637,755.894
402583.047,6187973.530,160.629,756.894
402582.048,6187973.480,160.620,757.894
402581.050,6187973.440,160.612,758.894
402580.051,6187973.390,160.603,759.893
402579.052,6187973.340,160.595,760.893
402578.053,6187973.300,160.586,761.893
402577.055,6187973.250,160.578,762.893
402576.056,6187973.200,160.569,763.893
402575.057,6187973.160,160.560,764.893
402574.058,6187973.110,160.552,765.893
402573.059,6187973.070,160.543,766.893
402572.060,6187973.020,160.534,767.892
402571.061,6187972.980,160.525,768.892
402570.063,6187972.930,160.516,769.892
402569.064,6187972.890,160.507,770.892
402568.065,6187972.850,160.498,771.892
402567.066,6187972.800,160.489,772.892
402566.067,6187972.760,160.481,773.892
402565.068,6187972.710,160.471,774.891
402564.069,6187972.670,160.462,775.891
402563.070,6187972.630,160.453,776.891
402562.071,6187972.580,160.444,777.891
402561.073,6187972.540,160.435,778.891
402560.074,6187972.490,160.425,779.891
402559.075,6187972.450,160.416,780.891
402558.076,6187972.410,160.407,781.890
402557.077,6187972.360,160.398,782.890
402556.078,6187972.320,160.388,783.890
402555.079,6187972.270,160.379,784.890
402554.080,6187972.230,160.369,785.890
402553.082,6187972.180,160.360,786.890
402552.083,6187972.140,160.350,787.890
402551.084,6187972.090,160.341,788.889
402550.085,6187972.050,160.332,789.889
402549.086,6187972.000,160.322,790.889
402548.087,6187971.960,160.313,791.889
402547.089,6187971.910,160.303,792.889
402546.090,6187971.870,160.293,793.889
402545.091,6187971.820,160.283,794.889
402544.092,6187971.780,160.274,795.888
402543.093,6187971.730,160.264,796.888
402542.094,6187971.690,160.254,797.888
402541.095,6187971.640,160.244,798.888
402540.096,6187971.600,160.234,799.888
402539.098,6187971.560,160.225,800.888
402538.099,6187971.510,160.215,801.888
402537.100,6187971.470,160.205,802.888
402536.101,6187971.420,160.195,803.887
402535.102,6187971.380,160.185,804.887
402534.103,6187971.330,160.175,805.887
402533.104,6187971.290,160.165,806.887
402532.106,6187971.240,160.154,807.887
402531.107,6187971.200,160.144,808.887
402530.108,6187971.150,160.134,809.887
402529.109,6187971.110,160.124,810.886
402528.110,6187971.070,160.114,811.886
402527.111,6187971.020,160.104,812.886
402526.112,6187970.980,160.093,813.886
402525.113,6187970.930,160.083,814.886
402524.115,6187970.890,160.072,815.886
402523.116,6187970.840,160.062,816.886
402522.117,6187970.800,160.052,817.885
402521.118,6187970.760,160.041,818.885
402520.119,6187970.710,160.031,819.885
402519.120,6187970.670,160.021,820.885
402518.121,6187970.620,160.010,821.885
402517.122,6187970.580,159.999,822.885
402516.123,6187970.540,159.989,823.885
402515.125,6187970.490,159.978,824.884
402514.126,6187970.450,159.968,825.884
402513.127,6187970.400,159.957,826.884
402512.128,6187970.360,159.946,827.884
402511.129,6187970.320,159.936,828.884
402510.130,6187970.270,159.925,829.884
402509.131,6187970.230,159.915,830.884
402508.132,6187970.180,159.904,831.883
402507.133,6187970.140,159.893,832.883
402506.134,6187970.100,159.882,833.883
402505.136,6187970.050,159.872,834.883
402504.137,6187970.010,159.861,835.883
402503.138,6187969.960,159.850,836.883
402502.139,6187969.920,159.839,837.883
402501.140,6187969.870,159.828,838.882
402500.141,6187969.830,159.818,839.882
402499.142,6187969.790,159.807,840.882
402498.143,6187969.740,159.796,841.882
402497.145,6187969.700,159.785,842.882
402496.146,6187969.650,159.774,843.882
402495.147,6187969.610,159.763,844.882
402494.148,6187969.560,159.752,845.882
402493.149,6187969.520,159.741,846.881
402492.150,6187969.480,159.731,847.881
402491.151,6187969.430,159.720,848.881
402490.152,6187969.390,159.709,849.881
402489.154,6187969.340,159.698,850.881
402488.155,6187969.300,159.687,851.881
402487.156,6187969.250,159.676,852.881
402486.157,6187969.210,159.664,853.880
402485.158,6187969.170,159.653,854.880
402484.159,6187969.120,159.642,855.880
402483.160,6187969.080,159.631,856.880
402482.161,6187969.030,159.620,857.880
402481.163,6187968.990,159.609,858.880
402480.164,6187968.940,159.598,859.880
402479.165,6187968.900,159.586,860.879
402478.166,6187968.860,159.575,861.879
402477.167,6187968.810,159.564,862.879
402476.168,6187968.770,159.552,863.879
402475.169,6187968.730,159.541,864.879
402474.170,6187968.680,159.530,865.879
402473.171,6187968.640,159.518,866.879
402472.172,6187968.600,159.507,867.878
402471.173,6187968.550,159.495,868.878
402470.175,6187968.510,159.483,869.878
402469.176,6187968.460,159.471,870.878
402468.177,6187968.420,159.459,871.878
402467.178,6187968.370,159.448,872.878
402466.179,6187968.330,159.436,873.878
402465.180,6187968.280,159.424,874.877
402464.182,6187968.230,159.412,875.877
402463.183,6187968.190,159.400,876.877
402462.184,6187968.140,159.388,877.877
402461.185,6187968.100,159.375,878.877
402460.186,6187968.050,159.362,879.877
402459.187,6187968.010,159.350,880.877
402458.188,6187967.970,159.337,881.877
402457.190,6187967.920,159.324,882.876
402456.191,6187967.880,159.311,883.876
402455.192,6187967.830,159.299,884.876
402454.193,6187967.790,159.286,885.876
402453.194,6187967.740,159.273,886.876
402452.195,6187967.700,159.260,887.876
402451.196,6187967.650,159.246,888.876
402450.197,6187967.610,159.232,889.875
402449.199,6187967.570,159.218,890.875
402448.200,6187967.520,159.204,891.875
402447.201,6187967.480,159.190,892.875
402446.202,6187967.440,159.176,893.875
402445.203,6187967.390,159.163,894.875
402444.204,6187967.350,159.149,895.875
402443.205,6187967.310,159.135,896.874
402442.206,6187967.260,159.120,897.874
402441.207,6187967.220,159.105,898.874
402440.208,6187967.180,159.089,899.874
402439.209,6187967.140,159.074,900.874
402438.210,6187967.090,159.059,901.874
402437.211,6187967.050,159.044,902.874
402436.212,6187967.010,159.028,903.873
402435.214,6187966.960,159.013,904.873
402434.215,6187966.920,158.998,905.873
402433.216,6187966.880,158.982,906.873
402432.217,6187966.830,158.966,907.873
402431.218,6187966.790,158.949,908.873
402430.219,6187966.740,158.932,909.873
402429.220,6187966.700,158.916,910.872
402428.221,6187966.650,158.899,911.872
402427.222,6187966.610,158.882,912.872
402426.224,6187966.570,158.866,913.872
402425.225,6187966.520,158.849,914.872
402424.226,6187966.480,158.832,915.872
402423.227,6187966.430,158.814,916.872
402422.228,6187966.390,158.796,917.871
402421.229,6187966.340,158.778,918.871
402420.231,6187966.290,158.760,919.871
402419.232,6187966.250,158.742,920.871
402418.233,6187966.200,158.723,921.871
402417.234,6187966.160,158.705,922.871
402416.235,6187966.110,158.687,923.871
402415.236,6187966.070,158.669,924.871
402414.238,6187966.020,158.650,925.870
402413.239,6187965.980,158.630,926.870
402412.240,6187965.930,158.611,927.870
402411.241,6187965.890,158.591,928.870
402410.242,6187965.840,158.571,929.870
402409.243,6187965.800,158.551,930.870
402408.245,6187965.750,158.531,931.870
402407.246,6187965.710,158.512,932.869
402406.247,6187965.660,158.492,933.869
402405.248,6187965.610,158.472,934.869
402404.249,6187965.570,158.451,935.869
402403.250,6187965.520,158.430,936.869
402402.252,6187965.480,158.409,937.869
402401.253,6187965.430,158.387,938.869
402400.254,6187965.390,158.366,939.868
402399.255,6187965.340,158.345,940.868
402398.256,6187965.300,158.323,941.868
402397.257,6187965.250,158.302,942.868
402396.258,6187965.210,158.281,943.868
402395.260,6187965.170,158.259,944.868
402394.261,6187965.120,158.236,945.868
402393.262,6187965.080,158.213,946.867
402392.263,6187965.030,158.190,947.867
402391.264,6187964.990,158.167,948.867
402390.265,6187964.950,158.144,949.867
402389.266,6187964.900,158.121,950.867
402388.267,6187964.860,158.099,951.867
402387.268,6187964.820,158.076,952.867
402386.269,6187964.770,158.053,953.866
402385.271,6187964.730,158.029,954.866
402384.272,6187964.680,158.004,955.866
402383.273,6187964.640,157.980,956.866
402382.274,6187964.590,157.955,957.866
402381.275,6187964.550,157.931,958.866
402380.276,6187964.500,157.907,959.866
402379.277,6187964.460,157.882,960.866
402378.278,6187964.410,157.858,961.865
402377.280,6187964.370,157.833,962.865
402376.281,6187964.330,157.808,963.865
402375.282,6187964.280,157.783,964.865
402374.283,6187964.240,157.757,965.865
402373.284,6187964.190,157.731,966.865
402372.285,6187964.150,157.705,967.865
402371.286,6187964.100,157.679,968.864
402370.288,6187964.060,157.653,969.864
402369.289,6187964.010,157.627,970.864
402368.290,6187963.970,157.601,971.864
402367.291,6187963.920,157.575,972.864
402366.292,6187963.880,157.548,973.864
402365.293,6187963.830,157.521,974.864
402364.294,6187963.790,157.493,975.863
402363.296,6187963.740,157.466,976.863
402362.297,6187963.700,157.439,977.863
402361.298,6187963.650,157.411,978.863
402360.299,6187963.610,157.384,979.863
402359.300,6187963.560,157.356,980.863
402358.301,6187963.520,157.329,981.863
402357.302,6187963.480,157.301,982.862
402356.304,6187963.430,157.272,983.862
402355.305,6187963.390,157.244,984.862
402354.306,6187963.340,157.215,985.862
402353.307,6187963.300,157.186,986.862
402352.308,6187963.250,157.157,987.862
402351.309,6187963.210,157.128,988.862
402350.310,6187963.170,157.100,989.861
402349.311,6187963.120,157.071,990.861
402348.313,6187963.080,157.042,991.861
402347.314,6187963.030,157.012,992.861
402346.315,6187962.990,156.982,993.861
402345.316,6187962.940,156.952,994.861
402344.317,6187962.900,156.922,995.861
402343.318,6187962.850,156.892,996.861
402342.319,6187962.810,156.862,997.860
402341.321,6187962.760,156.832,998.860
402340.322,6187962.720,156.801,999.860
402339.323,6187962.670,156.771,1000.860
402338.324,6187962.630,156.741,1001.860
402337.325,6187962.580,156.710,1002.860
402336.326,6187962.540,156.678,1003.860
402335.327,6187962.500,156.647,1004.859
402334.328,6187962.450,156.616,1005.859
402333.329,6187962.410,156.584,1006.859
402332.331,6187962.370,156.553,1007.859
402331.332,6187962.320,156.522,1008.859
402330.333,6187962.280,156.490,1009.859
402329.334,6187962.240,156.459,1010.859
402328.335,6187962.190,156.427,1011.858
402327.336,6187962.150,156.394,1012.858
402326.337,6187962.100,156.362,1013.858
402325.338,6187962.060,156.330,1014.858
402324.339,6187962.010,156.297,1015.858
402323.341,6187961.970,156.265,1016.858
402322.342,6187961.930,156.232,1017.858
402321.343,6187961.880,156.200,1018.857
402320.344,6187961.840,156.168,1019.857
402319.345,6187961.790,156.135,1020.857
402318.346,6187961.750,156.102,1021.857
402317.347,6187961.700,156.068,1022.857
402316.348,6187961.660,156.035,1023.857
402315.350,6187961.610,156.001,1024.857
402314.351,6187961.570,155.968,1025.856
402313.352,6187961.530,155.935,1026.856
402312.353,6187961.480,155.901,1027.856
402311.354,6187961.440,155.868,1028.856
402310.355,6187961.390,155.835,1029.856
402309.356,6187961.350,155.801,1030.856
402308.357,6187961.300,155.767,1031.856
402307.358,6187961.260,155.732,1032.855
402306.360,6187961.220,155.698,1033.855
402305.361,6187961.170,155.664,1034.855
402304.362,6187961.130,155.630,1035.855
402303.363,6187961.090,155.596,1036.855
402302.364,6187961.040,155.562,1037.855
402301.365,6187961.000,155.528,1038.855
402300.366,6187960.960,155.493,1039.855
402299.367,6187960.910,155.459,1040.854
402298.368,6187960.870,155.424,1041.854
402297.369,6187960.820,155.389,1042.854
402296.371,6187960.780,155.354,1043.854
402295.372,6187960.730,155.320,1044.854
402294.373,6187960.690,155.285,1045.854
402293.374,6187960.650,155.250,1046.854
402292.375,6187960.600,155.215,1047.853
402291.376,6187960.560,155.181,1048.853
402290.377,6187960.510,155.146,1049.853
402289.379,6187960.470,155.110,1050.853
402288.380,6187960.420,155.075,1051.853
402287.381,6187960.370,155.040,1052.853
402286.382,6187960.330,155.005,1053.853
402285.383,6187960.280,154.970,1054.852
402284.385,6187960.240,154.934,1055.852
402283.386,6187960.190,154.899,1056.852
402282.387,6187960.140,154.864,1057.852
402281.388,6187960.100,154.829,1058.852
402280.389,6187960.050,154.793,1059.852
402279.390,6187960.010,154.758,1060.852
402278.392,6187959.960,154.722,1061.851
402277.393,6187959.920,154.687,1062.851
402276.394,6187959.870,154.652,1063.851
402275.395,6187959.830,154.616,1064.851
402274.396,6187959.790,154.581,1065.851
402273.397,6187959.740,154.545,1066.851
402272.398,6187959.700,154.510,1067.851
402271.399,6187959.650,154.474,1068.850
402270.401,6187959.610,154.439,1069.850
402269.402,6187959.560,154.403,1070.850
402268.403,6187959.520,154.368,1071.850
402267.404,6187959.480,154.332,1072.850
402266.405,6187959.430,154.296,1073.850
402265.406,6187959.390,154.261,1074.850
402264.407,6187959.340,154.225,1075.850
402263.408,6187959.300,154.190,1076.849
402262.409,6187959.260,154.154,1077.849
402261.411,6187959.210,154.119,1078.849
402260.412,6187959.160,154.083,1079.849
402259.413,6187959.120,154.048,1080.849
402258.414,6187959.070,154.012,1081.849
402257.415,6187959.030,153.977,1082.849
402256.417,6187958.980,153.942,1083.848
402255.418,6187958.940,153.906,1084.848
402254.419,6187958.890,153.871,1085.848
402253.420,6187958.850,153.835,1086.848
402252.421,6187958.800,153.800,1087.848
402251.422,6187958.750,153.765,1088.848
402250.424,6187958.710,153.730,1089.848
402249.425,6187958.660,153.694,1090.847
402248.426,6187958.620,153.659,1091.847
402247.427,6187958.570,153.624,1092.847
402246.428,6187958.530,153.589,1093.847
402245.430,6187958.480,153.554,1094.847
402244.431,6187958.430,153.518,1095.847
402243.432,6187958.390,153.483,1096.847
402242.433,6187958.350,153.449,1097.846
402241.434,6187958.300,153.414,1098.846
402240.435,6187958.260,153.379,1099.846
402239.436,6187958.210,153.344,1100.846
402238.437,6187958.170,153.310,1101.846
402237.439,6187958.120,153.275,1102.846
402236.440,6187958.080,153.240,1103.846
402235.441,6187958.030,153.205,1104.845
402234.442,6187957.990,153.170,1105.845
402233.443,6187957.950,153.136,1106.845
402232.444,6187957.900,153.102,1107.845
402231.445,6187957.860,153.068,1108.845
402230.447,6187957.810,153.033,1109.845
402229.448,6187957.770,152.999,1110.845
402228.449,6187957.720,152.965,1111.844
402227.450,6187957.680,152.931,1112.844
402226.451,6187957.630,152.896,1113.844
402225.452,6187957.590,152.862,1114.844
402224.453,6187957.540,152.828,1115.844
402223.454,6187957.500,152.794,1116.844
402222.456,6187957.450,152.761,1117.844
402221.457,6187957.410,152.727,1118.844
402220.458,6187957.370,152.693,1119.843
402219.459,6187957.320,152.660,1120.843
402218.460,6187957.280,152.626,1121.843
402217.461,6187957.230,152.592,1122.843
402216.462,6187957.190,152.559,1123.843
402215.463,6187957.140,152.525,1124.843
402214.464,6187957.100,152.492,1125.843
402213.465,6187957.060,152.459,1126.842
402212.466,6187957.020,152.426,1127.842
402211.467,6187956.980,152.392,1128.842
402210.468,6187956.940,152.359,1129.842
402209.469,6187956.900,152.326,1130.842
402208.470,6187956.860,152.293,1131.842
402207.471,6187956.820,152.260,1132.842
402206.472,6187956.780,152.227,1133.841
402205.473,6187956.730,152.194,1134.841
402204.474,6187956.690,152.161,1135.841
402203.475,6187956.650,152.128,1136.841
402202.476,6187956.610,152.095,1137.841
402201.477,6187956.570,152.063,1138.841
402200.478,6187956.530,152.030,1139.841
402199.479,6187956.490,151.997,1140.840
402198.480,6187956.450,151.964,1141.840
402197.481,6187956.410,151.932,1142.840
402196.482,6187956.370,151.899,1143.840
402195.483,6187956.330,151.866,1144.840
402194.484,6187956.290,151.834,1145.840
402193.485,6187956.250,151.801,1146.840
402192.485,6187956.220,151.769,1147.839
402191.486,6187956.180,151.736,1148.839
402190.487,6187956.140,151.704,1149.839
402189.488,6187956.100,151.671,1150.839
402188.489,6187956.060,151.639,1151.839
402187.490,6187956.020,151.606,1152.839
402186.491,6187955.980,151.574,1153.839
402185.492,6187955.940,151.541,1154.839
402184.493,6187955.910,151.509,1155.838
402183.493,6187955.870,151.476,1156.838
402182.494,6187955.830,151.444,1157.838
402181.495,6187955.800,151.411,1158.838
402180.496,6187955.760,151.379,1159.838
402179.497,6187955.720,151.347,1160.838
402178.497,6187955.680,151.314,1161.838
402177.498,6187955.650,151.282,1162.837
402176.499,6187955.610,151.249,1163.837
402175.500,6187955.570,151.217,1164.837
402174.501,6187955.540,151.184,1165.837
402173.502,6187955.500,151.151,1166.837
402172.502,6187955.460,151.119,1167.837
402171.503,6187955.430,151.086,1168.837
402170.504,6187955.390,151.054,1169.836
402169.505,6187955.350,151.021,1170.836
402168.506,6187955.320,150.989,1171.836
402167.506,6187955.280,150.956,1172.836
402166.507,6187955.240,150.923,1173.836
402165.508,6187955.210,150.890,1174.836
402164.509,6187955.170,150.858,1175.836
402163.510,6187955.140,150.825,1176.835
402162.510,6187955.100,150.792,1177.835
402161.511,6187955.070,150.759,1178.835
402160.512,6187955.030,150.726,1179.835
402159.513,6187954.990,150.694,1180.835
402158.513,6187954.960,150.661,1181.835
402157.514,6187954.920,150.628,1182.835
402156.515,6187954.890,150.595,1183.834
402155.516,6187954.860,150.562,1184.834
402154.516,6187954.820,150.529,1185.834
402153.517,6187954.790,150.495,1186.834
402152.518,6187954.750,150.462,1187.834
402151.519,6187954.720,150.429,1188.834
402150.519,6187954.680,150.396,1189.834
402149.520,6187954.650,150.363,1190.833
402148.521,6187954.610,150.330,1191.833
402147.521,6187954.580,150.296,1192.833
402146.522,6187954.550,150.263,1193.833
402145.523,6187954.510,150.229,1194.833
402144.524,6187954.480,150.196,1195.833
402143.524,6187954.450,150.163,1196.833
402142.525,6187954.410,150.129,1197.833
402141.526,6187954.380,150.096,1198.832
402140.526,6187954.340,150.062,1199.832
402139.527,6187954.310,150.029,1200.832
402138.528,6187954.280,149.995,1201.832
402137.528,6187954.240,149.961,1202.832
402136.529,6187954.210,149.927,1203.832
402135.530,6187954.180,149.893,1204.832
402134.531,6187954.150,149.860,1205.831
402133.531,6187954.110,149.826,1206.831
402132.532,6187954.080,149.792,1207.831
402131.533,6187954.050,149.758,1208.831
402130.533,6187954.010,149.724,1209.831
402129.534,6187953.980,149.690,1210.831
402128.535,6187953.950,149.656,1211.831
402127.535,6187953.910,149.622,1212.830
402126.536,6187953.880,149.588,1213.830
402125.537,6187953.840,149.554,1214.830
402124.538,6187953.810,149.520,1215.830
402123.538,6187953.770,149.486,1216.830
402122.539,6187953.740,149.452,1217.830
402121.540,6187953.710,149.418,1218.830
402120.540,6187953.670,149.383,1219.829
402119.541,6187953.640,149.349,1220.829
402118.542,6187953.610,149.315,1221.829
402117.543,6187953.570,149.281,1222.829
402116.543,6187953.540,149.246,1223.829
402115.544,6187953.510,149.212,1224.829
402114.545,6187953.470,149.178,1225.829
402113.545,6187953.440,149.143,1226.828
402112.546,6187953.410,149.109,1227.828
402111.547,6187953.370,149.075,1228.828
402110.547,6187953.340,149.040,1229.828
402109.548,6187953.300,149.006,1230.828
402108.549,6187953.270,148.972,1231.828
402107.550,6187953.240,148.937,1232.828
402106.550,6187953.200,148.903,1233.828
402105.551,6187953.170,148.869,1234.827
402104.552,6187953.130,148.834,1235.827
402103.553,6187953.100,148.800,1236.827
402102.553,6187953.060,148.766,1237.827
402101.554,6187953.030,148.731,1238.827
402100.555,6187952.990,148.697,1239.827
402099.556,6187952.960,148.663,1240.827
402098.556,6187952.920,148.628,1241.826
402097.557,6187952.890,148.594,1242.826
402096.558,6187952.850,148.560,1243.826
402095.559,6187952.820,148.526,1244.826
402094.559,6187952.780,148.491,1245.826
402093.560,6187952.750,148.457,1246.826
402092.561,6187952.710,148.423,1247.826
402091.562,6187952.680,148.389,1248.825
402090.562,6187952.640,148.355,1249.825
402089.563,6187952.600,148.321,1250.825
402088.564,6187952.570,148.287,1251.825
402087.565,6187952.530,148.253,1252.825
402086.566,6187952.500,148.219,1253.825
402085.566,6187952.460,148.185,1254.825
402084.567,6187952.420,148.151,1255.824
402083.568,6187952.390,148.117,1256.824
402082.569,6187952.350,148.083,1257.824
402081.570,6187952.320,148.049,1258.824
402080.570,6187952.280,148.016,1259.824
402079.571,6187952.240,147.982,1260.824
402078.572,6187952.210,147.949,1261.824
402077.573,6187952.170,147.915,1262.823
402076.574,6187952.130,147.882,1263.823
402075.574,6187952.100,147.848,1264.823
402074.575,6187952.060,147.815,1265.823
402073.576,6187952.020,147.781,1266.823
402072.577,6187951.990,147.748,1267.823
402071.578,6187951.950,147.715,1268.823
402070.578,6187951.920,147.682,1269.822
402069.579,6187951.880,147.650,1270.822
402068.580,6187951.850,147.617,1271.822
402067.581,6187951.810,147.584,1272.822
402066.581,6187951.780,147.551,1273.822
402065.582,6187951.740,147.518,1274.822
402064.583,6187951.710,147.485,1275.822
402063.584,6187951.670,147.453,1276.822
402062.584,6187951.640,147.420,1277.821
402061.585,6187951.600,147.388,1278.821
402060.586,6187951.570,147.356,1279.821
402059.587,6187951.530,147.324,1280.821
402058.588,6187951.490,147.292,1281.821
402057.588,6187951.460,147.260,1282.821
402056.589,6187951.420,147.228,1283.821
402055.590,6187951.380,147.196,1284.820
402054.591,6187951.350,147.164,1285.820
402053.592,6187951.310,147.133,1286.820
402052.592,6187951.270,147.102,1287.820
402051.593,6187951.240,147.071,1288.820
402050.594,6187951.200,147.040,1289.820
402049.595,6187951.160,147.009,1290.820
402048.596,6187951.130,146.978,1291.819
402047.596,6187951.090,146.947,1292.819
402046.597,6187951.050,146.916,1293.819
402045.598,6187951.020,146.885,1294.819
402044.599,6187950.980,146.854,1295.819
402043.600,6187950.950,146.824,1296.819
402042.600,6187950.910,146.795,1297.819
402041.601,6187950.870,146.765,1298.818
402040.602,6187950.840,146.735,1299.818
402039.603,6187950.800,146.706,1300.818
402038.603,6187950.770,146.676,1301.818
402037.604,6187950.730,146.646,1302.818
402036.605,6187950.700,146.617,1303.818
402035.606,6187950.660,146.587,1304.818
402034.607,6187950.630,146.558,1305.817
402033.607,6187950.590,146.530,1306.817
402032.608,6187950.560,146.501,1307.817
402031.609,6187950.520,146.473,1308.817
402030.610,6187950.480,146.445,1309.817
402029.610,6187950.450,146.417,1310.817
402028.611,6187950.410,146.389,1311.817
402027.612,6187950.380,146.361,1312.817
402026.613,6187950.340,146.332,1313.816
402025.613,6187950.310,146.304,1314.816
402024.614,6187950.270,146.277,1315.816
402023.615,6187950.240,146.251,1316.816
402022.616,6187950.200,146.225,1317.816
402021.616,6187950.170,146.198,1318.816
402020.617,6187950.130,146.172,1319.816
402019.618,6187950.100,146.145,1320.815
402018.619,6187950.060,146.119,1321.815
402017.620,6187950.020,146.093,1322.815
402016.620,6187949.990,146.066,1323.815
402015.621,6187949.950,146.040,1324.815
402014.622,6187949.920,146.016,1325.815
402013.623,6187949.880,145.992,1326.815
402012.623,6187949.850,145.967,1327.814
402011.624,6187949.810,145.943,1328.814
402010.625,6187949.770,145.918,1329.814
402009.626,6187949.740,145.894,1330.814
402008.626,6187949.700,145.870,1331.814
402007.627,6187949.670,145.845,1332.814
402006.628,6187949.630,145.821,1333.814
402005.629,6187949.600,145.798,1334.813
402004.630,6187949.560,145.776,1335.813
402003.630,6187949.530,145.754,1336.813
402002.631,6187949.490,145.732,1337.813
402001.632,6187949.460,145.709,1338.813
402000.633,6187949.420,145.687,1339.813
401999.633,6187949.390,145.665,1340.813
401998.634,6187949.350,145.643,1341.812
401997.635,6187949.310,145.621,1342.812
401996.636,6187949.280,145.599,1343.812
401995.636,6187949.240,145.579,1344.812
401994.637,6187949.210,145.560,1345.812
401993.638,6187949.170,145.540,1346.812
401992.639,6187949.140,145.520,1347.812
401991.640,6187949.100,145.500,1348.812
401990.640,6187949.070,145.481,1349.811
401989.641,6187949.030,145.461,1350.811
401988.642,6187948.990,145.441,1351.811
401987.643,6187948.960,145.421,1352.811
401986.643,6187948.920,145.403,1353.811
401985.644,6187948.890,145.386,1354.811
401984.645,6187948.850,145.369,1355.811
401983.646,6187948.820,145.352,1356.810
401982.646,6187948.780,145.334,1357.810
401981.647,6187948.750,145.317,1358.810
401980.648,6187948.710,145.300,1359.810
401979.649,6187948.680,145.283,1360.810
401978.650,6187948.640,145.266,1361.810
401977.650,6187948.600,145.249,1362.810
401976.651,6187948.570,145.234,1363.809
401975.652,6187948.530,145.220,1364.809
401974.653,6187948.500,145.205,1365.809
401973.653,6187948.460,145.190,1366.809
401972.654,6187948.420,145.176,1367.809
401971.655,6187948.390,145.161,1368.809
401970.656,6187948.350,145.147,1369.809
401969.657,6187948.320,145.132,1370.808
401968.657,6187948.280,145.117,1371.808
401967.658,6187948.240,145.105,1372.808
401966.659,6187948.210,145.093,1373.808
401965.660,6187948.170,145.081,1374.808
401964.661,6187948.140,145.069,1375.808
401963.661,6187948.100,145.057,1376.808
401962.662,6187948.070,145.045,1377.807
401961.663,6187948.030,145.033,1378.807
401960.664,6187947.990,145.021,1379.807
401959.664,6187947.960,145.009,1380.807
401958.665,6187947.920,144.997,1381.807
401957.666,6187947.880,144.988,1382.807
401956.667,6187947.850,144.978,1383.807
401955.668,6187947.810,144.969,1384.806
401954.669,6187947.770,144.959,1385.806
401953.669,6187947.740,144.950,1386.806
401952.670,6187947.700,144.940,1387.806
401951.671,6187947.660,144.931,1388.806
401950.672,6187947.620,144.921,1389.806
401949.673,6187947.590,144.912,1390.806
401948.674,6187947.550,144.904,1391.806
401947.674,6187947.510,144.897,1392.805
401946.675,6187947.470,144.890,1393.805
401945.676,6187947.430,144.883,1394.805
401944.677,6187947.390,144.876,1395.805
401943.678,6187947.350,144.869,1396.805
401942.679,6187947.310,144.862,1397.805
401941.680,6187947.270,144.855,1398.805
401940.681,6187947.230,144.848,1399.804
401939.682,6187947.190,144.841,1400.804
401938.683,6187947.150,144.836,1401.804
401937.684,6187947.110,144.831,1402.804
401936.685,6187947.070,144.826,1403.804
401935.686,6187947.020,144.821,1404.804
401934.687,6187946.980,144.816,1405.804
401933.688,6187946.940,144.811,1406.803
401932.689,6187946.890,144.806,1407.803
401931.691,6187946.850,144.803,1408.803
401930.692,6187946.800,144.799,1409.803
401929.693,6187946.750,144.795,1410.803
401928.694,6187946.700,144.792,1411.803
401927.696,6187946.650,144.788,1412.803
401926.697,6187946.600,144.785,1413.802
401925.699,6187946.550,144.782,1414.802
401924.700,6187946.500,144.780,1415.802
401923.702,6187946.440,144.778,1416.802
401922.703,6187946.390,144.775,1417.802
401921.705,6187946.330,144.773,1418.802
401920.707,6187946.270,144.771,1419.802
401919.709,6187946.210,144.770,1420.801
401918.711,6187946.150,144.768,1421.801
401917.714,6187946.080,144.767,1422.801
401916.716,6187946.010,144.766,1423.801
401915.719,6187945.940,144.765,1424.801
401914.721,6187945.870,144.764,1425.801
401913.724,6187945.800,144.763,1426.801
401912.728,6187945.720,144.763,1427.800
401911.731,6187945.640,144.763,1428.800
401910.734,6187945.560,144.763,1429.800
401909.738,6187945.480,144.763,1430.800
401908.742,6187945.390,144.764,1431.800
401907.746,6187945.300,144.764,1432.800
401906.750,6187945.210,144.765,1433.800
401905.754,6187945.120,144.765,1434.800
401904.759,6187945.030,144.766,1435.799
401903.763,6187944.930,144.768,1436.799
401902.768,6187944.840,144.769,1437.799
401901.773,6187944.740,144.770,1438.799
401900.778,6187944.640,144.772,1439.799
401899.784,6187944.540,144.774,1440.799
401898.789,6187944.430,144.775,1441.799
401897.795,6187944.330,144.777,1442.798
401896.801,6187944.220,144.779,1443.798
401895.807,6187944.110,144.782,1444.798
401894.814,6187943.990,144.784,1445.798
401893.820,6187943.880,144.786,1446.798
401892.827,6187943.770,144.789,1447.798
401891.835,6187943.640,144.792,1448.798
401890.842,6187943.520,144.795,1449.797
401889.850,6187943.400,144.798,1450.797
401888.857,6187943.280,144.801,1451.797
401887.866,6187943.150,144.804,1452.797
401886.874,6187943.020,144.808,1453.797
401885.883,6187942.890,144.811,1454.797
401884.892,6187942.760,144.814,1455.797
401883.902,6187942.620,144.818,1456.796
401882.911,6187942.480,144.822,1457.796
401881.921,6187942.350,144.826,1458.796
401880.931,6187942.210,144.830,1459.796
401879.942,6187942.060,144.834,1460.796
401878.952,6187941.920,144.838,1461.796
401877.963,6187941.770,144.842,1462.796
401876.974,6187941.620,144.847,1463.795
401875.986,6187941.470,144.851,1464.795
401874.999,6187941.310,144.856,1465.795
401874.011,6187941.160,144.860,1466.795
401873.023,6187941.000,144.865,1467.795
401872.037,6187940.840,144.870,1468.795
401871.050,6187940.680,144.875,1469.795
401870.064,6187940.510,144.879,1470.794
401869.078,6187940.350,144.884,1471.794
401868.093,6187940.180,144.890,1472.794
401867.108,6187940.010,144.895,1473.794
401866.123,6187939.830,144.900,1474.794
401865.137,6187939.660,144.905,1475.794
401864.154,6187939.480,144.911,1476.794
401863.170,6187939.300,144.916,1477.793
401862.186,6187939.120,144.922,1478.793
401861.203,6187938.950,144.927,1479.793
401860.220,6187938.760,144.932,1480.793
401859.238,6187938.580,144.938,1481.793
401858.255,6187938.390,144.944,1482.793
401857.273,6187938.200,144.950,1483.793
401856.291,6187938.010,144.955,1484.792
401855.310,6187937.820,144.961,1485.792
401854.330,6187937.630,144.967,1486.792
401853.349,6187937.430,144.973,1487.792
401852.368,6187937.230,144.979,1488.792
401851.388,6187937.040,144.985,1489.792
401850.408,6187936.840,144.991,1490.792
401849.429,6187936.640,144.997,1491.791
401848.450,6187936.430,145.003,1492.791
401847.471,6187936.230,145.009,1493.791
401846.492,6187936.030,145.015,1494.791
401845.515,6187935.820,145.021,1495.791
401844.537,6187935.600,145.028,1496.791
401843.560,6187935.390,145.034,1497.791
401842.583,6187935.180,145.040,1498.791
401841.606,6187934.970,145.046,1499.790
401840.631,6187934.750,145.052,1500.790
401839.655,6187934.530,145.059,1501.790
401838.679,6187934.310,145.065,1502.790
401837.704,6187934.090,145.071,1503.790
401836.730,6187933.860,145.078,1504.790
401835.757,6187933.640,145.084,1505.790
401834.783,6187933.410,145.090,1506.789
401833.809,6187933.180,145.097,1507.789
401832.836,6187932.950,145.103,1508.789
401831.864,6187932.720,145.109,1509.789
401830.892,6187932.480,145.116,1510.789
401829.920,6187932.250,145.122,1511.789
401828.948,6187932.010,145.128,1512.789
401827.977,6187931.780,145.135,1513.788
401827.007,6187931.530,145.141,1514.788
401826.037,6187931.290,145.147,1515.788
401825.066,6187931.050,145.153,1516.788
401824.096,6187930.810,145.160,1517.788
401823.126,6187930.570,145.166,1518.788
401822.156,6187930.330,145.172,1519.788
401821.186,6187930.080,145.178,1520.787
401820.217,6187929.840,145.185,1521.787
401819.247,6187929.590,145.191,1522.787
401818.278,6187929.350,145.197,1523.787
401817.308,6187929.100,145.203,1524.787
401816.339,6187928.860,145.209,1525.787
401815.369,6187928.610,145.216,1526.787
401814.400,6187928.370,145.222,1527.786
401813.430,6187928.130,145.228,1528.786
401812.460,6187927.880,145.234,1529.786
401811.490,6187927.640,145.240,1530.786
401810.520,6187927.400,145.246,1531.786
401809.550,6187927.160,145.252,1532.786
401808.580,6187926.920,145.258,1533.786
401807.610,6187926.670,145.264,1534.785
401806.640,6187926.430,145.269,1535.785
401805.669,6187926.190,145.275,1536.785
401804.699,6187925.950,145.281,1537.785
401803.729,6187925.710,145.287,1538.785
401802.759,6187925.460,145.293,1539.785
401801.789,6187925.220,145.298,1540.785
401800.819,6187924.980,145.304,1541.784
401799.849,6187924.740,145.310,1542.784
401798.879,6187924.490,145.315,1543.784
401797.908,6187924.250,145.321,1544.784
401796.938,6187924.010,145.327,1545.784
401795.968,6187923.770,145.332,1546.784
401794.998,6187923.530,145.338,1547.784
401794.028,6187923.280,145.343,1548.784
401793.058,6187923.040,145.348,1549.783
401792.088,6187922.800,145.353,1550.783
401791.118,6187922.560,145.359,1551.783
401790.148,6187922.320,145.364,1552.783
401789.177,6187922.070,145.369,1553.783
401788.207,6187921.830,145.375,1554.783
401787.237,6187921.590,145.380,1555.783
401786.267,6187921.350,145.385,1556.782
401785.297,6187921.110,145.390,1557.782
401784.327,6187920.860,145.395,1558.782
401783.357,6187920.620,145.400,1559.782
401782.386,6187920.380,145.404,1560.782
401781.416,6187920.140,145.409,1561.782
401780.446,6187919.900,145.414,1562.782
401779.476,6187919.660,145.419,1563.781
401778.506,6187919.410,145.424,1564.781
401777.535,6187919.170,145.428,1565.781
401776.565,6187918.930,145.433,1566.781
401775.595,6187918.690,145.437,1567.781
401774.625,6187918.450,145.442,1568.781
401773.655,6187918.200,145.446,1569.781
401772.685,6187917.960,145.450,1570.780
401771.715,6187917.720,145.455,1571.780
401770.745,6187917.480,145.459,1572.780
401769.775,6187917.240,145.463,1573.780
401768.804,6187916.990,145.467,1574.780
401767.834,6187916.750,145.472,1575.780
401766.864,6187916.510,145.476,1576.780
401765.894,6187916.270,145.479,1577.779
401764.924,6187916.020,145.483,1578.779
401763.954,6187915.780,145.487,1579.779
401762.984,6187915.540,145.491,1580.779
401762.014,6187915.300,145.494,1581.779
401761.044,6187915.050,145.498,1582.779
401760.074,6187914.810,145.502,1583.779
401759.105,6187914.570,145.505,1584.779
401758.135,6187914.320,145.509,1585.778
401757.165,6187914.080,145.512,1586.778
401756.195,6187913.840,145.515,1587.778
401755.225,6187913.600,145.518,1588.778
401754.255,6187913.350,145.522,1589.778
401753.285,6187913.110,145.525,1590.778
401752.315,6187912.870,145.528,1591.778
401751.345,6187912.630,145.531,1592.777
401750.375,6187912.380,145.534,1593.777
401749.405,6187912.140,145.537,1594.777
401748.435,6187911.900,145.540,1595.777
401747.465,6187911.660,145.542,1596.777
401746.495,6187911.410,145.545,1597.777
401745.525,6187911.170,145.547,1598.777
401744.555,6187910.930,145.549,1599.776
401743.585,6187910.680,145.552,1600.776
401742.615,6187910.440,145.554,1601.776
401741.645,6187910.200,145.557,1602.776
401740.676,6187909.960,145.559,1603.776
401739.706,6187909.710,145.562,1604.776
401738.736,6187909.470,145.563,1605.776
401737.766,6187909.230,145.565,1606.775
401736.796,6187908.980,145.567,1607.775
401735.826,6187908.740,145.569,1608.775
401734.856,6187908.500,145.570,1609.775
401733.886,6187908.250,145.572,1610.775
401732.916,6187908.010,145.574,1611.775
401731.946,6187907.770,145.576,1612.775
401730.976,6187907.530,145.577,1613.774
401730.007,6187907.280,145.579,1614.774
401729.037,6187907.040,145.580,1615.774
401728.067,6187906.800,145.581,1616.774
401727.097,6187906.550,145.582,1617.774
401726.127,6187906.310,145.583,1618.774
401725.157,6187906.070,145.584,1619.774
401724.187,6187905.830,145.585,1620.774
401723.217,6187905.580,145.586,1621.773
401722.247,6187905.340,145.587,1622.773
401721.277,6187905.100,145.588,1623.773
401720.307,6187904.850,145.588,1624.773
401719.337,6187904.610,145.589,1625.773
401718.367,6187904.370,145.589,1626.773
401717.398,6187904.130,145.590,1627.773
401716.428,6187903.880,145.590,1628.772
401715.458,6187903.640,145.590,1629.772
401714.488,6187903.400,145.591,1630.772
401713.518,6187903.160,145.591,1631.772
401712.548,6187902.910,145.591,1632.772
401711.578,6187902.670,145.591,1633.772
401710.608,6187902.430,145.591,1634.772
401709.638,6187902.180,145.591,1635.771
401708.668,6187901.940,145.591,1636.771
401707.698,6187901.700,145.590,1637.771
401706.729,6187901.450,145.590,1638.771
401705.759,6187901.210,145.590,1639.771
401704.789,6187900.970,145.589,1640.771
401703.819,6187900.720,145.589,1641.771
401702.849,6187900.480,145.589,1642.770
401701.880,6187900.240,145.588,1643.770
401700.910,6187899.990,145.587,1644.770
401699.940,6187899.750,145.586,1645.770
401698.970,6187899.510,145.585,1646.770
401698.000,6187899.260,145.584,1647.770
401697.031,6187899.020,145.583,1648.770
401696.061,6187898.780,145.582,1649.769
401695.091,6187898.530,145.581,1650.769
401694.121,6187898.290,145.580,1651.769
401693.152,6187898.050,145.579,1652.769
401692.182,6187897.800,145.578,1653.769
401691.212,6187897.560,145.576,1654.769
401690.242,6187897.320,145.575,1655.769
401689.272,6187897.070,145.573,1656.768
401688.303,6187896.830,145.572,1657.768
401687.333,6187896.590,145.570,1658.768
401686.363,6187896.340,145.569,1659.768
401685.393,6187896.100,145.567,1660.768
401684.423,6187895.860,145.566,1661.768
401683.454,6187895.610,145.563,1662.768
401682.484,6187895.370,145.561,1663.768
401681.514,6187895.130,145.559,1664.767
401680.544,6187894.880,145.557,1665.767
401679.574,6187894.640,145.555,1666.767
401678.604,6187894.400,145.553,1667.767
401677.634,6187894.160,145.551,1668.767
401676.664,6187893.910,145.549,1669.767
401675.695,6187893.670,145.547,1670.767
401674.725,6187893.430,145.545,1671.766
401673.755,6187893.180,145.542,1672.766
401672.785,6187892.940,145.540,1673.766
401671.815,6187892.700,145.537,1674.766
401670.845,6187892.460,145.535,1675.766
401669.875,6187892.210,145.532,1676.766
401668.905,6187891.970,145.530,1677.766
401667.935,6187891.730,145.527,1678.765
401666.965,6187891.480,145.525,1679.765
401665.995,6187891.240,145.522,1680.765
401665.025,6187891.000,145.519,1681.765
401664.055,6187890.760,145.516,1682.765
401663.085,6187890.520,145.513,1683.765
401662.115,6187890.270,145.510,1684.765
401661.145,6187890.030,145.508,1685.764
401660.174,6187889.790,145.505,1686.764
401659.204,6187889.550,145.502,1687.764
401658.234,6187889.310,145.499,1688.764
401657.264,6187889.060,145.496,1689.764
401656.294,6187888.820,145.493,1690.764
401655.324,6187888.580,145.489,1691.764
401654.354,6187888.340,145.486,1692.763
401653.384,6187888.090,145.483,1693.763
401652.414,6187887.850,145.479,1694.763
401651.444,6187887.610,145.476,1695.763
401650.474,6187887.370,145.473,1696.763
401649.504,6187887.130,145.470,1697.763
401648.534,6187886.880,145.466,1698.763
401647.564,6187886.640,145.463,1699.763
401646.594,6187886.400,145.459,1700.762
401645.624,6187886.150,145.456,1701.762
401644.654,6187885.910,145.452,1702.762
401643.684,6187885.670,145.449,1703.762
401642.714,6187885.430,145.445,1704.762
401641.744,6187885.180,145.441,1705.762
401640.774,6187884.940,145.438,1706.762
401639.804,6187884.700,145.434,1707.761
401638.834,6187884.450,145.431,1708.761
401637.865,6187884.210,145.427,1709.761
401636.895,6187883.970,145.423,1710.761
401635.925,6187883.720,145.419,1711.761
401634.955,6187883.480,145.415,1712.761
401633.986,6187883.240,145.411,1713.761
401633.016,6187882.990,145.408,1714.760
401632.046,6187882.750,145.404,1715.760
401631.076,6187882.510,145.400,1716.760
401630.107,6187882.260,145.396,1717.760
401629.137,6187882.020,145.392,1718.760
401628.167,6187881.780,145.388,1719.760
401627.197,6187881.530,145.384,1720.760
401626.227,6187881.290,145.380,1721.759
401625.257,6187881.050,145.376,1722.759
401624.287,6187880.810,145.372,1723.759
401623.317,6187880.560,145.368,1724.759
401622.347,6187880.320,145.364,1725.759
401621.377,6187880.080,145.360,1726.759
401620.407,6187879.840,145.356,1727.759
401619.437,6187879.590,145.351,1728.758
401618.467,6187879.350,145.347,1729.758
401617.497,6187879.110,145.343,1730.758
401616.527,6187878.870,145.339,1731.758
401615.557,6187878.620,145.335,1732.758
401614.587,6187878.380,145.330,1733.758
401613.617,6187878.140,145.326,1734.758
401612.647,6187877.900,145.322,1735.757
401611.677,6187877.650,145.318,1736.757
401610.707,6187877.410,145.313,1737.757
401609.736,6187877.170,145.309,1738.757
401608.766,6187876.930,145.305,1739.757
401607.796,6187876.690,145.301,1740.757
401606.826,6187876.440,145.296,1741.757
401605.856,6187876.200,145.292,1742.757
401604.886,6187875.960,145.288,1743.756
401603.916,6187875.720,145.283,1744.756
401602.945,6187875.480,145.279,1745.756
401601.975,6187875.230,145.275,1746.756
401601.005,6187874.990,145.271,1747.756
401600.035,6187874.750,145.266,1748.756
401599.065,6187874.510,145.262,1749.756
401598.095,6187874.260,145.258,1750.755
401597.125,6187874.020,145.253,1751.755
401596.155,6187873.780,145.249,1752.755
401595.185,6187873.540,145.245,1753.755
401594.215,6187873.290,145.240,1754.755
401593.245,6187873.050,145.236,1755.755
401592.275,6187872.810,145.232,1756.755
401591.305,6187872.570,145.228,1757.754
401590.335,6187872.320,145.223,1758.754
401589.365,6187872.080,145.219,1759.754
401588.395,6187871.840,145.215,1760.754
401587.425,6187871.600,145.211,1761.754
401586.455,6187871.350,145.207,1762.754
401585.485,6187871.110,145.202,1763.754
401584.515,6187870.870,145.198,1764.753
401583.545,6187870.630,145.194,1765.753
401582.575,6187870.390,145.190,1766.753
401581.605,6187870.140,145.186,1767.753
401580.635,6187869.900,145.182,1768.753
401579.665,6187869.660,145.178,1769.753
401578.695,6187869.420,145.174,1770.753
401577.725,6187869.170,145.170,1771.752
401576.755,6187868.930,145.166,1772.752
401575.785,6187868.690,145.162,1773.752
401574.814,6187868.450,145.157,1774.752
401573.844,6187868.200,145.153,1775.752
401572.874,6187867.960,145.150,1776.752
401571.904,6187867.720,145.146,1777.752
401570.934,6187867.480,145.142,1778.752
401569.965,6187867.230,145.138,1779.751
401568.995,6187866.990,145.135,1780.751
401568.025,6187866.750,145.131,1781.751
401567.055,6187866.510,145.127,1782.751
401566.085,6187866.260,145.123,1783.751
401565.115,6187866.020,145.119,1784.751
401564.145,6187865.780,145.116,1785.751
401563.175,6187865.540,145.112,1786.750
401562.205,6187865.290,145.109,1787.750
401561.234,6187865.050,145.106,1788.750
401560.264,6187864.810,145.102,1789.750
401559.294,6187864.570,145.099,1790.750
401558.324,6187864.320,145.095,1791.750
401557.354,6187864.080,145.092,1792.750
401556.384,6187863.840,145.088,1793.749
401555.414,6187863.600,145.085,1794.749
401554.444,6187863.350,145.082,1795.749
401553.474,6187863.110,145.079,1796.749
401552.504,6187862.870,145.076,1797.749
401551.534,6187862.630,145.073,1798.749
401550.564,6187862.380,145.070,1799.749
401549.594,6187862.140,145.067,1800.748
401548.624,6187861.900,145.064,1801.748
401547.654,6187861.660,145.061,1802.748
401546.684,6187861.420,145.058,1803.748
401545.714,6187861.170,145.056,1804.748
401544.744,6187860.930,145.053,1805.748
401543.774,6187860.690,145.051,1806.748
401542.804,6187860.450,145.048,1807.747
401541.834,6187860.200,145.046,1808.747
401540.864,6187859.960,145.043,1809.747
401539.894,6187859.720,145.041,1810.747
401538.924,6187859.480,145.038,1811.747
401537.954,6187859.230,145.036,1812.747
401536.984,6187858.990,145.033,1813.747
401536.014,6187858.750,145.031,1814.746
401535.044,6187858.510,145.029,1815.746
401534.074,6187858.260,145.027,1816.746
401533.104,6187858.020,145.026,1817.746
401532.134,6187857.780,145.024,1818.746
401531.164,6187857.540,145.022,1819.746
401530.194,6187857.290,145.020,1820.746
401529.224,6187857.050,145.018,1821.746
401528.254,6187856.810,145.016,1822.745
401527.284,6187856.560,145.015,1823.745
401526.314,6187856.320,145.013,1824.745
401525.345,6187856.080,145.012,1825.745
401524.375,6187855.830,145.011,1826.745
401523.406,6187855.590,145.009,1827.745
401522.436,6187855.340,145.008,1828.745
401521.466,6187855.100,145.007,1829.744
401520.497,6187854.860,145.006,1830.744
401519.527,6187854.610,145.004,1831.744
401518.558,6187854.370,145.003,1832.744
401517.588,6187854.120,145.003,1833.744
401516.618,6187853.880,145.002,1834.744
401515.649,6187853.630,145.002,1835.744
401514.679,6187853.390,145.001,1836.743
401513.710,6187853.150,145.000,1837.743
401512.740,6187852.900,145.000,1838.743
401511.771,6187852.660,144.999,1839.743
401510.801,6187852.410,144.999,1840.743
401509.832,6187852.170,144.998,1841.743
401508.862,6187851.920,144.998,1842.743
401507.892,6187851.680,144.998,1843.742
401506.923,6187851.440,144.998,1844.742
401505.953,6187851.190,144.998,1845.742
401504.983,6187850.950,144.998,1846.742
401504.014,6187850.710,144.999,1847.742
401503.044,6187850.460,144.999,1848.742
401502.074,6187850.220,144.999,1849.742
401501.105,6187849.970,144.999,1850.741
401500.135,6187849.730,144.999,1851.741
401499.165,6187849.490,145.000,1852.741
401498.195,6187849.240,145.001,1853.741
401497.225,6187849.000,145.002,1854.741
401496.255,6187848.760,145.003,1855.741
401495.286,6187848.510,145.004,1856.741
401494.316,6187848.270,145.004,1857.741
401493.346,6187848.030,145.005,1858.740
401492.376,6187847.790,145.006,1859.740
401491.406,6187847.540,145.007,1860.740
401490.436,6187847.300,145.008,1861.740
401489.466,6187847.060,145.010,1862.740
401488.496,6187846.820,145.011,1863.740
401487.526,6187846.570,145.013,1864.740
401486.556,6187846.330,145.015,1865.739
401485.586,6187846.090,145.016,1866.739
401484.616,6187845.850,145.018,1867.739
401483.646,6187845.600,145.019,1868.739
401482.676,6187845.360,145.021,1869.739
401481.706,6187845.120,145.023,1870.739
401480.736,6187844.880,145.025,1871.739
401479.766,6187844.630,145.027,1872.738
401478.796,6187844.390,145.029,1873.738
401477.825,6187844.150,145.031,1874.738
401476.855,6187843.910,145.034,1875.738
401475.885,6187843.670,145.036,1876.738
401474.915,6187843.420,145.038,1877.738
401473.945,6187843.180,145.040,1878.738
401472.975,6187842.940,145.042,1879.737
401472.005,6187842.700,145.045,1880.737
401471.035,6187842.450,145.048,1881.737
401470.065,6187842.210,145.051,1882.737
401469.095,6187841.970,145.053,1883.737
401468.126,6187841.720,145.056,1884.737
401467.156,6187841.480,145.059,1885.737
401466.186,6187841.240,145.062,1886.736
401465.216,6187840.990,145.064,1887.736
401464.246,6187840.750,145.067,1888.736
401463.276,6187840.510,145.070,1889.736
401462.306,6187840.270,145.073,1890.736
401461.336,6187840.020,145.076,1891.736
401460.366,6187839.780,145.080,1892.736
401459.396,6187839.540,145.083,1893.736
401458.426,6187839.300,145.086,1894.735
401457.456,6187839.060,145.089,1895.735
401456.486,6187838.810,145.092,1896.735
401455.514,6187838.580,145.095,1897.735
401454.543,6187838.340,145.099,1898.735
401453.571,6187838.100,145.102,1899.735
401452.599,6187837.870,145.105,1900.735
401451.627,6187837.630,145.109,1901.734
401450.654,6187837.410,145.112,1902.734
401449.680,6187837.180,145.116,1903.734
401448.706,6187836.950,145.119,1904.734
401447.733,6187836.730,145.123,1905.734
401446.757,6187836.510,145.126,1906.734
401445.782,6187836.290,145.129,1907.734
401444.806,6187836.070,145.133,1908.733
401443.831,6187835.850,145.136,1909.733
401442.853,6187835.640,145.140,1910.733
401441.876,6187835.430,145.143,1911.733
401440.899,6187835.210,145.147,1912.733
401439.920,6187835.010,145.150,1913.733
401438.941,6187834.810,145.153,1914.733
401437.962,6187834.600,145.157,1915.732
401436.982,6187834.400,145.160,1916.732
401436.001,6187834.210,145.164,1917.732
401435.020,6187834.020,145.167,1918.732
401434.039,6187833.830,145.170,1919.732
401433.057,6187833.640,145.174,1920.732
401432.073,6187833.460,145.177,1921.732
401431.090,6187833.280,145.180,1922.731
401430.107,6187833.100,145.183,1923.731
401429.122,6187832.920,145.186,1924.731
401428.136,6187832.750,145.189,1925.731
401427.151,6187832.580,145.193,1926.731
401426.164,6187832.430,145.196,1927.731
401425.177,6187832.270,145.199,1928.731
401424.189,6187832.110,145.201,1929.730
401423.200,6187831.960,145.204,1930.730
401422.211,6187831.820,145.207,1931.730
401421.221,6187831.680,145.210,1932.730
401420.230,6187831.550,145.213,1933.730
401419.239,6187831.410,145.215,1934.730
401418.246,6187831.300,145.218,1935.730
401417.253,6187831.180,145.220,1936.729
401416.260,6187831.060,145.223,1937.729
401415.265,6187830.960,145.225,1938.729
401414.271,6187830.850,145.228,1939.729
401413.275,6187830.760,145.230,1940.729
401412.280,6187830.670,145.232,1941.729
401411.284,6187830.580,145.234,1942.729
401410.287,6187830.500,145.236,1943.728
401409.290,6187830.430,145.238,1944.728
401408.293,6187830.360,145.240,1945.728
401407.295,6187830.290,145.242,1946.728
401406.298,6187830.220,145.244,1947.728
401405.299,6187830.170,145.245,1948.728
401404.301,6187830.110,145.247,1949.728
401403.303,6187830.050,145.248,1950.727
401402.304,6187830.010,145.250,1951.727
401401.305,6187829.970,145.251,1952.727
401400.306,6187829.920,145.252,1953.727
401399.307,6187829.890,145.253,1954.727
401398.307,6187829.860,145.255,1955.727
401397.308,6187829.830,145.256,1956.727
401396.308,6187829.810,145.257,1957.726
401395.309,6187829.790,145.258,1958.726
401394.309,6187829.770,145.258,1959.726
401393.309,6187829.760,145.259,1960.726
401392.309,6187829.750,145.260,1961.726
401391.309,6187829.740,145.261,1962.726
401390.310,6187829.750,145.261,1963.726
401389.310,6187829.750,145.261,1964.725
401388.310,6187829.760,145.262,1965.725
401387.310,6187829.770,145.262,1966.725
401386.310,6187829.780,145.263,1967.725
401385.311,6187829.800,145.263,1968.725
401384.311,6187829.820,145.263,1969.725
401383.312,6187829.850,145.263,1970.725
401382.312,6187829.870,145.263,1971.724
401381.313,6187829.900,145.319,1972.724
401380.313,6187829.940,145.346,1973.724
401379.314,6187829.970,145.310,1974.724
401378.315,6187830.010,145.275,1975.724
401377.316,6187830.050,145.262,1976.724
401376.317,6187830.090,145.262,1977.724
401375.318,6187830.140,145.261,1978.723
401374.319,6187830.180,145.261,1979.723
401373.320,6187830.220,145.261,1980.723
401372.322,6187830.270,145.260,1981.723
401371.323,6187830.320,145.259,1982.723
401370.324,6187830.380,145.259,1983.723
401369.326,6187830.430,145.258,1984.723
401368.327,6187830.480,145.257,1985.722
401367.329,6187830.530,145.257,1986.722
401366.330,6187830.580,145.256,1987.722
401365.332,6187830.630,145.255,1988.722
401364.333,6187830.680,145.254,1989.722
401363.335,6187830.740,145.253,1990.722
401362.336,6187830.790,145.252,1991.722
401361.338,6187830.840,145.251,1992.721
401360.339,6187830.890,145.250,1993.721
401359.341,6187830.950,145.249,1994.721
401358.342,6187831.000,145.248,1995.721
401357.344,6187831.050,145.247,1996.721
401356.345,6187831.110,145.246,1997.721
401355.347,6187831.160,145.245,1998.721
401354.349,6187831.210,145.244,1999.720
401353.350,6187831.260,145.242,2000.720
401352.352,6187831.320,145.241,2001.720
401351.353,6187831.370,145.240,2002.720
401350.355,6187831.420,145.239,2003.720
401349.356,6187831.480,145.237,2004.720
401348.358,6187831.530,145.236,2005.720
401347.359,6187831.580,145.235,2006.719
401346.361,6187831.630,145.233,2007.719
401345.362,6187831.690,145.232,2008.719
401344.364,6187831.740,145.231,2009.719
401343.365,6187831.790,145.229,2010.719
401342.367,6187831.840,145.228,2011.719
401341.368,6187831.890,145.226,2012.719
401340.370,6187831.950,145.225,2013.719
401339.371,6187832.000,145.223,2014.718
401338.373,6187832.050,145.222,2015.718
401337.374,6187832.100,145.220,2016.718
401336.376,6187832.150,145.219,2017.718
401335.377,6187832.200,145.217,2018.718
401334.379,6187832.260,145.215,2019.718
401333.380,6187832.310,145.214,2020.718
401332.381,6187832.360,145.212,2021.717
401331.383,6187832.410,145.210,2022.717
401330.384,6187832.460,145.209,2023.717
401329.386,6187832.510,145.207,2024.717
401328.387,6187832.560,145.205,2025.717
401327.389,6187832.610,145.204,2026.717
401326.390,6187832.660,145.202,2027.717
401325.392,6187832.720,145.200,2028.716
401324.393,6187832.770,145.199,2029.716
401323.394,6187832.820,145.197,2030.716
401322.396,6187832.870,145.195,2031.716
401321.397,6187832.920,145.193,2032.716
401320.399,6187832.970,145.191,2033.716
401319.400,6187833.020,145.190,2034.716
401318.402,6187833.070,145.188,2035.715
401317.403,6187833.130,145.186,2036.715
401316.405,6187833.180,145.184,2037.715
401315.407,6187833.240,145.182,2038.715
401314.408,6187833.290,145.181,2039.715
401313.410,6187833.340,145.179,2040.715
401312.411,6187833.400,145.177,2041.715
401311.413,6187833.450,145.175,2042.714
401310.415,6187833.510,145.173,2043.714
401309.416,6187833.560,145.171,2044.714
401308.418,6187833.610,145.170,2045.714
401307.419,6187833.670,145.168,2046.714
401306.421,6187833.730,145.166,2047.714
401305.423,6187833.780,145.164,2048.714
401304.425,6187833.840,145.162,2049.714
401303.426,6187833.890,145.160,2050.713
401302.428,6187833.950,145.158,2051.713
401301.430,6187834.000,145.156,2052.713
401300.431,6187834.060,145.154,2053.713
401299.433,6187834.120,145.152,2054.713
401298.435,6187834.170,145.150,2055.713
401297.437,6187834.230,145.148,2056.713
401296.439,6187834.290,145.147,2057.712
401295.440,6187834.350,145.145,2058.712
401294.442,6187834.410,145.143,2059.712
401293.444,6187834.470,145.141,2060.712
401292.446,6187834.530,145.139,2061.712
401291.448,6187834.590,145.137,2062.712
401290.450,6187834.650,145.135,2063.712
401289.452,6187834.720,145.133,2064.711
401288.455,6187834.780,145.131,2065.711
401287.457,6187834.840,145.129,2066.711
401286.459,6187834.910,145.127,2067.711
401285.462,6187834.980,145.125,2068.711
401284.464,6187835.050,145.123,2069.711
401283.467,6187835.120,145.121,2070.711
401282.469,6187835.190,145.119,2071.710
401281.472,6187835.260,145.117,2072.710
401280.475,6187835.330,145.115,2073.710
401279.478,6187835.410,145.113,2074.710
401278.481,6187835.490,145.111,2075.710
401277.484,6187835.570,145.109,2076.710
401276.488,6187835.640,145.107,2077.710
401275.491,6187835.730,145.105,2078.709
401274.495,6187835.810,145.103,2079.709
401273.499,6187835.900,145.101,2080.709
401272.502,6187835.980,145.099,2081.709
401271.506,6187836.060,145.097,2082.709
401270.510,6187836.150,145.095,2083.709
401269.514,6187836.240,145.093,2084.709
401268.518,6187836.330,145.091,2085.708
401267.523,6187836.420,145.089,2086.708
401266.527,6187836.510,145.087,2087.708
401265.531,6187836.610,145.085,2088.708
401264.536,6187836.700,145.083,2089.708
401263.540,6187836.790,145.081,2090.708
401262.545,6187836.890,145.079,2091.708
401261.550,6187836.980,145.077,2092.708
401260.554,6187837.080,145.075,2093.707
401259.559,6187837.170,145.073,2094.707
401258.564,6187837.270,145.071,2095.707
401257.568,6187837.360,145.069,2096.707
401256.573,6187837.460,145.067,2097.707
401255.578,6187837.550,145.065,2098.707
401254.582,6187837.650,145.063,2099.707
401253.587,6187837.740,145.061,2100.706
401252.592,6187837.840,145.059,2101.706
401251.597,6187837.940,145.057,2102.706
401250.602,6187838.040,145.055,2103.706
401249.607,6187838.130,145.053,2104.706
401248.612,6187838.230,145.052,2105.706
401247.617,6187838.330,145.050,2106.706
401246.621,6187838.430,145.048,2107.705
401245.626,6187838.520,145.046,2108.705
401244.631,6187838.620,145.044,2109.705
401243.637,6187838.720,145.042,2110.705
401242.642,6187838.830,145.041,2111.705
401241.647,6187838.930,145.039,2112.705
401240.653,6187839.030,145.037,2113.705
401239.658,6187839.130,145.035,2114.704
401238.664,6187839.230,145.034,2115.704
401237.670,6187839.340,145.032,2116.704
401236.676,6187839.450,145.031,2117.704
401235.682,6187839.560,145.029,2118.704
401234.688,6187839.670,145.027,2119.704
401233.694,6187839.780,145.026,2120.704
401232.701,6187839.900,145.024,2121.703
401231.708,6187840.010,145.023,2122.703
401230.715,6187840.130,145.022,2123.703
401229.722,6187840.250,145.020,2124.703
401228.730,6187840.380,145.019,2125.703
401227.739,6187840.500,145.018,2126.703
401226.747,6187840.630,145.016,2127.703
401225.756,6187840.760,145.015,2128.702
401224.766,6187840.900,145.014,2129.702
401223.775,6187841.040,145.013,2130.702
401222.785,6187841.180,145.012,2131.702
401221.796,6187841.330,145.011,2132.702
401220.808,6187841.470,145.010,2133.702
401219.819,6187841.620,145.009,2134.702
401218.831,6187841.780,145.008,2135.701
401217.844,6187841.940,145.008,2136.701
401216.857,6187842.100,145.007,2137.701
401215.870,6187842.260,145.006,2138.701
401214.885,6187842.430,145.006,2139.701
401213.900,6187842.600,145.005,2140.701
401212.915,6187842.770,145.005,2141.701
401211.931,6187842.950,145.004,2142.700
401210.947,6187843.130,145.004,2143.700
401209.964,6187843.310,145.004,2144.700
401208.981,6187843.490,145.003,2145.700
401208.000,6187843.680,145.003,2146.700
401207.018,6187843.880,145.003,2147.700
401206.037,6187844.070,145.003,2148.700
401205.057,6187844.260,145.003,2149.699
401204.077,6187844.460,145.004,2150.699
401203.098,6187844.670,145.004,2151.699
401202.118,6187844.870,145.004,2152.699
401201.140,6187845.070,145.005,2153.699
401200.162,6187845.280,145.005,2154.699
401199.184,6187845.490,145.006,2155.699
401198.206,6187845.700,145.006,2156.698
401197.228,6187845.910,145.007,2157.698
401196.251,6187846.120,145.008,2158.698
401195.274,6187846.330,145.009,2159.698
401194.297,6187846.540,145.010,2160.698
401193.320,6187846.760,145.012,2161.698
401192.343,6187846.970,145.013,2162.698
401191.366,6187847.180,145.014,2163.698
401190.390,6187847.400,145.016,2164.697
401189.413,6187847.610,145.017,2165.697
401188.436,6187847.820,145.018,2166.697
401187.459,6187848.040,145.020,2167.697
401186.483,6187848.250,145.022,2168.697
401185.507,6187848.470,145.024,2169.697
401184.531,6187848.690,145.026,2170.697
401183.555,6187848.900,145.028,2171.696
401182.579,6187849.120,145.030,2172.696
401181.603,6187849.340,145.033,2173.696
401180.628,6187849.560,145.035,2174.696
401179.652,6187849.780,145.037,2175.696
401178.677,6187850.000,145.040,2176.696
401177.702,6187850.220,145.043,2177.696
401176.727,6187850.440,145.046,2178.695
401175.753,6187850.670,145.049,2179.695
401174.778,6187850.890,145.052,2180.695
401173.803,6187851.110,145.055,2181.695
401172.829,6187851.340,145.058,2182.695
401171.856,6187851.570,145.062,2183.695
401170.882,6187851.790,145.066,2184.695
401169.909,6187852.020,145.069,2185.694
401168.935,6187852.250,145.073,2186.694
401167.962,6187852.480,145.077,2187.694
401166.990,6187852.710,145.081,2188.694
401166.018,6187852.950,145.086,2189.694
401165.046,6187853.180,145.090,2190.694
401164.074,6187853.420,145.094,2191.694
401163.102,6187853.650,145.099,2192.693
401162.130,6187853.890,145.103,2193.693
401161.159,6187854.120,145.108,2194.693
401160.188,6187854.360,145.114,2195.693
401159.217,6187854.600,145.119,2196.693
401158.246,6187854.840,145.124,2197.693
401157.275,6187855.080,145.130,2198.693
401156.305,6187855.320,145.135,2199.693
401155.334,6187855.560,145.140,2200.692
401154.363,6187855.800,145.146,2201.692
401153.392,6187856.040,145.151,2202.692
401152.421,6187856.280,145.157,2203.692
401151.451,6187856.520,145.163,2204.692
401150.480,6187856.760,145.170,2205.692
401149.510,6187857.000,145.176,2206.692
401148.539,6187857.240,145.183,2207.691
401147.569,6187857.480,145.189,2208.691
401146.598,6187857.720,145.196,2209.691
401145.628,6187857.960,145.202,2210.691
401144.657,6187858.200,145.209,2211.691
401143.687,6187858.440,145.215,2212.691
401142.716,6187858.680,145.222,2213.691
401141.746,6187858.920,145.230,2214.690
401140.776,6187859.160,145.238,2215.690
401139.806,6187859.410,145.245,2216.690
401138.835,6187859.650,145.253,2217.690
401137.865,6187859.890,145.261,2218.690
401136.895,6187860.130,145.268,2219.690
401135.924,6187860.370,145.276,2220.690
401134.954,6187860.610,145.284,2221.689
401133.984,6187860.850,145.291,2222.689
401133.014,6187861.100,145.300,2223.689
401132.043,6187861.340,145.309,2224.689
401131.073,6187861.580,145.317,2225.689
401130.103,6187861.820,145.326,2226.689
401129.133,6187862.060,145.335,2227.689
401128.163,6187862.300,145.344,2228.688
401127.192,6187862.550,145.352,2229.688
401126.222,6187862.790,145.361,2230.688
401125.252,6187863.030,145.370,2231.688
401124.282,6187863.270,145.379,2232.688
401123.311,6187863.510,145.389,2233.688
401122.341,6187863.750,145.398,2234.688
401121.370,6187863.990,145.408,2235.687
401120.400,6187864.230,145.418,2236.687
401119.429,6187864.470,145.428,2237.687
401118.459,6187864.710,145.437,2238.687
401117.488,6187864.950,145.447,2239.687
401116.518,6187865.200,145.457,2240.687
401115.547,6187865.440,145.467,2241.687
401114.577,6187865.680,145.477,2242.687
401113.606,6187865.920,145.488,2243.686
401112.635,6187866.150,145.498,2244.686
401111.664,6187866.390,145.509,2245.686
401110.694,6187866.630,145.520,2246.686
401109.723,6187866.870,145.530,2247.686
401108.752,6187867.110,145.541,2248.686
401107.781,6187867.350,145.552,2249.686
401106.811,6187867.590,145.562,2250.685
401105.840,6187867.830,145.573,2251.685
401104.870,6187868.070,145.585,2252.685
401103.900,6187868.320,145.596,2253.685
401102.930,6187868.560,145.607,2254.685
401101.959,6187868.800,145.619,2255.685
401100.989,6187869.040,145.630,2256.685
401100.019,6187869.280,145.642,2257.684
401099.049,6187869.520,145.653,2258.684
401098.079,6187869.770,145.665,2259.684
401097.108,6187870.010,145.676,2260.684
401096.138,6187870.250,145.688,2261.684
401095.167,6187870.490,145.700,2262.684
401094.197,6187870.730,145.712,2263.684
401093.226,6187870.970,145.724,2264.683
401092.256,6187871.210,145.736,2265.683
401091.285,6187871.450,145.749,2266.683
401090.315,6187871.690,145.761,2267.683
401089.344,6187871.930,145.773,2268.683
401088.374,6187872.170,145.785,2269.683
401087.403,6187872.410,145.797,2270.683
401086.433,6187872.650,145.810,2271.682
401085.463,6187872.900,145.822,2272.682
401084.492,6187873.140,145.835,2273.682
401083.522,6187873.380,145.848,2274.682
401082.552,6187873.620,145.860,2275.682
401081.581,6187873.860,145.873,2276.682
401080.611,6187874.100,145.886,2277.682
401079.641,6187874.340,145.898,2278.682
401078.670,6187874.580,145.911,2279.681
401077.700,6187874.820,145.924,2280.681
401076.730,6187875.070,145.937,2281.681
401075.759,6187875.310,145.950,2282.681
401074.789,6187875.550,145.963,2283.681
401073.819,6187875.790,145.976,2284.681
401072.848,6187876.030,145.989,2285.681
401071.878,6187876.270,146.003,2286.680
401070.908,6187876.510,146.016,2287.680
401069.938,6187876.760,146.029,2288.680
401068.967,6187877.000,146.042,2289.680
401067.997,6187877.240,146.055,2290.680
401067.026,6187877.480,146.069,2291.680
401066.056,6187877.720,146.082,2292.680
401065.085,6187877.960,146.096,2293.679
401064.115,6187878.200,146.109,2294.679
401063.144,6187878.440,146.123,2295.679
401062.174,6187878.680,146.136,2296.679
401061.204,6187878.920,146.150,2297.679
401060.233,6187879.160,146.163,2298.679
401059.263,6187879.410,146.177,2299.679
401058.293,6187879.650,146.191,2300.678
401057.323,6187879.890,146.205,2301.678
401056.353,6187880.130,146.219,2302.678
401055.383,6187880.370,146.232,2303.678
401054.412,6187880.620,146.246,2304.678
401053.442,6187880.860,146.260,2305.678
401052.472,6187881.100,146.274,2306.678
401051.502,6187881.340,146.288,2307.677
401050.532,6187881.580,146.302,2308.677
401049.561,6187881.820,146.316,2309.677
401048.591,6187882.070,146.330,2310.677
401047.621,6187882.310,146.344,2311.677
401046.651,6187882.550,146.358,2312.677
401045.680,6187882.790,146.372,2313.677
401044.710,6187883.030,146.387,2314.676
401043.740,6187883.270,146.401,2315.676
401042.769,6187883.510,146.415,2316.676
401041.799,6187883.750,146.429,2317.676
401040.829,6187884.000,146.443,2318.676
401039.858,6187884.240,146.458,2319.676
401038.888,6187884.480,146.472,2320.676
401037.917,6187884.720,146.487,2321.676
401036.947,6187884.960,146.501,2322.675
401035.976,6187885.200,146.515,2323.675
401035.006,6187885.440,146.530,2324.675
401034.036,6187885.680,146.544,2325.675
401033.065,6187885.920,146.559,2326.675
401032.095,6187886.160,146.573,2327.675
401031.125,6187886.410,146.588,2328.675
401030.155,6187886.650,146.602,2329.674
401029.185,6187886.890,146.617,2330.674
401028.215,6187887.130,146.632,2331.674
401027.244,6187887.370,146.646,2332.674
401026.274,6187887.620,146.661,2333.674
401025.304,6187887.860,146.676,2334.674
401024.334,6187888.100,146.690,2335.674
401023.364,6187888.340,146.705,2336.673
401022.394,6187888.590,146.720,2337.673
401021.424,6187888.830,146.735,2338.673
401020.454,6187889.070,146.749,2339.673
401019.484,6187889.310,146.764,2340.673
401018.514,6187889.550,146.779,2341.673
401017.544,6187889.800,146.794,2342.673
401016.573,6187890.040,146.809,2343.672
401015.603,6187890.280,146.824,2344.672
401014.633,6187890.520,146.839,2345.672
401013.663,6187890.760,146.853,2346.672
401012.693,6187891.010,146.868,2347.672
401011.723,6187891.250,146.883,2348.672
401010.753,6187891.490,146.898,2349.672
401009.783,6187891.740,146.913,2350.671
401008.813,6187891.980,146.928,2351.671
401007.843,6187892.220,146.943,2352.671
401006.873,6187892.460,146.958,2353.671
401005.904,6187892.710,146.973,2354.671
401004.934,6187892.950,146.988,2355.671
401003.963,6187893.190,147.004,2356.671
401002.993,6187893.430,147.019,2357.671
401002.023,6187893.670,147.034,2358.670
401001.053,6187893.920,147.049,2359.670
401000.083,6187894.160,147.064,2360.670
400999.112,6187894.400,147.079,2361.670
400998.142,6187894.640,147.094,2362.670
400997.172,6187894.880,147.109,2363.670
400996.202,6187895.120,147.124,2364.670
400995.232,6187895.370,147.146,2365.669
400994.262,6187895.610,147.174,2366.669
400993.292,6187895.850,147.201,2367.669
400992.322,6187896.100,147.228,2368.669
400991.352,6187896.340,147.255,2369.669
400990.382,6187896.580,147.283,2370.669
400989.412,6187896.820,147.310,2371.669
400988.443,6187897.070,147.337,2372.668
400987.473,6187897.310,147.364,2373.668
400986.502,6187897.550,147.275,2374.668
400985.532,6187897.790,147.290,2375.668
400984.561,6187898.030,147.305,2376.668
400983.591,6187898.280,147.320,2377.668
400982.621,6187898.520,147.335,2378.668
400981.651,6187898.760,147.350,2379.667
400980.681,6187899.000,147.365,2380.667
400979.711,6187899.240,147.380,2381.667
400978.741,6187899.490,147.395,2382.667
400977.771,6187899.730,147.410,2383.667
400976.801,6187899.970,147.425,2384.667
400975.830,6187900.210,147.440,2385.667
400974.860,6187900.450,147.455,2386.666
400973.890,6187900.700,147.470,2387.666
400972.920,6187900.940,147.485,2388.666
400971.950,6187901.180,147.500,2389.666
400970.980,6187901.420,147.514,2390.666
400970.010,6187901.660,147.529,2391.666
400969.040,6187901.910,147.544,2392.666
400968.070,6187902.150,147.559,2393.665
400967.099,6187902.390,147.574,2394.665
400966.129,6187902.630,147.589,2395.665
400965.159,6187902.880,147.603,2396.665
400964.189,6187903.120,147.618,2397.665
400963.219,6187903.360,147.633,2398.665
400962.249,6187903.600,147.648,2399.665
400961.279,6187903.840,147.662,2400.665
400960.309,6187904.090,147.677,2401.664
400959.339,6187904.330,147.692,2402.664
400958.369,6187904.570,147.706,2403.664
400957.400,6187904.820,147.721,2404.664
400956.431,6187905.060,147.735,2405.664
400955.461,6187905.310,147.750,2406.664
400954.492,6187905.560,147.764,2407.664
400953.523,6187905.800,147.779,2408.663
400952.554,6187906.050,147.793,2409.663
400951.585,6187906.290,147.808,2410.663
400950.615,6187906.540,147.822,2411.663
400949.646,6187906.780,147.837,2412.663
400948.676,6187907.020,147.851,2413.663
400947.705,6187907.270,147.865,2414.663
400946.735,6187907.510,147.880,2415.662
400945.765,6187907.750,147.894,2416.662
400944.795,6187907.990,147.908,2417.662
400943.824,6187908.230,147.923,2418.662
400942.854,6187908.470,147.937,2419.662
400941.884,6187908.710,147.951,2420.662
400940.913,6187908.950,147.965,2421.662
400939.943,6187909.200,147.980,2422.661
400938.972,6187909.440,147.994,2423.661
400938.002,6187909.680,148.008,2424.661
400937.031,6187909.920,148.022,2425.661
400936.060,6187910.160,148.036,2426.661
400935.090,6187910.400,148.051,2427.661
400934.119,6187910.640,148.065,2428.661
400933.149,6187910.880,148.079,2429.660
400932.178,6187911.120,148.093,2430.660
400931.207,6187911.360,148.107,2431.660
400930.237,6187911.600,148.121,2432.660
400929.267,6187911.840,148.135,2433.660
400928.297,6187912.080,148.149,2434.660
400927.327,6187912.320,148.163,2435.660
400926.356,6187912.560,148.178,2436.660
400925.386,6187912.810,148.192,2437.659
400924.416,6187913.050,148.206,2438.659
400923.446,6187913.290,148.220,2439.659
400922.475,6187913.530,148.234,2440.659
400921.505,6187913.770,148.248,2441.659
400920.536,6187914.020,148.262,2442.659
400919.566,6187914.260,148.276,2443.659
400918.596,6187914.500,148.290,2444.658
400917.626,6187914.750,148.304,2445.658
400916.656,6187914.990,148.318,2446.658
400915.686,6187915.230,148.332,2447.658
400914.716,6187915.480,148.346,2448.658
400913.747,6187915.720,148.360,2449.658
400912.777,6187915.960,148.374,2450.658
400911.806,6187916.200,148.388,2451.657
400910.836,6187916.440,148.402,2452.657
400909.866,6187916.680,148.416,2453.657
400908.895,6187916.930,148.430,2454.657
400907.925,6187917.170,148.444,2455.657
400906.955,6187917.410,148.458,2456.657
400905.984,6187917.650,148.472,2457.657
400905.014,6187917.890,148.486,2458.656
400904.044,6187918.130,148.500,2459.656
400903.074,6187918.370,148.514,2460.656
400902.104,6187918.620,148.528,2461.656
400901.133,6187918.860,148.542,2462.656
400900.163,6187919.100,148.556,2463.656
400899.193,6187919.340,148.570,2464.656
400898.223,6187919.590,148.584,2465.655
400897.253,6187919.830,148.598,2466.655
400896.283,6187920.070,148.612,2467.655
400895.313,6187920.310,148.626,2468.655
400894.343,6187920.560,148.640,2469.655
400893.373,6187920.800,148.653,2470.655
400892.403,6187921.040,148.667,2471.655
400891.433,6187921.280,148.681,2472.654
400890.463,6187921.530,148.695,2473.654
400889.493,6187921.770,148.709,2474.654
400888.524,6187922.010,148.723,2475.654
400887.554,6187922.250,148.737,2476.654
400886.584,6187922.500,148.750,2477.654
400885.614,6187922.740,148.764,2478.654
400884.644,6187922.980,148.778,2479.654
400883.674,6187923.230,148.792,2480.653
400882.704,6187923.470,148.806,2481.653
400881.734,6187923.710,148.820,2482.653
400880.764,6187923.950,148.833,2483.653
400879.794,6187924.190,148.847,2484.653
400878.823,6187924.440,148.861,2485.653
400877.853,6187924.680,148.875,2486.653
400876.883,6187924.920,148.888,2487.652
400875.913,6187925.160,148.902,2488.652
400874.944,6187925.410,148.916,2489.652
400873.974,6187925.650,148.930,2490.652
400873.004,6187925.890,148.943,2491.652
400872.034,6187926.140,148.957,2492.652
400871.064,6187926.380,148.971,2493.652
400870.094,6187926.620,148.985,2494.651
400869.124,6187926.870,148.998,2495.651
400868.154,6187927.110,149.012,2496.651
400867.184,6187927.350,149.026,2497.651
400866.214,6187927.590,149.039,2498.651
400865.244,6187927.840,149.053,2499.651
400864.274,6187928.080,149.067,2500.651
400863.304,6187928.320,149.080,2501.650
400862.334,6187928.560,149.094,2502.650
400861.364,6187928.810,149.107,2503.650
400860.394,6187929.050,149.121,2504.650
400859.424,6187929.290,149.135,2505.650
400858.454,6187929.530,149.148,2506.650
400857.484,6187929.780,149.162,2507.650
400856.514,6187930.020,149.175,2508.649
400855.544,6187930.260,149.189,2509.649
400854.574,6187930.500,149.202,2510.649
400853.604,6187930.740,149.216,2511.649
400852.634,6187930.990,149.229,2512.649
400851.663,6187931.230,149.243,2513.649
400850.693,6187931.470,149.257,2514.649
400849.723,6187931.710,149.270,2515.649
400848.753,6187931.950,149.284,2516.648
400847.783,6187932.200,149.297,2517.648
400846.813,6187932.440,149.310,2518.648
400845.843,6187932.680,149.324,2519.648
400844.873,6187932.920,149.337,2520.648
400843.903,6187933.160,149.351,2521.648
400842.932,6187933.410,149.364,2522.648
400841.962,6187933.650,149.377,2523.647
400840.992,6187933.890,149.391,2524.647
400840.022,6187934.130,149.404,2525.647
400839.052,6187934.380,149.418,2526.647
400838.082,6187934.620,149.431,2527.647
400837.112,6187934.860,149.444,2528.647
400836.142,6187935.100,149.458,2529.647
400835.172,6187935.340,149.471,2530.646
400834.202,6187935.590,149.484,2531.646
400833.232,6187935.830,149.497,2532.646
400832.262,6187936.070,149.511,2533.646
400831.292,6187936.310,149.524,2534.646
400830.321,6187936.560,149.537,2535.646
400829.351,6187936.800,149.550,2536.646
400828.381,6187937.040,149.563,2537.645
400827.411,6187937.280,149.577,2538.645
400826.441,6187937.520,149.590,2539.645
400825.471,6187937.770,149.603,2540.645
400824.501,6187938.010,149.616,2541.645
400823.531,6187938.250,149.629,2542.645
400822.561,6187938.490,149.642,2543.645
400821.590,6187938.730,149.655,2544.644
400820.620,6187938.980,149.668,2545.644
400819.651,6187939.220,149.681,2546.644
400818.681,6187939.460,149.694,2547.644
400817.711,6187939.710,149.707,2548.644
400816.741,6187939.950,149.720,2549.644
400815.772,6187940.190,149.733,2550.644
400814.802,6187940.440,149.746,2551.644
400813.832,6187940.680,149.759,2552.643
400812.862,6187940.920,149.772,2553.643
400811.893,6187941.170,149.784,2554.643
400810.923,6187941.410,149.797,2555.643
400809.954,6187941.660,149.810,2556.643
400808.984,6187941.900,149.823,2557.643
400808.015,6187942.150,149.835,2558.643
400807.046,6187942.390,149.848,2559.642
400806.076,6187942.640,149.861,2560.642
400805.107,6187942.880,149.873,2561.642
400804.138,6187943.130,149.886,2562.642
400803.168,6187943.370,149.899,2563.642
400802.199,6187943.620,149.911,2564.642
400801.229,6187943.860,149.924,2565.642
400800.260,6187944.110,149.936,2566.641
400799.290,6187944.350,149.948,2567.641
400798.321,6187944.600,149.961,2568.641
400797.351,6187944.840,149.973,2569.641
400796.382,6187945.090,149.985,2570.641
400795.412,6187945.330,149.998,2571.641
400794.443,6187945.570,150.010,2572.641
400793.473,6187945.820,150.023,2573.640
400792.504,6187946.060,150.035,2574.640
400791.534,6187946.310,150.047,2575.640
400790.564,6187946.550,150.059,2576.640
400789.594,6187946.790,150.071,2577.640
400788.625,6187947.040,150.083,2578.640
400787.655,6187947.280,150.095,2579.640
400786.685,6187947.530,150.107,2580.639
400785.716,6187947.770,150.119,2581.639
400784.746,6187948.010,150.131,2582.639
400783.776,6187948.260,150.143,2583.639
400782.807,6187948.500,150.155,2584.639
400781.838,6187948.750,150.166,2585.639
400780.869,6187948.990,150.178,2586.639
400779.899,6187949.240,150.190,2587.638
400778.930,6187949.480,150.202,2588.638
400777.961,6187949.730,150.213,2589.638
400776.991,6187949.970,150.225,2590.638
400776.022,6187950.220,150.237,2591.638
400775.053,6187950.470,150.248,2592.638
400774.084,6187950.710,150.260,2593.638
400773.115,6187950.960,150.271,2594.638
400772.146,6187951.210,150.282,2595.637
400771.178,6187951.450,150.294,2596.637
400770.209,6187951.700,150.305,2597.637
400769.240,6187951.950,150.316,2598.637
400768.272,6187952.200,150.328,2599.637
400767.303,6187952.440,150.339,2600.637
400766.334,6187952.690,150.350,2601.637
400765.365,6187952.940,150.362,2602.636
400764.397,6187953.190,150.373,2603.636
400763.429,6187953.440,150.384,2604.636
400762.462,6187953.690,150.395,2605.636
400761.494,6187953.940,150.406,2606.636
400760.526,6187954.190,150.417,2607.636
400759.558,6187954.440,150.428,2608.636
400758.590,6187954.690,150.439,2609.635
400757.622,6187954.940,150.450,2610.635
400756.654,6187955.200,150.461,2611.635
400755.686,6187955.450,150.472,2612.635
400754.718,6187955.700,150.483,2613.635
400753.751,6187955.950,150.493,2614.635
400752.783,6187956.200,150.504,2615.635
400751.816,6187956.450,150.515,2616.634
400750.848,6187956.710,150.526,2617.634
400749.880,6187956.960,150.536,2618.634
400748.913,6187957.210,150.547,2619.634
400747.945,6187957.460,150.558,2620.634
400746.978,6187957.710,150.569,2621.634
400746.011,6187957.970,150.580,2622.634
400745.044,6187958.220,150.590,2623.633
400744.077,6187958.480,150.601,2624.633
400743.110,6187958.730,150.612,2625.633
400742.143,6187958.990,150.622,2626.633
400741.176,6187959.240,150.633,2627.633
400740.209,6187959.500,150.644,2628.633
400739.244,6187959.760,150.654,2629.633
400738.279,6187960.020,150.665,2630.633
400737.314,6187960.280,150.676,2631.632
400736.349,6187960.540,150.687,2632.632
400735.384,6187960.800,150.697,2633.632
400734.419,6187961.070,150.708,2634.632
400733.454,6187961.330,150.719,2635.632
400732.489,6187961.590,150.730,2636.632
400731.524,6187961.850,150.740,2637.632
400730.559,6187962.110,150.751,2638.631
400729.594,6187962.370,150.762,2639.631
400728.629,6187962.640,150.773,2640.631
400727.664,6187962.900,150.784,2641.631
400726.699,6187963.160,150.795,2642.631
400725.734,6187963.420,150.806,2643.631
400724.769,6187963.680,150.817,2644.631
400723.804,6187963.940,150.828,2645.630
400722.839,6187964.210,150.839,2646.630
400721.874,6187964.470,150.850,2647.630
400720.909,6187964.730,150.861,2648.630
400719.945,6187964.990,150.872,2649.630
400718.980,6187965.260,150.884,2650.630
400718.016,6187965.520,150.895,2651.630
400717.051,6187965.780,150.906,2652.629
400716.086,6187966.050,150.918,2653.629
400715.122,6187966.310,150.929,2654.629
400714.157,6187966.570,150.940,2655.629
400713.192,6187966.840,150.951,2656.629
400712.228,6187967.100,150.963,2657.629
400711.264,6187967.360,150.975,2658.629
400710.299,6187967.630,150.987,2659.628
400709.335,6187967.890,150.998,2660.628
400708.370,6187968.150,151.010,2661.628
400707.406,6187968.420,151.022,2662.628
400706.441,6187968.680,151.034,2663.628
400705.477,6187968.950,151.046,2664.628
400704.512,6187969.210,151.057,2665.628
400703.548,6187969.470,151.069,2666.627
400702.584,6187969.740,151.081,2667.627
400701.619,6187970.000,151.094,2668.627
400700.655,6187970.270,151.106,2669.627
400699.691,6187970.530,151.118,2670.627
400698.726,6187970.790,151.131,2671.627
400697.762,6187971.060,151.143,2672.627
400696.798,6187971.320,151.155,2673.627
400695.833,6187971.590,151.168,2674.626
400694.869,6187971.850,151.180,2675.626
400693.904,6187972.110,151.193,2676.626
400692.939,6187972.380,151.205,2677.626
400691.974,6187972.640,151.218,2678.626
400691.009,6187972.900,151.231,2679.626
400690.044,6187973.160,151.244,2680.626
400689.079,6187973.420,151.257,2681.625
400688.114,6187973.680,151.270,2682.625
400687.149,6187973.940,151.282,2683.625
400686.184,6187974.210,151.295,2684.625
400685.219,6187974.470,151.308,2685.625
400684.254,6187974.730,151.321,2686.625
400683.290,6187975.000,151.335,2687.625
400682.326,6187975.260,151.348,2688.624
400681.361,6187975.520,151.361,2689.624
400680.397,6187975.790,151.375,2690.624
400679.433,6187976.050,151.388,2691.624
400678.469,6187976.320,151.401,2692.624
400677.504,6187976.580,151.415,2693.624
400676.540,6187976.850,151.428,2694.624
400675.576,6187977.110,151.441,2695.623
400674.611,6187977.370,151.455,2696.623
400673.647,6187977.640,151.469,2697.623
400672.683,6187977.900,151.482,2698.623
400671.719,6187978.170,151.496,2699.623
400670.754,6187978.430,151.510,2700.623
400669.790,6187978.700,151.523,2701.623
400668.826,6187978.960,151.537,2702.622
400667.862,6187979.230,151.551,2703.622
400666.897,6187979.490,151.564,2704.622
400665.933,6187979.750,151.578,2705.622
400664.968,6187980.010,151.592,2706.622
400664.003,6187980.280,151.606,2707.622
400663.038,6187980.540,151.620,2708.622
400662.073,6187980.800,151.634,2709.622
400661.108,6187981.060,151.648,2710.621
400660.143,6187981.320,151.662,2711.621
400659.178,6187981.580,151.676,2712.621
400658.213,6187981.850,151.690,2713.621
400657.248,6187982.110,151.704,2714.621
400656.283,6187982.370,151.718,2715.621
400655.318,6187982.630,151.732,2716.621
400654.352,6187982.890,151.746,2717.620
400653.387,6187983.150,151.760,2718.620
400652.422,6187983.410,151.774,2719.620
400651.457,6187983.680,151.788,2720.620
400650.492,6187983.940,151.802,2721.620
400649.527,6187984.200,151.816,2722.620
400648.562,6187984.460,151.829,2723.620
400647.597,6187984.720,151.843,2724.619
400646.632,6187984.980,151.857,2725.619
400645.667,6187985.250,151.871,2726.619
400644.702,6187985.510,151.885,2727.619
400643.737,6187985.770,151.899,2728.619
400642.772,6187986.030,151.913,2729.619
400641.808,6187986.290,151.926,2730.619
400640.843,6187986.560,151.940,2731.618
400639.878,6187986.820,151.954,2732.618
400638.913,6187987.080,151.968,2733.618
400637.948,6187987.340,151.981,2734.618
400636.984,6187987.610,151.995,2735.618
400636.019,6187987.870,152.009,2736.618
400635.055,6187988.130,152.022,2737.618
400634.090,6187988.400,152.036,2738.617
400633.125,6187988.660,152.049,2739.617
400632.161,6187988.920,152.063,2740.617
400631.196,6187989.190,152.076,2741.617
400630.232,6187989.450,152.090,2742.617
400629.267,6187989.710,152.103,2743.617
400628.302,6187989.980,152.116,2744.617
400627.337,6187990.240,152.130,2745.616
400626.373,6187990.500,152.143,2746.616
400625.408,6187990.760,152.156,2747.616
400624.443,6187991.030,152.169,2748.616
400623.478,6187991.290,152.182,2749.616
400622.514,6187991.550,152.196,2750.616
400621.549,6187991.810,152.209,2751.616
400620.584,6187992.080,152.222,2752.616
400619.619,6187992.340,152.235,2753.615
400618.654,6187992.600,152.247,2754.615
400617.689,6187992.860,152.260,2755.615
400616.724,6187993.120,152.273,2756.615
400615.758,6187993.380,152.286,2757.615
400614.793,6187993.640,152.299,2758.615
400613.828,6187993.910,152.311,2759.615
400612.863,6187994.170,152.324,2760.614
400611.898,6187994.430,152.337,2761.614
400610.933,6187994.690,152.349,2762.614
400609.967,6187994.950,152.362,2763.614
400609.002,6187995.210,152.374,2764.614
400608.037,6187995.470,152.386,2765.614
400607.071,6187995.730,152.399,2766.614
400606.106,6187995.990,152.411,2767.613
400605.141,6187996.250,152.423,2768.613
400604.176,6187996.510,152.436,2769.613
400603.210,6187996.770,152.448,2770.613
400602.245,6187997.030,152.460,2771.613
400601.280,6187997.300,152.472,2772.613
400600.314,6187997.560,152.484,2773.613
400599.349,6187997.820,152.496,2774.612
400598.384,6187998.080,152.508,2775.612
400597.419,6187998.340,152.520,2776.612
400596.453,6187998.600,152.532,2777.612
400595.488,6187998.860,152.544,2778.612
400594.523,6187999.120,152.556,2779.612
400593.557,6187999.380,152.568,2780.612
400592.592,6187999.640,152.579,2781.611
400591.627,6187999.900,152.591,2782.611
400590.662,6188000.160,152.602,2783.611
400589.697,6188000.430,152.614,2784.611
400588.732,6188000.690,152.625,2785.611
400587.767,6188000.950,152.637,2786.611
400586.801,6188001.210,152.649,2787.611
400585.836,6188001.470,152.660,2788.610
400584.871,6188001.730,152.672,2789.610
400583.906,6188001.990,152.683,2790.610
400582.941,6188002.250,152.694,2791.610
400581.976,6188002.510,152.706,2792.610
400581.011,6188002.780,152.717,2793.610
400580.045,6188003.040,152.728,2794.610
400579.080,6188003.300,152.740,2795.610
400578.115,6188003.560,152.751,2796.609
400577.150,6188003.820,152.762,2797.609
400576.185,6188004.080,152.773,2798.609
400575.220,6188004.340,152.785,2799.609
400574.255,6188004.600,152.815,2800.609
400573.289,6188004.860,152.845,2801.609
400572.324,6188005.130,152.875,2802.609
400571.359,6188005.390,152.905,2803.608
400570.394,6188005.650,152.934,2804.608
400569.428,6188005.910,152.935,2805.608
400568.463,6188006.170,152.922,2806.608
400567.497,6188006.430,152.909,2807.608
400566.532,6188006.690,152.896,2808.608
400565.567,6188006.950,152.896,2809.608
400564.602,6188007.210,152.906,2810.607
400563.637,6188007.470,152.917,2811.607
400562.672,6188007.730,152.928,2812.607
400561.707,6188008.000,152.939,2813.607
400560.742,6188008.260,152.950,2814.607
400559.777,6188008.520,152.961,2815.607
400558.812,6188008.780,152.972,2816.607
400557.847,6188009.040,152.983,2817.606
400556.882,6188009.310,152.994,2818.606
400555.917,6188009.570,153.005,2819.606
400554.951,6188009.830,153.016,2820.606
400553.986,6188010.090,153.027,2821.606
400553.020,6188010.350,153.039,2822.606
400552.055,6188010.610,153.050,2823.606
400551.090,6188010.870,153.061,2824.605
400550.124,6188011.130,153.072,2825.605
400549.159,6188011.390,153.083,2826.605
400548.194,6188011.650,153.094,2827.605
400547.228,6188011.910,153.105,2828.605
400546.263,6188012.170,153.116,2829.605
400545.297,6188012.430,153.127,2830.605
400544.332,6188012.690,153.138,2831.605
400543.366,6188012.950,153.149,2832.604
400542.401,6188013.210,153.161,2833.604
400541.435,6188013.470,153.172,2834.604
400540.470,6188013.730,153.183,2835.604
400539.504,6188013.990,153.194,2836.604
400538.539,6188014.250,153.205,2837.604
400537.575,6188014.510,153.217,2838.604
400536.610,6188014.780,153.228,2839.603
400535.646,6188015.040,153.239,2840.603
400534.681,6188015.300,153.251,2841.603
400533.717,6188015.570,153.262,2842.603
400532.753,6188015.830,153.274,2843.603
400531.788,6188016.100,153.285,2844.603
400530.824,6188016.360,153.297,2845.603
400529.860,6188016.630,153.308,2846.602
400528.896,6188016.890,153.320,2847.602
400527.932,6188017.160,153.332,2848.602
400526.968,6188017.420,153.343,2849.602
400526.004,6188017.690,153.355,2850.602
400525.040,6188017.950,153.366,2851.602
400524.075,6188018.210,153.378,2852.602
400523.110,6188018.480,153.390,2853.601
400522.145,6188018.740,153.402,2854.601
400521.180,6188019.000,153.414,2855.601
400520.215,6188019.260,153.425,2856.601
400519.250,6188019.520,153.437,2857.601
400518.285,6188019.780,153.449,2858.601
400517.320,6188020.050,153.461,2859.601
400516.355,6188020.310,153.473,2860.600
400515.390,6188020.570,153.484,2861.600
400514.425,6188020.830,153.496,2862.600
400513.460,6188021.090,153.508,2863.600
400512.495,6188021.360,153.520,2864.600
400511.531,6188021.620,153.532,2865.600
400510.566,6188021.880,153.544,2866.600
400509.601,6188022.140,153.556,2867.600
400508.636,6188022.410,153.568,2868.599
400507.671,6188022.670,153.580,2869.599
400506.707,6188022.930,153.591,2870.599
400505.742,6188023.190,153.603,2871.599
400504.777,6188023.460,153.615,2872.599
400503.813,6188023.720,153.627,2873.599
400502.848,6188023.980,153.639,2874.599
400501.883,6188024.250,153.651,2875.598
400500.918,6188024.510,153.663,2876.598
400499.954,6188024.770,153.675,2877.598
400498.989,6188025.030,153.687,2878.598
400498.024,6188025.300,153.699,2879.598
400497.060,6188025.560,153.711,2880.598
400496.095,6188025.820,153.723,2881.598
400495.131,6188026.090,153.735,2882.597
400494.166,6188026.350,153.746,2883.597
400493.202,6188026.610,153.758,2884.597
400492.237,6188026.880,153.770,2885.597
400491.272,6188027.140,153.782,2886.597
400490.308,6188027.400,153.794,2887.597
400489.343,6188027.670,153.806,2888.597
400488.379,6188027.930,153.818,2889.596
400487.414,6188028.190,153.830,2890.596
400486.449,6188028.460,153.842,2891.596
400485.485,6188028.720,153.854,2892.596
400484.520,6188028.980,153.866,2893.596
400483.555,6188029.240,153.878,2894.596
400482.590,6188029.510,153.890,2895.596
400481.626,6188029.770,153.902,2896.595
400480.661,6188030.030,153.914,2897.595
400479.696,6188030.300,153.926,2898.595
400478.731,6188030.560,153.938,2899.595
400477.767,6188030.820,153.949,2900.595
400476.802,6188031.080,153.961,2901.595
400475.837,6188031.340,153.973,2902.595
400474.872,6188031.610,153.985,2903.594
400473.907,6188031.870,153.997,2904.594
400472.942,6188032.130,154.009,2905.594
400471.977,6188032.390,154.021,2906.594
400471.012,6188032.660,154.033,2907.594
400470.048,6188032.920,154.045,2908.594
400469.083,6188033.180,154.057,2909.594
400468.118,6188033.440,154.069,2910.594
400467.153,6188033.700,154.081,2911.593
400466.188,6188033.960,154.093,2912.593
400465.222,6188034.230,154.105,2913.593
400464.257,6188034.490,154.117,2914.593
400463.292,6188034.750,154.129,2915.593
400462.327,6188035.010,154.141,2916.593
400461.362,6188035.270,154.153,2917.593
400460.397,6188035.530,154.165,2918.592
400459.432,6188035.800,154.177,2919.592
400458.468,6188036.060,154.189,2920.592
400457.503,6188036.320,154.201,2921.592
400456.538,6188036.580,154.213,2922.592
400455.573,6188036.840,154.225,2923.592
400454.608,6188037.110,154.237,2924.592
400453.643,6188037.370,154.249,2925.591
400452.678,6188037.630,154.261,2926.591
400451.713,6188037.890,154.273,2927.591
400450.748,6188038.150,154.286,2928.591
400449.783,6188038.410,154.298,2929.591
400448.818,6188038.680,154.310,2930.591
400447.853,6188038.940,154.322,2931.591
400446.888,6188039.200,154.334,2932.590
400445.922,6188039.460,154.346,2933.590
400444.957,6188039.720,154.358,2934.590
400443.992,6188039.980,154.370,2935.590
400443.027,6188040.240,154.383,2936.590
400442.062,6188040.500,154.395,2937.590
400441.096,6188040.760,154.407,2938.590
400440.131,6188041.020,154.419,2939.589
400439.165,6188041.280,154.432,2940.589
400438.200,6188041.540,154.444,2941.589
400437.234,6188041.800,154.456,2942.589
400436.268,6188042.060,154.469,2943.589
400435.303,6188042.320,154.481,2944.589
400434.337,6188042.580,154.493,2945.589
400433.372,6188042.840,154.505,2946.589
400432.406,6188043.100,154.518,2947.588
400431.441,6188043.360,154.531,2948.588
400430.475,6188043.620,154.543,2949.588
400429.509,6188043.880,154.556,2950.588
400428.544,6188044.140,154.568,2951.588
400427.578,6188044.400,154.581,2952.588
400426.613,6188044.660,154.593,2953.588
400425.647,6188044.920,154.606,2954.587
400424.681,6188045.180,154.619,2955.587
400423.716,6188045.440,154.631,2956.587
400422.750,6188045.700,154.644,2957.587
400421.785,6188045.960,154.657,2958.587
400420.819,6188046.220,154.670,2959.587
400419.854,6188046.480,154.683,2960.587
400418.888,6188046.740,154.696,2961.586
400417.923,6188047.000,154.709,2962.586
400416.957,6188047.260,154.722,2963.586
400415.992,6188047.510,154.735,2964.586
400415.026,6188047.770,154.748,2965.586
400414.062,6188048.040,154.762,2966.586
400413.097,6188048.300,154.776,2967.586
400412.133,6188048.570,154.789,2968.585
400411.168,6188048.830,154.803,2969.585
400410.204,6188049.090,154.816,2970.585
400409.239,6188049.360,154.830,2971.585
400408.275,6188049.620,154.844,2972.585
400407.310,6188049.880,154.857,2973.585
400406.346,6188050.150,154.871,2974.585
400405.381,6188050.410,154.885,2975.584
400404.416,6188050.670,154.899,2976.584
400403.451,6188050.930,154.913,2977.584
400402.486,6188051.200,154.928,2978.584
400401.521,6188051.460,154.942,2979.584
400400.557,6188051.720,154.956,2980.584
400399.592,6188051.980,154.971,2981.584
400398.627,6188052.240,154.985,2982.584
400397.662,6188052.510,154.999,2983.583
400396.697,6188052.770,155.013,2984.583
400395.733,6188053.040,155.029,2985.583
400394.770,6188053.300,155.044,2986.583
400393.806,6188053.570,155.059,2987.583
400392.840,6188053.830,155.074,2988.583
400391.874,6188054.090,155.089,2989.583
400390.908,6188054.340,155.104,2990.582
400389.942,6188054.600,155.119,2991.582
400388.977,6188054.860,155.134,2992.582
400388.010,6188055.120,155.149,2993.582
400387.042,6188055.370,155.164,2994.582
400386.073,6188055.610,155.180,2995.582
400385.099,6188055.840,155.195,2996.582
400384.124,6188056.060,155.211,2997.581
400383.145,6188056.270,155.226,2998.581
400382.162,6188056.450,155.242,2999.581
400381.177,6188056.620,155.258,3000.581
400380.188,6188056.760,155.273,3001.581
400379.196,6188056.890,155.289,3002.580
400378.202,6188057.000,155.305,3003.580
400377.206,6188057.080,155.321,3004.580
400376.208,6188057.150,155.337,3005.580
400375.209,6188057.190,155.353,3006.580
400374.210,6188057.220,155.369,3007.580
400373.210,6188057.220,155.385,3008.579
400372.210,6188057.210,155.401,3009.579
400371.211,6188057.180,155.417,3010.579
400370.212,6188057.130,155.433,3011.579
400369.215,6188057.060,155.449,3012.579
400368.218,6188056.980,155.465,3013.579
400367.223,6188056.880,155.481,3014.578
400366.230,6188056.770,155.497,3015.578
400365.238,6188056.640,155.513,3016.578
400364.249,6188056.490,155.529,3017.578
400363.262,6188056.330,155.545,3018.578
400362.280,6188056.150,155.561,3019.577
400361.301,6188055.950,155.578,3020.577
400360.327,6188055.720,155.594,3021.577
400359.360,6188055.460,155.610,3022.577
400358.401,6188055.180,155.626,3023.577
400357.450,6188054.870,155.642,3024.576
400356.510,6188054.530,155.658,3025.576
400355.582,6188054.160,155.674,3026.576
400354.666,6188053.760,155.691,3027.575
400353.763,6188053.330,155.707,3028.575
400352.873,6188052.880,155.723,3029.575
400351.996,6188052.400,155.739,3030.575
400351.131,6188051.900,155.756,3031.575
400350.274,6188051.380,155.772,3032.574
400349.429,6188050.850,155.788,3033.574
400348.589,6188050.300,155.804,3034.574
400347.754,6188049.750,155.821,3035.574
400346.928,6188049.190,155.837,3036.574
400346.102,6188048.630,155.854,3037.574
400345.287,6188048.050,155.870,3038.574
400344.471,6188047.470,155.887,3039.573
400343.666,6188046.880,155.903,3040.573
400342.867,6188046.280,155.920,3041.573
400342.073,6188045.670,155.937,3042.573
400341.294,6188045.040,155.953,3043.573
400340.524,6188044.400,155.970,3044.573
400339.762,6188043.760,155.987,3045.572
400339.019,6188043.090,156.004,3046.572
400338.285,6188042.410,156.021,3047.572
400337.562,6188041.720,156.039,3048.572
400336.859,6188041.010,156.056,3049.572
400336.167,6188040.290,156.073,3050.572
400335.485,6188039.550,156.091,3051.571
400334.825,6188038.800,156.108,3052.571
400334.176,6188038.040,156.126,3053.571
400333.537,6188037.270,156.144,3054.571
400332.921,6188036.490,156.162,3055.571
400332.316,6188035.690,156.180,3056.570
400331.722,6188034.890,156.199,3057.570
400331.152,6188034.060,156.217,3058.570
400330.594,6188033.230,156.236,3059.570
400330.048,6188032.400,156.254,3060.570
400329.527,6188031.540,156.273,3061.570
400329.018,6188030.680,156.293,3062.569
400328.521,6188029.820,156.312,3063.569
400328.048,6188028.930,156.331,3064.569
400327.581,6188028.050,156.355,3065.569
400327.119,6188027.160,156.383,3066.569
400326.682,6188026.270,156.401,3067.568
400326.279,6188025.350,156.415,3068.568
400325.875,6188024.440,156.432,3069.568
400325.477,6188023.520,156.453,3070.568
400325.080,6188022.600,156.473,3071.568
400324.688,6188021.680,156.495,3072.567
400324.301,6188020.760,156.517,3073.567
400323.914,6188019.840,156.539,3074.567
400323.527,6188018.920,156.562,3075.567
400323.140,6188017.990,156.584,3076.567
400322.754,6188017.070,156.606,3077.567
400322.367,6188016.150,156.628,3078.567
400321.980,6188015.230,156.651,3079.566
400321.593,6188014.310,156.673,3080.566
400321.206,6188013.380,156.695,3081.566
400320.819,6188012.460,156.720,3082.566
400320.431,6188011.540,156.744,3083.566
400320.043,6188010.620,156.769,3084.566
400319.656,6188009.700,156.793,3085.566
400319.268,6188008.770,156.818,3086.565
400318.880,6188007.850,156.842,3087.565
400318.493,6188006.930,156.867,3088.565
400318.105,6188006.010,156.891,3089.565
400317.717,6188005.090,156.916,3090.565
400317.331,6188004.170,156.941,3091.565
400316.945,6188003.240,156.968,3092.565
400316.560,6188002.320,156.994,3093.564
400316.174,6188001.400,157.021,3094.564
400315.788,6188000.480,157.047,3095.564
400315.403,6187999.550,157.074,3096.564
400315.017,6187998.630,157.100,3097.564
400314.634,6187997.710,157.128,3098.564
400314.254,6187996.780,157.156,3099.564
400313.874,6187995.860,157.184,3100.563
400313.493,6187994.930,157.212,3101.563
400313.113,6187994.010,157.240,3102.563
400312.732,6187993.080,157.268,3103.563
400312.352,6187992.160,157.296,3104.563
400311.974,6187991.230,157.325,3105.563
400311.597,6187990.310,157.355,3106.563
400311.219,6187989.380,157.385,3107.562
400310.841,6187988.460,157.414,3108.562
400310.463,6187987.530,157.444,3109.562
400310.086,6187986.600,157.474,3110.562
400309.708,6187985.680,157.504,3111.562
400309.330,6187984.750,157.533,3112.562
400308.952,6187983.830,157.563,3113.562
400308.575,6187982.900,157.594,3114.562
400308.197,6187981.980,157.625,3115.561
400307.819,6187981.050,157.656,3116.561
400307.441,6187980.120,157.688,3117.561
400307.063,6187979.200,157.719,3118.561
400306.685,6187978.270,157.751,3119.561
400306.307,6187977.350,157.782,3120.561
400305.929,6187976.420,157.814,3121.561
400305.552,6187975.500,157.845,3122.560
400305.174,6187974.570,157.877,3123.560
400304.796,6187973.640,157.910,3124.560
400304.419,6187972.720,157.943,3125.560
400304.041,6187971.790,157.976,3126.560
400303.664,6187970.870,158.009,3127.560
400303.286,6187969.940,158.042,3128.560
400302.909,6187969.020,158.075,3129.559
400302.531,6187968.090,158.108,3130.559
400302.154,6187967.160,158.141,3131.559
400301.776,6187966.240,158.174,3132.559
400301.399,6187965.310,158.207,3133.559
400301.021,6187964.390,158.242,3134.559
400300.643,6187963.460,158.276,3135.559
400300.265,6187962.530,158.310,3136.558
400299.887,6187961.610,158.345,3137.558
400299.509,6187960.680,158.379,3138.558
400299.131,6187959.760,158.413,3139.558
400298.753,6187958.830,158.448,3140.558
400298.375,6187957.910,158.482,3141.558
400297.997,6187956.980,158.516,3142.558
400297.621,6187956.050,158.552,3143.557
400297.244,6187955.130,158.587,3144.557
400296.867,6187954.200,158.623,3145.557
400296.491,6187953.280,158.658,3146.557
400296.114,6187952.350,158.693,3147.557
400295.737,6187951.420,158.729,3148.557
400295.360,6187950.500,158.764,3149.557
400294.984,6187949.570,158.800,3150.557
400294.607,6187948.650,158.835,3151.556
400294.230,6187947.720,158.871,3152.556
400293.852,6187946.790,158.908,3153.556
400293.474,6187945.870,158.944,3154.556
400293.096,6187944.940,158.981,3155.556
400292.718,6187944.020,159.017,3156.556
400292.340,6187943.090,159.053,3157.556
400291.962,6187942.170,159.090,3158.555
400291.584,6187941.240,159.126,3159.555
400291.206,6187940.310,159.163,3160.555
400290.828,6187939.390,159.199,3161.555
400290.451,6187938.460,159.237,3162.555
400290.074,6187937.540,159.274,3163.555
400289.698,6187936.610,159.311,3164.555
400289.321,6187935.680,159.348,3165.554
400288.944,6187934.760,159.386,3166.554
400288.567,6187933.830,159.423,3167.554
400288.190,6187932.910,159.460,3168.554
400287.813,6187931.980,159.497,3169.554
400287.437,6187931.050,159.535,3170.554
400287.059,6187930.130,159.572,3171.554
400286.682,6187929.200,159.610,3172.553
400286.304,6187928.280,159.648,3173.553
400285.926,6187927.350,159.686,3174.553
400285.549,6187926.420,159.724,3175.553
400285.171,6187925.500,159.762,3176.553
400284.793,6187924.570,159.800,3177.553
400284.416,6187923.650,159.838,3178.553
400284.038,6187922.720,159.876,3179.552
400283.660,6187921.790,159.914,3180.552
400283.283,6187920.870,159.953,3181.552
400282.907,6187919.940,159.992,3182.552
400282.530,6187919.020,160.030,3183.552
400282.153,6187918.090,160.069,3184.552
400281.776,6187917.160,160.107,3185.552
400281.399,6187916.240,160.146,3186.552
400281.023,6187915.310,160.185,3187.551
400280.646,6187914.390,160.223,3188.551
400280.269,6187913.460,160.262,3189.551
400279.892,6187912.530,160.301,3190.551
400279.515,6187911.610,160.340,3191.551
400279.138,6187910.680,160.379,3192.551
400278.762,6187909.760,160.418,3193.551
400278.385,6187908.830,160.457,3194.550
400278.008,6187907.900,160.496,3195.550
400277.631,6187906.980,160.535,3196.550
400277.254,6187906.050,160.574,3197.550
400276.878,6187905.120,160.613,3198.550
400276.501,6187904.200,160.653,3199.550
400276.123,6187903.270,160.692,3200.550
400275.745,6187902.350,160.731,3201.549
400275.367,6187901.420,160.771,3202.549
400274.988,6187900.500,160.810,3203.549
400274.610,6187899.570,160.850,3204.549
400274.232,6187898.640,160.889,3205.549
400273.854,6187897.720,160.929,3206.549
400273.476,6187896.790,160.968,3207.549
400273.098,6187895.870,161.008,3208.548
400272.720,6187894.940,161.047,3209.548
400272.343,6187894.020,161.087,3210.548
400271.967,6187893.090,161.127,3211.548
400271.590,6187892.160,161.166,3212.548
400271.213,6187891.240,161.206,3213.548
400270.836,6187890.310,161.246,3214.548
400270.459,6187889.390,161.285,3215.547
400270.082,6187888.460,161.325,3216.547
400269.705,6187887.530,161.365,3217.547
400269.328,6187886.610,161.404,3218.547
400268.951,6187885.680,161.444,3219.547
400268.573,6187884.760,161.484,3220.547
400268.196,6187883.830,161.523,3221.547
400267.819,6187882.900,161.563,3222.546
400267.441,6187881.980,161.603,3223.546
400267.064,6187881.050,161.643,3224.546
400266.687,6187880.130,161.682,3225.546
400266.309,6187879.200,161.722,3226.546
400265.932,6187878.270,161.762,3227.546
400265.555,6187877.350,161.802,3228.546
400265.177,6187876.420,161.841,3229.546
400264.800,6187875.500,161.881,3230.545
400264.422,6187874.570,161.921,3231.545
400264.045,6187873.640,161.960,3232.545
400263.667,6187872.720,162.000,3233.545
400263.290,6187871.790,162.040,3234.545
400262.912,6187870.870,162.079,3235.545
400262.535,6187869.940,162.119,3236.545
400262.158,6187869.010,162.158,3237.544
400261.780,6187868.090,162.198,3238.544
400261.403,6187867.160,162.237,3239.544
400261.025,6187866.240,162.277,3240.544
400260.648,6187865.310,162.316,3241.544
400260.270,6187864.390,162.355,3242.544
400259.893,6187863.460,162.395,3243.544
400259.516,6187862.530,162.434,3244.543
400259.138,6187861.610,162.473,3245.543
400258.761,6187860.680,162.513,3246.543
400258.383,6187859.760,162.552,3247.543
400258.004,6187858.830,162.591,3248.543
400257.625,6187857.910,162.630,3249.543
400257.246,6187856.980,162.669,3250.543
400256.867,6187856.060,162.708,3251.542
400256.488,6187855.130,162.747,3252.542
400256.109,6187854.200,162.786,3253.542
400255.730,6187853.280,162.824,3254.542
400255.351,6187852.350,162.863,3255.542
400254.972,6187851.430,162.902,3256.542
400254.592,6187850.500,162.941,3257.542
400254.213,6187849.580,162.979,3258.541
400253.834,6187848.650,163.017,3259.541
400253.454,6187847.730,163.056,3260.541
400253.075,6187846.800,163.094,3261.541
400252.695,6187845.880,163.132,3262.541
400252.316,6187844.950,163.170,3263.541
400251.937,6187844.030,163.209,3264.541
400251.557,6187843.100,163.247,3265.541
400251.178,6187842.180,163.285,3266.540
400250.798,6187841.250,163.322,3267.540
400250.418,6187840.330,163.360,3268.540
400250.039,6187839.400,163.397,3269.540
400249.659,6187838.480,163.435,3270.540
400249.279,6187837.550,163.473,3271.540
400248.900,6187836.630,163.510,3272.540
400248.520,6187835.700,163.548,3273.539
400248.140,6187834.780,163.585,3274.539
400247.761,6187833.850,163.623,3275.539
400247.382,6187832.930,163.659,3276.539
400247.004,6187832.000,163.696,3277.539
400246.626,6187831.080,163.732,3278.539
400246.247,6187830.150,163.769,3279.539
400245.869,6187829.230,163.805,3280.538
400245.491,6187828.300,163.842,3281.538
400245.113,6187827.370,163.879,3282.538
400244.734,6187826.450,163.915,3283.538
400244.356,6187825.520,163.952,3284.538
400243.978,6187824.600,163.988,3285.538
400243.599,6187823.670,164.023,3286.538
400243.221,6187822.750,164.059,3287.537
400242.842,6187821.820,164.094,3288.537
400242.464,6187820.900,164.130,3289.537
400242.085,6187819.970,164.165,3290.537
400241.707,6187819.050,164.201,3291.537
400241.328,6187818.120,164.236,3292.537
400240.950,6187817.190,164.272,3293.537
400240.571,6187816.270,164.307,3294.536
400240.190,6187815.340,164.342,3295.536
400239.809,6187814.420,164.376,3296.536
400239.428,6187813.500,164.411,3297.536
400239.047,6187812.570,164.445,3298.536
400238.666,6187811.650,164.479,3299.536
400238.285,6187810.720,164.514,3300.536
400237.904,6187809.800,164.548,3301.535
400237.523,6187808.870,164.582,3302.535
400237.142,6187807.950,164.617,3303.535
400236.761,6187807.020,164.650,3304.535
400236.381,6187806.100,164.683,3305.535
400236.001,6187805.180,164.717,3306.535
400235.621,6187804.250,164.750,3307.535
400235.240,6187803.330,164.783,3308.535
400234.860,6187802.400,164.816,3309.534
400234.480,6187801.480,164.849,3310.534
400234.100,6187800.550,164.882,3311.534
400233.720,6187799.630,164.915,3312.534
400233.339,6187798.700,164.948,3313.534
400232.960,6187797.780,164.980,3314.534
400232.581,6187796.850,165.012,3315.534
400232.202,6187795.930,165.044,3316.533
400231.823,6187795.000,165.076,3317.533
400231.444,6187794.080,165.107,3318.533
400231.065,6187793.150,165.139,3319.533
400230.686,6187792.230,165.171,3320.533
400230.307,6187791.300,165.203,3321.533
400229.928,6187790.380,165.235,3322.533
400229.547,6187789.450,165.266,3323.532
400229.164,6187788.530,165.296,3324.532
400228.780,6187787.600,165.327,3325.532
400228.397,6187786.680,165.358,3326.532
400228.014,6187785.760,165.388,3327.532
400227.631,6187784.830,165.419,3328.532
400227.247,6187783.910,165.449,3329.532
400226.864,6187782.990,165.480,3330.531
400226.481,6187782.060,165.510,3331.531
400226.099,6187781.140,165.540,3332.531
400225.716,6187780.210,165.569,3333.531
400225.334,6187779.290,165.598,3334.531
400224.951,6187778.370,165.627,3335.531
400224.569,6187777.440,165.657,3336.531
400224.187,6187776.520,165.686,3337.530
400223.804,6187775.600,165.715,3338.530
400223.422,6187774.670,165.744,3339.530
400223.039,6187773.750,165.774,3340.530
400222.657,6187772.820,165.802,3341.530
400222.275,6187771.900,165.830,3342.530
400221.892,6187770.980,165.858,3343.530
400221.510,6187770.050,165.886,3344.530
400221.128,6187769.130,165.914,3345.529
400220.745,6187768.200,165.942,3346.529
400220.363,6187767.280,165.969,3347.529
400219.981,6187766.360,165.997,3348.529
400219.598,6187765.430,166.025,3349.529
400219.216,6187764.510,166.053,3350.529
400218.834,6187763.590,166.080,3351.529
400218.453,6187762.660,166.106,3352.528
400218.071,6187761.740,166.133,3353.528
400217.689,6187760.810,166.159,3354.528
400217.308,6187759.890,166.186,3355.528
400216.926,6187758.960,166.212,3356.528
400216.544,6187758.040,166.239,3357.528
400216.162,6187757.120,166.265,3358.528
400215.781,6187756.190,166.292,3359.527
400215.399,6187755.270,166.318,3360.527
400215.016,6187754.340,166.343,3361.527
400214.633,6187753.420,166.368,3362.527
400214.250,6187752.500,166.393,3363.527
400213.867,6187751.570,166.418,3364.527
400213.484,6187750.650,166.443,3365.527
400213.101,6187749.730,166.468,3366.526
400212.718,6187748.800,166.494,3367.526
400212.335,6187747.880,166.519,3368.526
400211.952,6187746.960,166.544,3369.526
400211.570,6187746.030,166.568,3370.526
400211.187,6187745.110,166.591,3371.526
400210.804,6187744.180,166.615,3372.526
400210.421,6187743.260,166.639,3373.525
400210.039,6187742.340,166.663,3374.525
400209.656,6187741.410,166.686,3375.525
400209.273,6187740.490,166.710,3376.525
400208.890,6187739.570,166.734,3377.525
400208.508,6187738.640,166.758,3378.525
400208.125,6187737.720,166.781,3379.525
400207.742,6187736.790,166.803,3380.524
400207.358,6187735.870,166.825,3381.524
400206.975,6187734.950,166.848,3382.524
400206.592,6187734.020,166.870,3383.524
400206.209,6187733.100,166.892,3384.524
400205.826,6187732.180,166.915,3385.524
400205.443,6187731.250,166.937,3386.524
400205.060,6187730.330,166.959,3387.524
400204.676,6187729.410,166.982,3388.523
400204.293,6187728.480,167.003,3389.523
400203.909,6187727.560,167.023,3390.523
400203.525,6187726.640,167.044,3391.523
400203.141,6187725.710,167.065,3392.523
400202.758,6187724.790,167.086,3393.523
400202.374,6187723.870,167.107,3394.523
400201.990,6187722.940,167.128,3395.522
400201.606,6187722.020,167.148,3396.522
400201.222,6187721.100,167.169,3397.522
400200.839,6187720.170,167.189,3398.522
400200.455,6187719.250,167.209,3399.522
400200.070,6187718.330,167.228,3400.522
400199.686,6187717.400,167.247,3401.522
400199.302,6187716.480,167.266,3402.521
400198.918,6187715.560,167.286,3403.521
400198.534,6187714.630,167.305,3404.521
400198.150,6187713.710,167.324,3405.521
400197.766,6187712.790,167.344,3406.521
400197.382,6187711.870,167.363,3407.521
400196.999,6187710.940,167.381,3408.521
400196.616,6187710.020,167.398,3409.520
400196.232,6187709.090,167.416,3410.520
400195.849,6187708.170,167.434,3411.520
400195.466,6187707.250,167.451,3412.520
400195.083,6187706.320,167.469,3413.520
400194.699,6187705.400,167.487,3414.520
400194.316,6187704.480,167.504,3415.520
400193.933,6187703.550,167.522,3416.519
400193.549,6187702.630,167.539,3417.519
400193.164,6187701.710,167.555,3418.519
400192.780,6187700.780,167.571,3419.519
400192.395,6187699.860,167.587,3420.519
400192.011,6187698.940,167.603,3421.519
400191.626,6187698.020,167.619,3422.519
400191.242,6187697.090,167.635,3423.519
400190.857,6187696.170,167.650,3424.518
400190.473,6187695.250,167.666,3425.518
400190.088,6187694.320,167.682,3426.518
400189.704,6187693.400,167.697,3427.518
400189.320,6187692.480,167.711,3428.518
400188.935,6187691.550,167.725,3429.518
400188.551,6187690.630,167.740,3430.518
400188.167,6187689.710,167.754,3431.517
400187.782,6187688.790,167.768,3432.517
400187.398,6187687.860,167.782,3433.517
400187.014,6187686.940,167.797,3434.517
400186.629,6187686.020,167.811,3435.517
400186.245,6187685.090,167.824,3436.517
400185.860,6187684.170,167.837,3437.517
400185.475,6187683.250,167.850,3438.516
400185.090,6187682.330,167.862,3439.516
400184.705,6187681.400,167.875,3440.516
400184.321,6187680.480,167.887,3441.516
400183.936,6187679.560,167.900,3442.516
400183.551,6187678.630,167.912,3443.516
400183.166,6187677.710,167.925,3444.516
400182.781,6187676.790,167.938,3445.515
400182.399,6187675.860,167.949,3446.515
400182.016,6187674.940,167.960,3447.515
400181.633,6187674.020,167.971,3448.515
400181.250,6187673.090,167.982,3449.515
400180.868,6187672.170,167.992,3450.515
400180.485,6187671.250,168.003,3451.515
400180.102,6187670.320,168.014,3452.514
400179.719,6187669.400,168.025,3453.514
400179.337,6187668.470,168.036,3454.514
400178.954,6187667.550,168.047,3455.514
400178.572,6187666.630,168.056,3456.514
400178.190,6187665.700,168.066,3457.514
400177.808,6187664.780,168.075,3458.514
400177.425,6187663.860,168.085,3459.514
400177.043,6187662.930,168.094,3460.513
400176.661,6187662.010,168.103,3461.513
400176.279,6187661.080,168.113,3462.513
400175.897,6187660.160,168.122,3463.513
400175.515,6187659.240,168.132,3464.513
400175.132,6187658.310,168.140,3465.513
400174.749,6187657.390,168.148,3466.513
400174.366,6187656.460,168.156,3467.512
400173.983,6187655.540,168.164,3468.512
400173.600,6187654.620,168.173,3469.512
400173.217,6187653.690,168.181,3470.512
400172.834,6187652.770,168.189,3471.512
400172.451,6187651.850,168.197,3472.512
400172.068,6187650.920,168.205,3473.512
400171.685,6187650.000,168.213,3474.511
400171.300,6187649.080,168.220,3475.511
400170.916,6187648.150,168.227,3476.511
400170.532,6187647.230,168.233,3477.511
400170.147,6187646.310,168.240,3478.511
400169.763,6187645.380,168.247,3479.511
400169.379,6187644.460,168.254,3480.511
400168.994,6187643.540,168.261,3481.510
400168.610,6187642.620,168.268,3482.510
400168.226,6187641.690,168.275,3483.510
400167.842,6187640.770,168.281,3484.510
400167.459,6187639.850,168.287,3485.510
400167.075,6187638.920,168.293,3486.510
400166.692,6187638.000,168.299,3487.510
400166.308,6187637.080,168.305,3488.509
400165.925,6187636.150,168.311,3489.509
400165.541,6187635.230,168.317,3490.509
400165.158,6187634.300,168.323,3491.509
400164.775,6187633.380,168.329,3492.509
400164.390,6187632.460,168.335,3493.509
400164.006,6187631.540,168.340,3494.509
400163.621,6187630.610,168.345,3495.508
400163.236,6187629.690,168.351,3496.508
400162.851,6187628.770,168.356,3497.508
400162.466,6187627.840,168.361,3498.508
400162.081,6187626.920,168.366,3499.508
400161.696,6187626.000,168.372,3500.508
400161.311,6187625.080,168.377,3501.508
400160.926,6187624.150,168.382,3502.508
400160.537,6187623.230,168.387,3503.507
400160.148,6187622.310,168.392,3504.507
400159.759,6187621.390,168.396,3505.507
400159.370,6187620.470,168.401,3506.507
400158.980,6187619.550,168.406,3507.507
400158.591,6187618.630,168.411,3508.507
400158.201,6187617.710,168.415,3509.507
400157.810,6187616.790,168.420,3510.506
400157.419,6187615.870,168.425,3511.506
400157.028,6187614.950,168.429,3512.506
400156.637,6187614.030,168.434,3513.506
400156.246,6187613.110,168.438,3514.506
400155.854,6187612.190,168.443,3515.506
400155.469,6187611.260,168.447,3516.506
400155.083,6187610.340,168.452,3517.505
400154.697,6187609.420,168.456,3518.505
400154.312,6187608.500,168.460,3519.505
400153.926,6187607.570,168.465,3520.505
400153.541,6187606.650,168.469,3521.505
400153.155,6187605.730,168.473,3522.505
400152.771,6187604.800,168.478,3523.505
400152.387,6187603.880,168.482,3524.504
400152.003,6187602.960,168.486,3525.504
400151.618,6187602.040,168.490,3526.504
400151.234,6187601.110,168.495,3527.504
400150.850,6187600.190,168.499,3528.504
400150.466,6187599.270,168.503,3529.504
400150.082,6187598.340,168.507,3530.504
400149.697,6187597.420,168.512,3531.503
400149.312,6187596.500,168.516,3532.503
400148.926,6187595.570,168.520,3533.503
400148.540,6187594.650,168.524,3534.503
400148.154,6187593.730,168.529,3535.503
400147.767,6187592.810,168.533,3536.503
400147.381,6187591.890,168.537,3537.503
400146.995,6187590.960,168.541,3538.503
400146.609,6187590.040,168.545,3539.502
400146.222,6187589.120,168.550,3540.502
400145.836,6187588.200,168.554,3541.502
400145.450,6187587.270,168.558,3542.502
400145.064,6187586.350,168.562,3543.502
400144.677,6187585.430,168.566,3544.502
400144.291,6187584.510,168.571,3545.502
400143.905,6187583.590,168.575,3546.501
400143.519,6187582.660,168.579,3547.501
400143.132,6187581.740,168.583,3548.501
400142.746,6187580.820,168.588,3549.501
400142.360,6187579.900,168.592,3550.501
400141.974,6187578.970,168.596,3551.501
400141.588,6187578.050,168.600,3552.501
400141.202,6187577.130,168.605,3553.500
400140.816,6187576.210,168.609,3554.500
400140.430,6187575.290,168.613,3555.500
400140.044,6187574.360,168.617,3556.500
400139.658,6187573.440,168.622,3557.500
400139.272,6187572.520,168.626,3558.500
400138.886,6187571.600,168.630,3559.500
400138.500,6187570.670,168.634,3560.499
400138.114,6187569.750,168.639,3561.499
400137.728,6187568.830,168.643,3562.499
400137.342,6187567.910,168.647,3563.499
400136.956,6187566.980,168.652,3564.499
400136.570,6187566.060,168.656,3565.499
400136.184,6187565.140,168.660,3566.499
400135.798,6187564.220,168.665,3567.498
400135.412,6187563.290,168.669,3568.498
400135.026,6187562.370,168.673,3569.498
400134.640,6187561.450,168.678,3570.498
400134.254,6187560.530,168.682,3571.498
400133.868,6187559.600,168.686,3572.498
400133.482,6187558.680,168.691,3573.498
400133.097,6187557.760,168.695,3574.497
400132.711,6187556.840,168.699,3575.497
400132.325,6187555.920,168.704,3576.497
400131.939,6187554.990,168.708,3577.497
400131.553,6187554.070,168.712,3578.497
400131.167,6187553.150,168.717,3579.497
400130.781,6187552.230,168.721,3580.497
400130.396,6187551.300,168.726,3581.497
400130.010,6187550.380,168.730,3582.496
400129.625,6187549.460,168.734,3583.496
400129.239,6187548.540,168.739,3584.496
400128.854,6187547.610,168.743,3585.496
400128.468,6187546.690,168.747,3586.496
400128.083,6187545.770,168.752,3587.496
400127.697,6187544.850,168.756,3588.496
400127.312,6187543.920,168.761,3589.495
400126.926,6187543.000,168.765,3590.495
400126.540,6187542.080,168.769,3591.495
400126.154,6187541.160,168.774,3592.495
400125.768,6187540.230,168.778,3593.495
400125.382,6187539.310,168.782,3594.495
400124.996,6187538.390,168.787,3595.495
400124.610,6187537.470,168.791,3596.494
400124.224,6187536.540,168.795,3597.494
400123.838,6187535.620,168.800,3598.494
400123.452,6187534.700,168.804,3599.494
400123.067,6187533.780,168.808,3600.494
400122.681,6187532.850,168.812,3601.494
400122.296,6187531.930,168.817,3602.494
400121.910,6187531.010,168.821,3603.493
400121.525,6187530.090,168.825,3604.493
400121.139,6187529.160,168.830,3605.493
400120.754,6187528.240,168.834,3606.493
400120.369,6187527.320,168.838,3607.493
400119.984,6187526.400,168.842,3608.493
400119.599,6187525.470,168.846,3609.493
400119.215,6187524.550,168.851,3610.492
400118.830,6187523.630,168.855,3611.492
400118.446,6187522.700,168.859,3612.492
400118.062,6187521.780,168.863,3613.492
400117.677,6187520.860,168.867,3614.492
400117.293,6187519.930,168.871,3615.492
400116.909,6187519.010,168.875,3616.492
400116.524,6187518.090,168.879,3617.492
400116.139,6187517.170,168.883,3618.491
400115.754,6187516.240,168.887,3619.491
400115.369,6187515.320,168.891,3620.491
400114.983,6187514.400,168.895,3621.491
400114.598,6187513.470,168.899,3622.491
400114.213,6187512.550,168.903,3623.491
400113.828,6187511.630,168.907,3624.491
400113.442,6187510.710,168.911,3625.490
400113.057,6187509.780,168.915,3626.490
400112.672,6187508.860,168.919,3627.490
400112.286,6187507.940,168.923,3628.490
400111.900,6187507.020,168.926,3629.490
400111.514,6187506.090,168.930,3630.490
400111.128,6187505.170,168.934,3631.490
400110.743,6187504.250,168.937,3632.489
400110.357,6187503.330,168.941,3633.489
400109.971,6187502.400,168.945,3634.489
400109.585,6187501.480,168.948,3635.489
400109.200,6187500.560,168.952,3636.489
400108.816,6187499.640,168.956,3637.489
400108.433,6187498.710,168.959,3638.489
400108.050,6187497.790,168.962,3639.488
400107.666,6187496.870,168.966,3640.488
400107.283,6187495.940,168.969,3641.488
400106.900,6187495.020,168.973,3642.488
400106.517,6187494.100,168.976,3643.488
400106.133,6187493.170,168.979,3644.488
400105.750,6187492.250,168.983,3645.488
400105.368,6187491.320,168.986,3646.487
400104.986,6187490.400,168.989,3647.487
400104.604,6187489.480,168.992,3648.487
400104.222,6187488.550,168.996,3649.487
400103.841,6187487.630,168.999,3650.487
400103.459,6187486.700,169.002,3651.487
400103.077,6187485.780,169.005,3652.487
400102.696,6187484.860,169.008,3653.486
400102.314,6187483.930,169.011,3654.486
400101.924,6187483.010,169.014,3655.486
400101.534,6187482.090,169.017,3656.486
400101.144,6187481.170,169.020,3657.486
400100.749,6187480.250,169.023,3658.486
400100.348,6187479.340,169.026,3659.486
400099.946,6187478.420,169.029,3660.485
400099.533,6187477.510,169.032,3661.485
400099.118,6187476.600,169.034,3662.485
400098.698,6187475.690,169.037,3663.485
400098.270,6187474.790,169.040,3664.485
400097.836,6187473.890,169.043,3665.485
400097.395,6187472.990,169.045,3666.485
400096.947,6187472.100,169.048,3667.484
400096.492,6187471.210,169.051,3668.484
400096.032,6187470.320,169.053,3669.484
400095.563,6187469.440,169.056,3670.484
400095.089,6187468.550,169.058,3671.484
400094.608,6187467.680,169.061,3672.484
400094.121,6187466.810,169.063,3673.484
400093.626,6187465.940,169.066,3674.483
400093.126,6187465.070,169.068,3675.483
400092.618,6187464.210,169.071,3676.483
400092.104,6187463.350,169.073,3677.483
400091.582,6187462.500,169.076,3678.483
400091.055,6187461.650,169.078,3679.483
400090.520,6187460.800,169.080,3680.482
400089.979,6187459.960,169.083,3681.482
400089.430,6187459.130,169.085,3682.482
400088.876,6187458.300,169.087,3683.482
400088.313,6187457.470,169.090,3684.482
400087.745,6187456.650,169.092,3685.482
400087.168,6187455.830,169.094,3686.482
400086.586,6187455.020,169.097,3687.481
400085.996,6187454.210,169.099,3688.481
400085.400,6187453.410,169.101,3689.481
400084.797,6187452.610,169.103,3690.481
400084.188,6187451.820,169.106,3691.481
400083.572,6187451.030,169.108,3692.481
400082.951,6187450.250,169.110,3693.480
400082.323,6187449.470,169.112,3694.480
400081.690,6187448.690,169.115,3695.480
400081.051,6187447.920,169.117,3696.480
400080.408,6187447.160,169.119,3697.480
400079.758,6187446.400,169.121,3698.480
400079.108,6187445.640,169.123,3699.480
400078.448,6187444.890,169.126,3700.479
400077.787,6187444.140,169.128,3701.479
400077.121,6187443.390,169.130,3702.479
400076.449,6187442.650,169.132,3703.479
400075.777,6187441.910,169.135,3704.479
400075.096,6187441.180,169.137,3705.479
400074.414,6187440.450,169.139,3706.479
400073.728,6187439.720,169.141,3707.478
400073.037,6187439.000,169.143,3708.478
400072.347,6187438.280,169.146,3709.478
400071.648,6187437.560,169.148,3710.478
400070.948,6187436.850,169.150,3711.478
400070.245,6187436.130,169.153,3712.478
400069.537,6187435.430,169.155,3713.477
400068.829,6187434.720,169.157,3714.477
400068.113,6187434.030,169.159,3715.477
400067.395,6187433.330,169.162,3716.477
400066.674,6187432.640,169.164,3717.477
400065.948,6187431.950,169.167,3718.477
400065.221,6187431.260,169.169,3719.477
400064.485,6187430.590,169.171,3720.476
400063.749,6187429.910,169.174,3721.476
400063.008,6187429.240,169.176,3722.476
400062.262,6187428.570,169.179,3723.476
400061.515,6187427.910,169.181,3724.476
400060.760,6187427.250,169.184,3725.476
400060.004,6187426.600,169.186,3726.476
400059.244,6187425.950,169.189,3727.475
400058.479,6187425.300,169.191,3728.475
400057.713,6187424.660,169.194,3729.475
400056.941,6187424.030,169.197,3730.475
400056.168,6187423.390,169.199,3731.475
400055.394,6187422.760,169.202,3732.475
400054.615,6187422.130,169.205,3733.475
400053.835,6187421.510,169.207,3734.474
400053.055,6187420.880,169.210,3735.474
400052.269,6187420.260,169.213,3736.474
400051.483,6187419.650,169.216,3737.474
400050.693,6187419.030,169.219,3738.474
400049.898,6187418.430,169.221,3739.474
400049.103,6187417.820,169.224,3740.474
400048.300,6187417.220,169.227,3741.473
400047.496,6187416.630,169.230,3742.473
400046.688,6187416.040,169.233,3743.473
400045.875,6187415.460,169.236,3744.473
400045.062,6187414.880,169.239,3745.473
400044.241,6187414.310,169.242,3746.473
400043.419,6187413.740,169.245,3747.473
400042.595,6187413.170,169.248,3748.472
400041.766,6187412.610,169.251,3749.472
400040.938,6187412.050,169.254,3750.472
400040.103,6187411.500,169.257,3751.472
400039.268,6187410.950,169.260,3752.472
400038.430,6187410.410,169.263,3753.472
400037.588,6187409.870,169.266,3754.472
400036.746,6187409.330,169.269,3755.471
400035.899,6187408.800,169.273,3756.471
400035.050,6187408.270,169.276,3757.471
400034.199,6187407.740,169.279,3758.471
400033.344,6187407.220,169.282,3759.471
400032.488,6187406.710,169.285,3760.471
400031.626,6187406.200,169.289,3761.471
400030.763,6187405.700,169.292,3762.470
400029.897,6187405.200,169.295,3763.470
400029.026,6187404.700,169.299,3764.470
400028.155,6187404.210,169.302,3765.470
400027.278,6187403.730,169.305,3766.470
400026.399,6187403.260,169.308,3767.470
400025.517,6187402.790,169.312,3768.470
400024.631,6187402.320,169.315,3769.469
400023.746,6187401.860,169.319,3770.469
400022.853,6187401.410,169.322,3771.469
400021.960,6187400.960,169.325,3772.469
400021.064,6187400.510,169.329,3773.469
400020.165,6187400.080,169.332,3774.469
400019.265,6187399.640,169.336,3775.468
400018.359,6187399.220,169.339,3776.468
400017.453,6187398.800,169.343,3777.468
400016.544,6187398.380,169.346,3778.468
400015.631,6187397.970,169.350,3779.468
400014.718,6187397.560,169.354,3780.468
400013.800,6187397.170,169.357,3781.468
400012.881,6187396.770,169.361,3782.467
400011.960,6187396.380,169.364,3783.467
400011.036,6187396.000,169.368,3784.467
400010.111,6187395.620,169.372,3785.467
400009.182,6187395.250,169.375,3786.467
400008.253,6187394.880,169.379,3787.467
400007.321,6187394.520,169.383,3788.467
400006.387,6187394.170,169.386,3789.466
400005.452,6187393.810,169.390,3790.466
400004.514,6187393.470,169.394,3791.466
400003.575,6187393.120,169.398,3792.466
400002.634,6187392.780,169.402,3793.466
400001.690,6187392.450,169.405,3794.466
400000.746,6187392.120,169.409,3795.466
399999.798,6187391.810,169.413,3796.465
399998.849,6187391.490,169.417,3797.465
399997.899,6187391.180,169.421,3798.465
399996.946,6187390.880,169.425,3799.465
399995.992,6187390.580,169.429,3800.465
399995.035,6187390.290,169.433,3801.465
399994.077,6187390.000,169.437,3802.465
399993.115,6187389.730,169.441,3803.464
399992.153,6187389.460,169.445,3804.464
399991.188,6187389.200,169.449,3805.464
399990.222,6187388.940,169.453,3806.464
399989.253,6187388.690,169.457,3807.464
399988.284,6187388.450,169.461,3808.464
399987.311,6187388.210,169.465,3809.464
399986.338,6187387.980,169.469,3810.463
399985.363,6187387.760,169.473,3811.463
399984.387,6187387.550,169.477,3812.463
399983.410,6187387.330,169.481,3813.463
399982.431,6187387.130,169.486,3814.463
399981.451,6187386.930,169.490,3815.463
399980.470,6187386.740,169.494,3816.463
399979.487,6187386.560,169.498,3817.462
399978.504,6187386.370,169.502,3818.462
399977.519,6187386.200,169.507,3819.462
399976.533,6187386.030,169.511,3820.462
399975.547,6187385.870,169.515,3821.462
399974.559,6187385.720,169.520,3822.462
399973.571,6187385.560,169.524,3823.461
399972.581,6187385.420,169.528,3824.461
399971.591,6187385.280,169.533,3825.461
399970.601,6187385.140,169.537,3826.461
399969.609,6187385.020,169.541,3827.461
399968.618,6187384.890,169.546,3828.461
399967.626,6187384.760,169.550,3829.461
399966.633,6187384.640,169.555,3830.460
399965.640,6187384.520,169.559,3831.460
399964.647,6187384.410,169.564,3832.460
399963.654,6187384.290,169.568,3833.460
399962.662,6187384.170,169.573,3834.460
399961.669,6187384.050,169.577,3835.460
399960.676,6187383.930,169.582,3836.460
399959.683,6187383.810,169.586,3837.459
399958.690,6187383.700,169.591,3838.459
399957.697,6187383.580,169.596,3839.459
399956.705,6187383.460,169.600,3840.459
399955.712,6187383.340,169.605,3841.459
399954.719,6187383.220,169.609,3842.459
399953.726,6187383.100,169.614,3843.459
399952.733,6187382.980,169.619,3844.459
399951.741,6187382.860,169.623,3845.458
399950.748,6187382.740,169.628,3846.458
399949.756,6187382.620,169.633,3847.458
399948.763,6187382.500,169.637,3848.458
399947.771,6187382.380,169.642,3849.458
399946.778,6187382.260,169.647,3850.458
399945.785,6187382.140,169.651,3851.458
399944.793,6187382.020,169.656,3852.457
399943.800,6187381.900,169.661,3853.457
399942.807,6187381.780,169.666,3854.457
399941.815,6187381.660,169.671,3855.457
399940.822,6187381.540,169.676,3856.457
399939.829,6187381.420,169.680,3857.457
399938.837,6187381.300,169.685,3858.457
399937.844,6187381.190,169.690,3859.456
399936.851,6187381.070,169.695,3860.456
399935.858,6187380.950,169.700,3861.456
399934.866,6187380.830,169.705,3862.456
399933.873,6187380.710,169.710,3863.456
399932.880,6187380.590,169.715,3864.456
399931.888,6187380.470,169.720,3865.456
399930.895,6187380.350,169.725,3866.455
399929.903,6187380.230,169.730,3867.455
399928.910,6187380.110,169.735,3868.455
399927.917,6187379.990,169.740,3869.455
399926.925,6187379.870,169.745,3870.455
399925.932,6187379.740,169.750,3871.455
399924.940,6187379.620,169.755,3872.455
399923.947,6187379.500,169.760,3873.454
399922.954,6187379.380,169.765,3874.454
399921.962,6187379.260,169.770,3875.454
399920.969,6187379.140,169.776,3876.454
399919.977,6187379.020,169.781,3877.454
399918.984,6187378.900,169.786,3878.454
399917.992,6187378.780,169.791,3879.454
399916.999,6187378.660,169.796,3880.454
399916.006,6187378.540,169.802,3881.453
399915.014,6187378.420,169.807,3882.453
399914.021,6187378.300,169.813,3883.453
399913.029,6187378.180,169.818,3884.453
399912.037,6187378.050,169.823,3885.453
399911.044,6187377.930,169.829,3886.453
399910.052,6187377.810,169.834,3887.453
399909.059,6187377.690,169.840,3888.452
399908.067,6187377.570,169.845,3889.452
399907.074,6187377.450,169.850,3890.452
399906.082,6187377.330,169.856,3891.452
399905.089,6187377.210,169.861,3892.452
399904.097,6187377.080,169.867,3893.452
399903.104,6187376.960,169.873,3894.452
399902.112,6187376.840,169.878,3895.451
399901.119,6187376.720,169.884,3896.451
399900.127,6187376.600,169.890,3897.451
399899.134,6187376.480,169.895,3898.451
399898.142,6187376.360,169.901,3899.451
399897.149,6187376.240,169.906,3900.451
399896.156,6187376.120,169.912,3901.451
399895.164,6187376.000,169.918,3902.450
399894.171,6187375.880,169.924,3903.450
399893.179,6187375.760,169.930,3904.450
399892.186,6187375.640,169.935,3905.450
399891.193,6187375.520,169.941,3906.450
399890.201,6187375.400,169.947,3907.450
399889.208,6187375.280,169.953,3908.450
399888.215,6187375.160,169.959,3909.449
399887.223,6187375.040,169.965,3910.449
399886.230,6187374.920,169.970,3911.449
399885.237,6187374.800,169.976,3912.449
399884.245,6187374.680,169.982,3913.449
399883.252,6187374.560,169.988,3914.449
399882.259,6187374.440,169.994,3915.449
399881.267,6187374.320,170.000,3916.448
399880.274,6187374.200,170.006,3917.448
399879.281,6187374.080,170.012,3918.448
399878.289,6187373.960,170.018,3919.448
399877.296,6187373.840,170.024,3920.448
399876.303,6187373.720,170.030,3921.448
399875.311,6187373.600,170.037,3922.448
399874.318,6187373.480,170.043,3923.448
399873.325,6187373.360,170.049,3924.447
399872.333,6187373.240,170.055,3925.447
399871.340,6187373.120,170.061,3926.447
399870.347,6187373.000,170.067,3927.447
399869.354,6187372.890,170.073,3928.447
399868.362,6187372.770,170.079,3929.447
399867.369,6187372.650,170.085,3930.447
399866.376,6187372.530,170.092,3931.446
399865.383,6187372.410,170.098,3932.446
399864.391,6187372.290,170.104,3933.446
399863.398,6187372.170,170.110,3934.446
399862.405,6187372.050,170.116,3935.446
399861.412,6187371.930,170.122,3936.446
399860.419,6187371.820,170.129,3937.446
399859.427,6187371.700,170.135,3938.445
399858.434,6187371.580,170.141,3939.445
399857.441,6187371.460,170.147,3940.445
399856.449,6187371.340,170.154,3941.445
399855.456,6187371.220,170.160,3942.445
399854.463,6187371.100,170.166,3943.445
399853.471,6187370.980,170.172,3944.445
399852.478,6187370.860,170.179,3945.444
399851.485,6187370.740,170.185,3946.444
399850.493,6187370.620,170.191,3947.444
399849.500,6187370.500,170.197,3948.444
399848.507,6187370.380,170.204,3949.444
399847.514,6187370.260,170.210,3950.444
399846.521,6187370.150,170.216,3951.444
399845.529,6187370.030,170.222,3952.443
399844.536,6187369.910,170.229,3953.443
399843.543,6187369.790,170.235,3954.443
399842.550,6187369.670,170.241,3955.443
399841.558,6187369.550,170.248,3956.443
399840.565,6187369.430,170.254,3957.443
399839.572,6187369.310,170.260,3958.443
399838.579,6187369.190,170.267,3959.443
399837.587,6187369.070,170.273,3960.442
399836.594,6187368.950,170.279,3961.442
399835.601,6187368.830,170.285,3962.442
399834.609,6187368.720,170.292,3963.442
399833.616,6187368.600,170.298,3964.442
399832.623,6187368.480,170.304,3965.442
399831.631,6187368.360,170.311,3966.442
399830.638,6187368.240,170.317,3967.441
399829.645,6187368.120,170.324,3968.441
399828.652,6187368.000,170.330,3969.441
399827.660,6187367.880,170.336,3970.441
399826.667,6187367.760,170.343,3971.441
399825.674,6187367.640,170.349,3972.441
399824.682,6187367.520,170.355,3973.441
399823.689,6187367.400,170.362,3974.440
399822.696,6187367.280,170.368,3975.440
399821.703,6187367.160,170.375,3976.440
399820.711,6187367.040,170.381,3977.440
399819.718,6187366.920,170.387,3978.440
399818.725,6187366.800,170.394,3979.440
399817.733,6187366.680,170.400,3980.440
399816.740,6187366.560,170.407,3981.439
399815.748,6187366.440,170.413,3982.439
399814.755,6187366.320,170.420,3983.439
399813.762,6187366.200,170.426,3984.439
399812.769,6187366.090,170.432,3985.439
399811.776,6187365.980,170.439,3986.439
399810.782,6187365.860,170.445,3987.439
399809.789,6187365.750,170.452,3988.438
399808.795,6187365.640,170.458,3989.438
399807.802,6187365.520,170.465,3990.438
399806.809,6187365.410,170.472,3991.438
399805.815,6187365.290,170.478,3992.438
399804.822,6187365.180,170.485,3993.438
399803.829,6187365.060,170.491,3994.438
399802.836,6187364.950,170.498,3995.438
399801.843,6187364.830,170.504,3996.437
399800.850,6187364.710,170.511,3997.437
399799.857,6187364.590,170.517,3998.437
399798.864,6187364.480,170.524,3999.437
399797.871,6187364.360,170.531,4000.437
399796.878,6187364.240,170.537,4001.437
399795.886,6187364.120,170.544,4002.437
399794.893,6187364.010,170.550,4003.436
399793.900,6187363.890,170.557,4004.436
399792.907,6187363.770,170.564,4005.436
399791.914,6187363.650,170.571,4006.436
399790.922,6187363.530,170.577,4007.436
399789.929,6187363.410,170.584,4008.436
399788.936,6187363.290,170.591,4009.436
399787.943,6187363.170,170.597,4010.435
399786.951,6187363.050,170.604,4011.435
399785.958,6187362.940,170.611,4012.435
399784.965,6187362.820,170.618,4013.435
399783.972,6187362.700,170.624,4014.435
399782.979,6187362.580,170.631,4015.435
399781.986,6187362.460,170.638,4016.435
399780.994,6187362.340,170.645,4017.434
399780.001,6187362.230,170.652,4018.434
399779.008,6187362.110,170.659,4019.434
399778.015,6187361.990,170.666,4020.434
399777.022,6187361.870,170.672,4021.434
399776.029,6187361.750,170.679,4022.434
399775.036,6187361.630,170.686,4023.434
399774.044,6187361.520,170.693,4024.433
399773.051,6187361.400,170.700,4025.433
399772.058,6187361.280,170.707,4026.433
399771.065,6187361.160,170.714,4027.433
399770.072,6187361.040,170.721,4028.433
399769.080,6187360.920,170.728,4029.433
399768.087,6187360.810,170.735,4030.433
399767.094,6187360.690,170.742,4031.432
399766.101,6187360.570,170.749,4032.432
399765.108,6187360.450,170.756,4033.432
399764.115,6187360.330,170.764,4034.432
399763.123,6187360.210,170.771,4035.432
399762.130,6187360.100,170.778,4036.432
399761.137,6187359.980,170.785,4037.432
399760.144,6187359.860,170.792,4038.432
399759.151,6187359.740,170.799,4039.431
399758.158,6187359.620,170.807,4040.431
399757.165,6187359.500,170.814,4041.431
399756.173,6187359.390,170.821,4042.431
399755.180,6187359.270,170.829,4043.431
399754.187,6187359.150,170.836,4044.431
399753.194,6187359.030,170.843,4045.431
399752.201,6187358.920,170.851,4046.430
399751.208,6187358.800,170.858,4047.430
399750.215,6187358.680,170.865,4048.430
399749.222,6187358.560,170.873,4049.430
399748.229,6187358.450,170.880,4050.430
399747.236,6187358.330,170.887,4051.430
399746.243,6187358.210,170.895,4052.430
399745.250,6187358.100,170.903,4053.429
399744.257,6187357.980,170.910,4054.429
399743.264,6187357.860,170.918,4055.429
399742.271,6187357.750,170.925,4056.429
399741.278,6187357.630,170.933,4057.429
399740.285,6187357.510,170.940,4058.429
399739.292,6187357.400,170.948,4059.429
399738.299,6187357.280,170.956,4060.428
399737.306,6187357.160,170.963,4061.428
399736.313,6187357.040,170.971,4062.428
399735.320,6187356.920,170.979,4063.428
399734.328,6187356.810,170.987,4064.428
399733.335,6187356.690,170.994,4065.428
399732.342,6187356.570,171.002,4066.428
399731.349,6187356.450,171.010,4067.427
399730.356,6187356.330,171.018,4068.427
399729.363,6187356.210,171.025,4069.427
399728.371,6187356.100,171.100,4070.427
399727.378,6187355.980,171.132,4071.427
399726.385,6187355.860,171.129,4072.427
399725.392,6187355.740,171.126,4073.427
399724.400,6187355.620,171.123,4074.427
399723.407,6187355.500,171.119,4075.426
399722.414,6187355.380,171.116,4076.426
399721.422,6187355.260,171.113,4077.426
399720.429,6187355.140,171.110,4078.426
399719.436,6187355.020,171.107,4079.426
399718.443,6187354.900,171.113,4080.426
399717.451,6187354.780,171.121,4081.426
399716.458,6187354.660,171.130,4082.425
399715.465,6187354.540,171.138,4083.425
399714.473,6187354.430,171.146,4084.425
399713.480,6187354.310,171.154,4085.425
399712.487,6187354.190,171.163,4086.425
399711.494,6187354.070,171.171,4087.425
399710.502,6187353.950,171.179,4088.425
399709.509,6187353.830,171.187,4089.424
399708.517,6187353.710,171.196,4090.424
399707.524,6187353.580,171.204,4091.424
399706.532,6187353.460,171.212,4092.424
399705.539,6187353.340,171.221,4093.424
399704.547,6187353.220,171.229,4094.424
399703.555,6187353.100,171.238,4095.424
399702.562,6187352.980,171.246,4096.423
399701.570,6187352.850,171.254,4097.423
399700.577,6187352.730,171.263,4098.423
399699.585,6187352.610,171.271,4099.423
399698.592,6187352.490,171.280,4100.423
399697.599,6187352.370,171.289,4101.423
399696.607,6187352.250,171.297,4102.423
399695.614,6187352.130,171.306,4103.422
399694.621,6187352.010,171.315,4104.422
399693.629,6187351.890,171.323,4105.422
399692.636,6187351.770,171.332,4106.422
399691.643,6187351.660,171.340,4107.422
399690.650,6187351.540,171.349,4108.422
399689.657,6187351.420,171.358,4109.422
399688.665,6187351.300,171.367,4110.422
399687.672,6187351.180,171.375,4111.421
399686.679,6187351.070,171.384,4112.421
399685.686,6187350.950,171.393,4113.421
399684.693,6187350.830,171.402,4114.421
399683.700,6187350.720,171.411,4115.421
399682.707,6187350.600,171.419,4116.421
399681.714,6187350.480,171.428,4117.421
399680.721,6187350.360,171.437,4118.420
399679.728,6187350.250,171.446,4119.420
399678.735,6187350.130,171.455,4120.420
399677.742,6187350.010,171.464,4121.420
399676.749,6187349.900,171.473,4122.420
399675.756,6187349.780,171.482,4123.420
399674.763,6187349.660,171.491,4124.420
399673.770,6187349.540,171.500,4125.419
399672.777,6187349.430,171.509,4126.419
399671.784,6187349.310,171.518,4127.419
399670.791,6187349.190,171.527,4128.419
399669.798,6187349.070,171.536,4129.419
399668.805,6187348.960,171.545,4130.419
399667.812,6187348.840,171.555,4131.419
399666.820,6187348.720,171.564,4132.418
399665.827,6187348.600,171.573,4133.418
399664.834,6187348.490,171.582,4134.418
399663.841,6187348.370,171.591,4135.418
399662.848,6187348.250,171.600,4136.418
399661.855,6187348.130,171.610,4137.418
399660.862,6187348.010,171.619,4138.418
399659.869,6187347.900,171.628,4139.417
399658.877,6187347.780,171.637,4140.417
399657.884,6187347.660,171.647,4141.417
399656.891,6187347.540,171.656,4142.417
399655.898,6187347.420,171.665,4143.417
399654.905,6187347.300,171.675,4144.417
399653.912,6187347.190,171.684,4145.417
399652.920,6187347.070,171.693,4146.416
399651.927,6187346.950,171.703,4147.416
399650.934,6187346.830,171.712,4148.416
399649.941,6187346.710,171.721,4149.416
399648.948,6187346.590,171.731,4150.416
399647.955,6187346.480,171.740,4151.416
399646.963,6187346.360,171.749,4152.416
399645.970,6187346.240,171.759,4153.416
399644.977,6187346.120,171.768,4154.415
399643.984,6187346.000,171.778,4155.415
399642.991,6187345.880,171.787,4156.415
399641.998,6187345.760,171.796,4157.415
399641.006,6187345.650,171.806,4158.415
399640.013,6187345.530,171.815,4159.415
399639.020,6187345.410,171.825,4160.415
399638.027,6187345.290,171.834,4161.414
399637.034,6187345.170,171.844,4162.414
399636.042,6187345.050,171.853,4163.414
399635.049,6187344.930,171.862,4164.414
399634.056,6187344.820,171.872,4165.414
399633.063,6187344.700,171.881,4166.414
399632.070,6187344.580,171.891,4167.414
399631.077,6187344.460,171.900,4168.413
399630.084,6187344.340,171.909,4169.413
399629.092,6187344.230,171.919,4170.413
399628.099,6187344.110,171.928,4171.413
399627.106,6187343.990,171.938,4172.413
399626.113,6187343.870,171.947,4173.413
399625.120,6187343.750,171.956,4174.413
399624.127,6187343.640,171.966,4175.412
399623.134,6187343.520,171.975,4176.412
399622.141,6187343.400,171.985,4177.412
399621.149,6187343.280,171.994,4178.412
399620.156,6187343.160,172.003,4179.412
399619.163,6187343.050,172.013,4180.412
399618.170,6187342.930,172.022,4181.412
399617.177,6187342.810,172.031,4182.411
399616.184,6187342.690,172.041,4183.411
399615.191,6187342.580,172.050,4184.411
399614.198,6187342.460,172.059,4185.411
399613.204,6187342.350,172.069,4186.411
399612.211,6187342.240,172.078,4187.411
399611.217,6187342.130,172.087,4188.411
399610.224,6187342.010,172.096,4189.410
399609.229,6187341.910,172.106,4190.410
399608.235,6187341.800,172.115,4191.410
399607.241,6187341.700,172.124,4192.410
399606.246,6187341.590,172.133,4193.410
399605.252,6187341.490,172.142,4194.410
399604.257,6187341.390,172.151,4195.410
399603.262,6187341.300,172.161,4196.410
399602.266,6187341.200,172.170,4197.409
399601.271,6187341.110,172.179,4198.409
399600.275,6187341.020,172.188,4199.409
399599.279,6187340.930,172.197,4200.409
399598.283,6187340.850,172.206,4201.409
399597.286,6187340.770,172.215,4202.409
399596.289,6187340.690,172.224,4203.409
399595.292,6187340.620,172.233,4204.408
399594.294,6187340.550,172.242,4205.408
399593.296,6187340.490,172.251,4206.408
399592.299,6187340.420,172.260,4207.408
399591.300,6187340.370,172.269,4208.408
399590.302,6187340.320,172.278,4209.408
399589.303,6187340.260,172.287,4210.408
399588.304,6187340.220,172.296,4211.407
399587.305,6187340.180,172.305,4212.407
399586.306,6187340.140,172.313,4213.407
399585.307,6187340.110,172.322,4214.407
399584.307,6187340.080,172.331,4215.407
399583.308,6187340.060,172.340,4216.407
399582.308,6187340.040,172.349,4217.407
399581.308,6187340.020,172.357,4218.406
399580.309,6187340.000,172.366,4219.406
399579.309,6187339.990,172.375,4220.406
399578.309,6187339.980,172.384,4221.406
399577.309,6187339.980,172.392,4222.406
399576.309,6187339.970,172.401,4223.406
399575.309,6187339.970,172.410,4224.406
399574.310,6187339.970,172.418,4225.405
399573.310,6187339.970,172.427,4226.405
399572.310,6187339.980,172.435,4227.405
399571.310,6187339.990,172.444,4228.405
399570.310,6187340.000,172.452,4229.405
399569.310,6187340.010,172.461,4230.405
399568.311,6187340.020,172.470,4231.405
399567.311,6187340.030,172.478,4232.404
399566.311,6187340.050,172.486,4233.404
399565.311,6187340.070,172.495,4234.404
399564.312,6187340.080,172.503,4235.404
399563.312,6187340.110,172.512,4236.404
399562.313,6187340.130,172.520,4237.404
399561.313,6187340.160,172.529,4238.404
399560.314,6187340.190,172.537,4239.403
399559.315,6187340.220,172.545,4240.403
399558.315,6187340.260,172.554,4241.403
399557.316,6187340.300,172.562,4242.403
399556.317,6187340.340,172.570,4243.403
399555.318,6187340.390,172.578,4244.403
399554.320,6187340.440,172.587,4245.403
399553.321,6187340.490,172.595,4246.402
399552.323,6187340.550,172.603,4247.402
399551.325,6187340.610,172.611,4248.402
399550.327,6187340.670,172.619,4249.402
399549.330,6187340.740,172.627,4250.402
399548.333,6187340.810,172.635,4251.402
399547.335,6187340.890,172.644,4252.402
399546.339,6187340.970,172.652,4253.401
399545.342,6187341.050,172.660,4254.401
399544.346,6187341.130,172.668,4255.401
399543.351,6187341.230,172.676,4256.401
399542.355,6187341.320,172.684,4257.401
399541.360,6187341.410,172.691,4258.401
399540.365,6187341.520,172.699,4259.401
399539.371,6187341.620,172.707,4260.400
399538.376,6187341.730,172.715,4261.400
399537.383,6187341.840,172.723,4262.400
399536.390,6187341.950,172.731,4263.400
399535.397,6187342.070,172.739,4264.400
399534.405,6187342.200,172.747,4265.400
399533.413,6187342.320,172.754,4266.400
399532.421,6187342.450,172.762,4267.399
399531.430,6187342.580,172.770,4268.399
399530.440,6187342.720,172.778,4269.399
399529.450,6187342.860,172.785,4270.399
399528.461,6187343.010,172.793,4271.399
399527.472,6187343.150,172.801,4272.399
399526.483,6187343.300,172.808,4273.399
399525.496,6187343.460,172.816,4274.398
399524.509,6187343.620,172.824,4275.398
399523.522,6187343.780,172.831,4276.398
399522.536,6187343.950,172.839,4277.398
399521.551,6187344.120,172.847,4278.398
399520.566,6187344.290,172.854,4279.398
399519.582,6187344.470,172.862,4280.398
399518.599,6187344.650,172.869,4281.397
399517.616,6187344.830,172.877,4282.397
399516.634,6187345.020,172.885,4283.397
399515.652,6187345.210,172.892,4284.397
399514.671,6187345.410,172.900,4285.397
399513.692,6187345.610,172.907,4286.397
399512.713,6187345.810,172.915,4287.397
399511.734,6187346.010,172.922,4288.396
399510.757,6187346.220,172.930,4289.396
399509.780,6187346.440,172.937,4290.396
399508.803,6187346.650,172.945,4291.396
399507.829,6187346.870,172.952,4292.396
399506.854,6187347.100,172.960,4293.396
399505.880,6187347.330,172.967,4294.396
399504.909,6187347.560,172.975,4295.395
399503.937,6187347.800,172.982,4296.395
399502.966,6187348.040,172.990,4297.395
399501.998,6187348.280,172.997,4298.395
399501.029,6187348.530,173.004,4299.395
399500.061,6187348.780,173.012,4300.395
399499.096,6187349.040,173.019,4301.395
399498.130,6187349.300,173.027,4302.394
399497.166,6187349.570,173.034,4303.394
399496.204,6187349.840,173.041,4304.394
399495.241,6187350.110,173.049,4305.394
399494.280,6187350.380,173.056,4306.394
399493.320,6187350.670,173.063,4307.394
399492.361,6187350.950,173.071,4308.394
399491.403,6187351.230,173.078,4309.393
399490.446,6187351.520,173.085,4310.393
399489.490,6187351.820,173.093,4311.393
399488.535,6187352.110,173.100,4312.393
399487.582,6187352.410,173.107,4313.393
399486.628,6187352.720,173.115,4314.393
399485.676,6187353.020,173.122,4315.392
399484.726,6187353.330,173.129,4316.392
399483.776,6187353.640,173.136,4317.392
399482.827,6187353.960,173.143,4318.392
399481.879,6187354.280,173.151,4319.392
399480.933,6187354.600,173.158,4320.392
399479.986,6187354.920,173.165,4321.392
399479.041,6187355.250,173.172,4322.391
399478.098,6187355.580,173.179,4323.391
399477.154,6187355.910,173.186,4324.391
399476.211,6187356.240,173.193,4325.391
399475.271,6187356.580,173.200,4326.391
399474.332,6187356.920,173.207,4327.391
399473.392,6187357.270,173.214,4328.391
399472.454,6187357.610,173.221,4329.391
399471.518,6187357.960,173.228,4330.390
399470.582,6187358.320,173.235,4331.390
399469.646,6187358.670,173.241,4332.390
399468.712,6187359.030,173.248,4333.390
399467.780,6187359.390,173.255,4334.390
399466.847,6187359.750,173.262,4335.390
399465.916,6187360.110,173.268,4336.390
399464.986,6187360.480,173.275,4337.389
399464.057,6187360.850,173.282,4338.389
399463.127,6187361.220,173.288,4339.389
399462.199,6187361.590,173.295,4340.389
399461.272,6187361.960,173.301,4341.389
399460.346,6187362.340,173.307,4342.389
399459.419,6187362.710,173.314,4343.389
399458.493,6187363.090,173.320,4344.388
399457.566,6187363.470,173.327,4345.388
399456.640,6187363.840,173.333,4346.388
399455.713,6187364.220,173.339,4347.388
399454.787,6187364.590,173.345,4348.388
399453.861,6187364.970,173.351,4349.388
399452.934,6187365.350,173.357,4350.388
399452.008,6187365.720,173.363,4351.387
399451.082,6187366.100,173.369,4352.387
399450.156,6187366.480,173.375,4353.387
399449.229,6187366.850,173.381,4354.387
399448.303,6187367.230,173.387,4355.387
399447.377,6187367.610,173.393,4356.387
399446.450,6187367.980,173.399,4357.387
399445.524,6187368.360,173.405,4358.386
399444.597,6187368.730,173.410,4359.386
399443.670,6187369.110,173.416,4360.386
399442.744,6187369.480,173.421,4361.386
399441.817,6187369.860,173.427,4362.386
399440.890,6187370.240,173.432,4363.386
399439.964,6187370.610,173.438,4364.386
399439.037,6187370.990,173.443,4365.385
399438.110,6187371.360,173.464,4366.385
399437.184,6187371.740,173.519,4367.385
399436.257,6187372.110,173.554,4368.385
399435.331,6187372.490,173.546,4369.385
399434.404,6187372.860,173.537,4370.385
399433.478,6187373.240,173.529,4371.385
399432.551,6187373.620,173.521,4372.384
399431.624,6187373.990,173.512,4373.384
399430.698,6187374.370,173.504,4374.384
399429.771,6187374.740,173.495,4375.384
399428.845,6187375.120,173.497,4376.384
399427.918,6187375.490,173.502,4377.384
399426.991,6187375.870,173.506,4378.384
399426.065,6187376.250,173.510,4379.384
399425.138,6187376.620,173.514,4380.383
399424.211,6187377.000,173.519,4381.383
399423.285,6187377.370,173.523,4382.383
399422.358,6187377.750,173.527,4383.383
399421.432,6187378.120,173.532,4384.383
399420.505,6187378.500,173.536,4385.383
399419.578,6187378.870,173.539,4386.383
399418.651,6187379.250,173.543,4387.382
399417.724,6187379.620,173.546,4388.382
399416.797,6187380.000,173.550,4389.382
399415.871,6187380.370,173.554,4390.382
399414.944,6187380.750,173.557,4391.382
399414.017,6187381.120,173.561,4392.382
399413.090,6187381.500,173.564,4393.382
399412.163,6187381.870,173.568,4394.381
399411.237,6187382.250,173.571,4395.381
399410.310,6187382.630,173.574,4396.381
399409.384,6187383.000,173.577,4397.381
399408.458,6187383.380,173.580,4398.381
399407.532,6187383.760,173.582,4399.381
399406.605,6187384.130,173.585,4400.381
399405.679,6187384.510,173.588,4401.380
399404.753,6187384.890,173.591,4402.380
399403.829,6187385.270,173.593,4403.380
399402.904,6187385.650,173.595,4404.380
399401.979,6187386.030,173.597,4405.380
399401.054,6187386.410,173.599,4406.380
399400.130,6187386.790,173.602,4407.380
399399.205,6187387.170,173.604,4408.379
399398.280,6187387.550,173.606,4409.379
399397.355,6187387.930,173.608,4410.379
399396.431,6187388.310,173.610,4411.379
399395.505,6187388.690,173.612,4412.379
399394.579,6187389.060,173.613,4413.379
399393.653,6187389.440,173.614,4414.379
399392.726,6187389.820,173.616,4415.378
399391.800,6187390.190,173.617,4416.378
399390.874,6187390.570,173.618,4417.378
399389.948,6187390.950,173.620,4418.378
399389.022,6187391.320,173.621,4419.378
399388.096,6187391.700,173.622,4420.378
399387.169,6187392.080,173.623,4421.378
399386.243,6187392.450,173.624,4422.378
399385.316,6187392.830,173.625,4423.377
399384.389,6187393.200,173.625,4424.377
399383.463,6187393.580,173.626,4425.377
399382.536,6187393.960,173.626,4426.377
399381.609,6187394.330,173.627,4427.377
399380.682,6187394.710,173.627,4428.377
399379.756,6187395.080,173.628,4429.377
399378.829,6187395.460,173.629,4430.376
399377.902,6187395.830,173.629,4431.376
399376.976,6187396.210,173.629,4432.376
399376.049,6187396.580,173.628,4433.376
399375.122,6187396.960,173.628,4434.376
399374.195,6187397.330,173.628,4435.376
399373.269,6187397.710,173.628,4436.376
399372.342,6187398.080,173.628,4437.375
399371.415,6187398.460,173.628,4438.375
399370.488,6187398.830,173.628,4439.375
399369.562,6187399.210,173.627,4440.375
399368.636,6187399.590,173.627,4441.375
399367.709,6187399.960,173.626,4442.375
399366.783,6187400.340,173.625,4443.375
399365.857,6187400.720,173.624,4444.374
399364.931,6187401.090,173.624,4445.374
399364.005,6187401.470,173.623,4446.374
399363.079,6187401.850,173.622,4447.374
399362.153,6187402.220,173.621,4448.374
399361.226,6187402.600,173.621,4449.374
399360.300,6187402.980,173.619,4450.374
399359.374,6187403.360,173.618,4451.373
399358.448,6187403.730,173.617,4452.373
399357.522,6187404.110,173.615,4453.373
399356.596,6187404.490,173.614,4454.373
399355.670,6187404.860,173.613,4455.373
399354.743,6187405.240,173.611,4456.373
399353.817,6187405.620,173.610,4457.373
399352.891,6187405.990,173.609,4458.373
399351.965,6187406.370,173.607,4459.372
399351.038,6187406.750,173.605,4460.372
399350.112,6187407.120,173.604,4461.372
399349.186,6187407.500,173.602,4462.372
399348.259,6187407.870,173.600,4463.372
399347.333,6187408.250,173.598,4464.372
399346.406,6187408.630,173.596,4465.372
399345.480,6187409.000,173.594,4466.371
399344.553,6187409.380,173.593,4467.371
399343.627,6187409.750,173.591,4468.371
399342.700,6187410.130,173.589,4469.371
399341.774,6187410.510,173.586,4470.371
399340.848,6187410.880,173.584,4471.371
399339.922,6187411.260,173.582,4472.371
399338.995,6187411.640,173.579,4473.370
399338.069,6187412.010,173.577,4474.370
399337.143,6187412.390,173.575,4475.370
399336.217,6187412.770,173.572,4476.370
399335.290,6187413.140,173.570,4477.370
399334.364,6187413.520,173.572,4478.370
399333.438,6187413.890,173.585,4479.370
399332.511,6187414.270,173.597,4480.369
399331.585,6187414.650,173.609,4481.369
399330.659,6187415.020,173.621,4482.369
399329.733,6187415.400,173.634,4483.369
399328.806,6187415.780,173.646,4484.369
399327.880,6187416.150,173.627,4485.369
399326.954,6187416.530,173.588,4486.369
399326.027,6187416.910,173.550,4487.368
399325.101,6187417.280,173.540,4488.368
399324.174,6187417.660,173.537,4489.368
399323.247,6187418.030,173.534,4490.368
399322.320,6187418.410,173.531,4491.368
399321.393,6187418.780,173.528,4492.368
399320.466,6187419.160,173.525,4493.368
399319.539,6187419.530,173.522,4494.368
399318.612,6187419.910,173.519,4495.367
399317.686,6187420.280,173.516,4496.367
399316.759,6187420.660,173.513,4497.367
399315.832,6187421.030,173.509,4498.367
399314.905,6187421.410,173.506,4499.367
399313.978,6187421.780,173.502,4500.367
399313.051,6187422.160,173.499,4501.367
399312.125,6187422.530,173.495,4502.366
399311.198,6187422.910,173.492,4503.366
399310.271,6187423.280,173.489,4504.366
399309.344,6187423.660,173.485,4505.366
399308.417,6187424.030,173.482,4506.366
399307.491,6187424.410,173.478,4507.366
399306.565,6187424.790,173.474,4508.366
399305.639,6187425.160,173.471,4509.365
399304.713,6187425.540,173.467,4510.365
399303.787,6187425.920,173.463,4511.365
399302.861,6187426.290,173.459,4512.365
399301.934,6187426.670,173.456,4513.365
399301.008,6187427.050,173.452,4514.365
399300.082,6187427.420,173.448,4515.365
399299.156,6187427.800,173.444,4516.364
399298.230,6187428.180,173.440,4517.364
399297.304,6187428.550,173.436,4518.364
399296.377,6187428.930,173.432,4519.364
399295.451,6187429.310,173.428,4520.364
399294.525,6187429.680,173.424,4521.364
399293.599,6187430.060,173.420,4522.364
399292.673,6187430.440,173.416,4523.363
399291.747,6187430.810,173.412,4524.363
399290.820,6187431.190,173.408,4525.363
399289.894,6187431.570,173.404,4526.363
399288.968,6187431.940,173.400,4527.363
399288.041,6187432.320,173.396,4528.363
399287.115,6187432.700,173.391,4529.363
399286.188,6187433.070,173.387,4530.363
399285.262,6187433.450,173.383,4531.362
399284.335,6187433.820,173.379,4532.362
399283.409,6187434.200,173.374,4533.362
399282.482,6187434.580,173.370,4534.362
399281.556,6187434.950,173.366,4535.362
399280.629,6187435.330,173.361,4536.362
399279.702,6187435.700,173.357,4537.362
399278.775,6187436.080,173.352,4538.361
399277.848,6187436.450,173.348,4539.361
399276.922,6187436.830,173.343,4540.361
399275.995,6187437.200,173.339,4541.361
399275.068,6187437.580,173.334,4542.361
399274.141,6187437.950,173.330,4543.361
399273.214,6187438.330,173.325,4544.361
399272.287,6187438.700,173.321,4545.360
399271.361,6187439.080,173.316,4546.360
399270.434,6187439.450,173.311,4547.360
399269.507,6187439.830,173.307,4548.360
399268.580,6187440.200,173.302,4549.360
399267.653,6187440.580,173.297,4550.360
399266.727,6187440.950,173.293,4551.360
399265.800,6187441.330,173.288,4552.359
399264.873,6187441.700,173.283,4553.359
399263.946,6187442.080,173.279,4554.359
399263.020,6187442.460,173.274,4555.359
399262.093,6187442.830,173.269,4556.359
399261.167,6187443.210,173.264,4557.359
399260.240,6187443.580,173.259,4558.359
399259.314,6187443.960,173.255,4559.358
399258.387,6187444.340,173.250,4560.358
399257.461,6187444.710,173.245,4561.358
399256.534,6187445.090,173.240,4562.358
399255.608,6187445.460,173.235,4563.358
399254.681,6187445.840,173.230,4564.358
399253.754,6187446.210,173.225,4565.358
399252.827,6187446.590,173.220,4566.357
399251.900,6187446.960,173.215,4567.357
399250.973,6187447.340,173.210,4568.357
399250.046,6187447.710,173.205,4569.357
399249.119,6187448.090,173.200,4570.357
399248.192,6187448.460,173.195,4571.357
399247.265,6187448.840,173.190,4572.357
399246.339,6187449.210,173.185,4573.357
399245.412,6187449.590,173.180,4574.356
399244.485,6187449.960,173.175,4575.356
399243.559,6187450.340,173.170,4576.356
399242.632,6187450.710,173.165,4577.356
399241.705,6187451.090,173.159,4578.356
399240.778,6187451.460,173.154,4579.356
399239.852,6187451.840,173.149,4580.356
399238.925,6187452.220,173.144,4581.355
399237.998,6187452.590,173.139,4582.355
399237.072,6187452.970,173.133,4583.355
399236.145,6187453.340,173.128,4584.355
399235.218,6187453.720,173.123,4585.355
399234.292,6187454.090,173.117,4586.355
399233.365,6187454.470,173.112,4587.355
399232.438,6187454.840,173.107,4588.354
399231.511,6187455.220,173.101,4589.354
399230.585,6187455.590,173.096,4590.354
399229.658,6187455.970,173.091,4591.354
399228.731,6187456.340,173.085,4592.354
399227.804,6187456.720,173.080,4593.354
399226.877,6187457.090,173.074,4594.354
399225.950,6187457.470,173.069,4595.353
399225.023,6187457.840,173.063,4596.353
399224.096,6187458.220,173.057,4597.353
399223.169,6187458.590,173.052,4598.353
399222.242,6187458.970,173.046,4599.353
399221.315,6187459.340,173.041,4600.353
399220.388,6187459.720,173.035,4601.353
399219.461,6187460.090,173.029,4602.352
399218.534,6187460.460,173.024,4603.352
399217.606,6187460.840,173.018,4604.352
399216.679,6187461.210,173.012,4605.352
399215.751,6187461.590,173.006,4606.352
399214.824,6187461.960,173.000,4607.352
399213.897,6187462.330,172.995,4608.352
399212.969,6187462.710,172.989,4609.351
399212.042,6187463.080,172.983,4610.351
399211.115,6187463.450,172.977,4611.351
399210.187,6187463.830,172.971,4612.351
399209.260,6187464.200,172.965,4613.351
399208.333,6187464.580,172.959,4614.351
399207.406,6187464.950,172.953,4615.351
399206.479,6187465.330,172.946,4616.351
399205.551,6187465.700,172.940,4617.350
399204.624,6187466.070,172.934,4618.350
399203.697,6187466.450,172.928,4619.350
399202.770,6187466.820,172.922,4620.350
399201.844,6187467.200,172.916,4621.350
399200.919,6187467.580,172.909,4622.350
399199.993,6187467.960,172.903,4623.350
399199.068,6187468.340,172.897,4624.349
399198.142,6187468.710,172.890,4625.349
399197.218,6187469.100,172.884,4626.349
399196.294,6187469.480,172.877,4627.349
399195.369,6187469.860,172.871,4628.349
399194.445,6187470.240,172.864,4629.349
399193.521,6187470.620,172.857,4630.349
399192.597,6187471.000,172.851,4631.348
399191.672,6187471.380,172.844,4632.348
399190.746,6187471.760,172.837,4633.348
399189.820,6187472.140,172.830,4634.348
399188.894,6187472.510,172.823,4635.348
399187.968,6187472.890,172.816,4636.348
399187.042,6187473.270,172.809,4637.348
399186.116,6187473.650,172.802,4638.347
399185.190,6187474.020,172.795,4639.347
399184.264,6187474.400,172.788,4640.347
399183.338,6187474.780,172.781,4641.347
399182.411,6187475.150,172.773,4642.347
399181.485,6187475.530,172.766,4643.347
399180.559,6187475.910,172.758,4644.347
399179.633,6187476.280,172.750,4645.346
399178.706,6187476.660,172.743,4646.346
399177.780,6187477.040,172.735,4647.346
399176.854,6187477.410,172.727,4648.346
399175.928,6187477.790,172.720,4649.346
399175.001,6187478.170,172.712,4650.346
399174.075,6187478.540,172.704,4651.346
399173.149,6187478.920,172.696,4652.346
399172.223,6187479.300,172.687,4653.345
399171.296,6187479.670,172.679,4654.345
399170.370,6187480.050,172.670,4655.345
399169.444,6187480.420,172.662,4656.345
399168.518,6187480.800,172.654,4657.345
399167.591,6187481.180,172.645,4658.345
399166.665,6187481.550,172.637,4659.345
399165.739,6187481.930,172.628,4660.344
399164.813,6187482.310,172.619,4661.344
399163.887,6187482.690,172.610,4662.344
399162.961,6187483.060,172.601,4663.344
399162.035,6187483.440,172.591,4664.344
399161.109,6187483.820,172.582,4665.344
399160.183,6187484.190,172.573,4666.344
399159.257,6187484.570,172.564,4667.343
399158.331,6187484.950,172.554,4668.343
399157.405,6187485.330,172.545,4669.343
399156.479,6187485.700,172.536,4670.343
399155.551,6187486.070,172.526,4671.343
399154.623,6187486.450,172.516,4672.343
399153.696,6187486.820,172.506,4673.343
399152.768,6187487.190,172.495,4674.342
399151.841,6187487.570,172.485,4675.342
399150.913,6187487.940,172.475,4676.342
399149.986,6187488.320,172.465,4677.342
399149.058,6187488.690,172.455,4678.342
399148.131,6187489.060,172.445,4679.342
399147.203,6187489.430,172.434,4680.342
399146.275,6187489.810,172.424,4681.341
399145.348,6187490.180,172.413,4682.341
399144.420,6187490.550,172.402,4683.341
399143.493,6187490.930,172.392,4684.341
399142.565,6187491.300,172.381,4685.341
399141.637,6187491.670,172.371,4686.341
399140.710,6187492.050,172.360,4687.341
399139.782,6187492.420,172.349,4688.340
399138.856,6187492.800,172.338,4689.340
399137.929,6187493.170,172.327,4690.340
399137.003,6187493.550,172.316,4691.340
399136.076,6187493.920,172.305,4692.340
399135.149,6187494.300,172.294,4693.340
399134.223,6187494.680,172.283,4694.340
399133.296,6187495.050,172.272,4695.340
399132.370,6187495.430,172.260,4696.339
399131.443,6187495.800,172.249,4697.339
399130.517,6187496.180,172.238,4698.339
399129.591,6187496.560,172.227,4699.339
399128.665,6187496.930,172.215,4700.339
399127.738,6187497.310,172.204,4701.339
399126.812,6187497.690,172.193,4702.339
399125.886,6187498.060,172.181,4703.338
399124.960,6187498.440,172.170,4704.338
399124.034,6187498.820,172.159,4705.338
399123.108,6187499.190,172.148,4706.338
399122.182,6187499.570,172.136,4707.338
399121.256,6187499.950,172.125,4708.338
